,stroke_type,admissions,proportion_of_all_with_ivt,proportion_of_all_with_mt,proportion_of_mt_with_ivt,proportion1_of_all_with_onset_known_ivt,proportion2_of_mask1_with_onset_to_arrival_on_time_ivt,proportion3_of_mask2_with_arrival_to_scan_on_time_ivt,proportion4_of_mask3_with_onset_to_scan_on_time_ivt,proportion5_of_mask4_with_enough_time_to_treat_ivt,proportion6_of_mask5_with_treated_ivt,lognorm_mu_onset_arrival_mins_ivt,lognorm_sigma_onset_arrival_mins_ivt,lognorm_mu_arrival_scan_arrival_mins_ivt,lognorm_sigma_arrival_scan_arrival_mins_ivt,lognorm_mu_scan_needle_mins_ivt,lognorm_sigma_scan_needle_mins_ivt,proportion1_of_all_with_onset_known_mt,proportion2_of_mask1_with_onset_to_arrival_on_time_mt,proportion3_of_mask2_with_arrival_to_scan_on_time_mt,proportion4_of_mask3_with_onset_to_scan_on_time_mt,proportion5_of_mask4_with_enough_time_to_treat_mt,proportion6_of_mask5_with_treated_mt,lognorm_mu_onset_arrival_mins_mt,lognorm_sigma_onset_arrival_mins_mt,lognorm_mu_arrival_scan_arrival_mins_mt,lognorm_sigma_arrival_scan_arrival_mins_mt,lognorm_mu_scan_puncture_mins_mt,lognorm_sigma_scan_puncture_mins_mt,proportion_of_all_with_mask6_and_ivt,proportion_of_all_with_mask6_and_mt,stroke_team,scenario
1 / lvo / base,lvo,153.0,0.323529,0.189542,0.672414,0.614379,0.824468,0.993548,0.980519,1.0,0.602649,4.482154,0.429048,3.15515,0.662868,3.160676,0.863238,0.614379,0.909574,1.0,0.988304,1.0,0.325444,4.59117,0.532134,3.095801,0.850953,4.84429,0.473707,0.297385,0.179739,1,base
1 / nlvo / base,nlvo,728.0,0.088599,0.011676,0.529412,0.484203,0.547518,0.943005,0.840659,1.0,0.362745,4.633735,0.49954,3.479407,0.958914,3.176399,1.060874,0.484203,0.635461,0.966518,0.921478,1.0,0.032581,4.781241,0.593924,3.470995,1.137795,5.098082,0.632573,0.076236,0.008928,1,base
1 / other / base,other,101.5,0.0,0.0,,0.522167,0.688679,0.917808,0.880597,1.0,0.0,4.575809,0.489892,3.460899,0.767281,,,0.522167,0.820755,0.965517,0.904762,1.0,0.0,4.74919,0.60222,3.55556,0.979549,,,0.0,0.0,1,base
1 / mixed / base,mixed,982.5,0.116031,0.038168,0.64,0.508397,0.614615,0.952769,0.882051,1.0,0.391473,4.588583,0.485106,3.391928,0.879373,3.169316,0.974497,0.508397,0.706707,0.974504,0.936047,1.0,0.10559,4.731255,0.585291,3.388066,1.066862,4.892809,0.51248,0.102799,0.034606,1,base
1 / lvo / benchmark,lvo,153.0,0.375817,0.179739,0.672414,0.614379,0.824468,0.993548,0.980519,1.0,0.761589,4.482154,0.429048,3.15515,0.662868,3.160676,0.863238,0.614379,0.909574,1.0,0.988304,1.0,0.325444,4.59117,0.532134,3.095801,0.850953,4.84429,0.473707,0.375817,0.179739,1,benchmark
1 / nlvo / benchmark,nlvo,728.0,0.108585,0.008928,0.529412,0.484203,0.547518,0.943005,0.840659,1.0,0.516667,4.633735,0.49954,3.479407,0.958914,3.176399,1.060874,0.484203,0.635461,0.966518,0.921478,1.0,0.032581,4.781241,0.593924,3.470995,1.137795,5.098082,0.632573,0.108585,0.008928,1,benchmark
1 / other / benchmark,other,101.5,0.0,0.0,,0.522167,0.688679,0.917808,0.880597,1.0,0.0,4.575809,0.489892,3.460899,0.767281,,,0.522167,0.820755,0.965517,0.904762,1.0,0.0,4.74919,0.60222,3.55556,0.979549,,,0.0,0.0,1,benchmark
1 / mixed / benchmark,mixed,982.5,0.139949,0.034606,0.64,0.508397,0.614615,0.952769,0.882051,1.0,0.532946,4.588583,0.485106,3.391928,0.879373,3.169316,0.974497,0.508397,0.706707,0.974504,0.936047,1.0,0.10559,4.731255,0.585291,3.388066,1.066862,4.892809,0.51248,0.139949,0.034606,1,benchmark
1 / lvo / onset,lvo,153.0,0.401209,0.242489,0.672414,0.828872,0.824468,0.993548,0.980519,1.0,0.602649,4.482154,0.429048,3.15515,0.662868,3.160676,0.863238,0.828872,0.909574,1.0,0.988304,1.0,0.325444,4.59117,0.532134,3.095801,0.850953,4.84429,0.473707,0.401209,0.242489,1,onset
1 / nlvo / onset,nlvo,728.0,0.119963,0.014049,0.529412,0.761925,0.547518,0.943005,0.840659,1.0,0.362745,4.633735,0.49954,3.479407,0.958914,3.176399,1.060874,0.761925,0.635461,0.966518,0.921478,1.0,0.032581,4.781241,0.593924,3.470995,1.137795,5.098082,0.632573,0.119963,0.014049,1,onset
1 / other / onset,other,101.5,0.0,0.0,,0.785804,0.688679,0.917808,0.880597,1.0,0.0,4.575809,0.489892,3.460899,0.767281,,,0.785804,0.820755,0.965517,0.904762,1.0,0.0,4.74919,0.60222,3.55556,0.979549,,,0.0,0.0,1,onset
1 / mixed / onset,mixed,982.5,0.158487,0.053352,0.64,0.783802,0.614615,0.952769,0.882051,1.0,0.391473,4.588583,0.485106,3.391928,0.879373,3.169316,0.974497,0.783802,0.706707,0.974504,0.936047,1.0,0.10559,4.731255,0.585291,3.388066,1.066862,4.892809,0.51248,0.158487,0.053352,1,onset
1 / lvo / speed,lvo,153.0,0.284351,0.170752,0.672414,0.614379,0.824468,0.95,0.980519,1.0,0.602649,4.482154,0.429048,2.70805,0.0,3.160676,0.863238,0.614379,0.909574,0.95,0.988304,1.0,0.325444,4.59117,0.532134,2.70805,0.0,4.84429,0.473707,0.284351,0.170752,1,speed
1 / nlvo / speed,nlvo,728.0,0.076802,0.008776,0.529412,0.484203,0.547518,0.95,0.840659,1.0,0.362745,4.633735,0.49954,2.70805,0.0,3.176399,1.060874,0.484203,0.635461,0.95,0.921478,1.0,0.032581,4.781241,0.593924,2.70805,0.0,5.098082,0.632573,0.076802,0.008776,1,speed
1 / other / speed,other,101.5,0.0,0.0,,0.522167,0.688679,0.95,0.880597,1.0,0.0,4.575809,0.489892,2.70805,0.0,,,0.522167,0.820755,0.95,0.904762,1.0,0.0,4.74919,0.60222,2.70805,0.0,,,0.0,0.0,1,speed
1 / mixed / speed,mixed,982.5,0.1025,0.033735,0.64,0.508397,0.614615,0.95,0.882051,1.0,0.391473,4.588583,0.485106,2.70805,0.0,3.169316,0.974497,0.508397,0.706707,0.95,0.936047,1.0,0.10559,4.731255,0.585291,2.70805,0.0,4.892809,0.51248,0.1025,0.033735,1,speed
1 / lvo / onset + benchmark,lvo,153.0,0.507022,0.242489,0.672414,0.828872,0.824468,0.993548,0.980519,1.0,0.761589,4.482154,0.429048,3.15515,0.662868,3.160676,0.863238,0.828872,0.909574,1.0,0.988304,1.0,0.325444,4.59117,0.532134,3.095801,0.850953,4.84429,0.473707,0.507022,0.242489,1,onset + benchmark
1 / nlvo / onset + benchmark,nlvo,728.0,0.170866,0.014049,0.529412,0.761925,0.547518,0.943005,0.840659,1.0,0.516667,4.633735,0.49954,3.479407,0.958914,3.176399,1.060874,0.761925,0.635461,0.966518,0.921478,1.0,0.032581,4.781241,0.593924,3.470995,1.137795,5.098082,0.632573,0.170866,0.014049,1,onset + benchmark
1 / other / onset + benchmark,other,101.5,0.0,0.0,,0.785804,0.688679,0.917808,0.880597,1.0,0.0,4.575809,0.489892,3.460899,0.767281,,,0.785804,0.820755,0.965517,0.904762,1.0,0.0,4.74919,0.60222,3.55556,0.979549,,,0.0,0.0,1,onset + benchmark
1 / mixed / onset + benchmark,mixed,982.5,0.215761,0.053352,0.64,0.783802,0.614615,0.952769,0.882051,1.0,0.532946,4.588583,0.485106,3.391928,0.879373,3.169316,0.974497,0.783802,0.706707,0.974504,0.936047,1.0,0.10559,4.731255,0.585291,3.388066,1.066862,4.892809,0.51248,0.215761,0.053352,1,onset + benchmark
1 / lvo / speed + benchmark,lvo,153.0,0.359344,0.170752,0.672414,0.614379,0.824468,0.95,0.980519,1.0,0.761589,4.482154,0.429048,2.70805,0.0,3.160676,0.863238,0.614379,0.909574,0.95,0.988304,1.0,0.325444,4.59117,0.532134,2.70805,0.0,4.84429,0.473707,0.359344,0.170752,1,speed + benchmark
1 / nlvo / speed + benchmark,nlvo,728.0,0.109391,0.008776,0.529412,0.484203,0.547518,0.95,0.840659,1.0,0.516667,4.633735,0.49954,2.70805,0.0,3.176399,1.060874,0.484203,0.635461,0.95,0.921478,1.0,0.032581,4.781241,0.593924,2.70805,0.0,5.098082,0.632573,0.109391,0.008776,1,speed + benchmark
1 / other / speed + benchmark,other,101.5,0.0,0.0,,0.522167,0.688679,0.95,0.880597,1.0,0.0,4.575809,0.489892,2.70805,0.0,,,0.522167,0.820755,0.95,0.904762,1.0,0.0,4.74919,0.60222,2.70805,0.0,,,0.0,0.0,1,speed + benchmark
1 / mixed / speed + benchmark,mixed,982.5,0.139542,0.033735,0.64,0.508397,0.614615,0.95,0.882051,1.0,0.532946,4.588583,0.485106,2.70805,0.0,3.169316,0.974497,0.508397,0.706707,0.95,0.936047,1.0,0.10559,4.731255,0.585291,2.70805,0.0,4.892809,0.51248,0.139542,0.033735,1,speed + benchmark
1 / lvo / speed + onset,lvo,153.0,0.383624,0.230365,0.672414,0.828872,0.824468,0.95,0.980519,1.0,0.602649,4.482154,0.429048,2.70805,0.0,3.160676,0.863238,0.828872,0.909574,0.95,0.988304,1.0,0.325444,4.59117,0.532134,2.70805,0.0,4.84429,0.473707,0.383624,0.230365,1,speed + onset
1 / nlvo / speed + onset,nlvo,728.0,0.120852,0.013809,0.529412,0.761925,0.547518,0.95,0.840659,1.0,0.362745,4.633735,0.49954,2.70805,0.0,3.176399,1.060874,0.761925,0.635461,0.95,0.921478,1.0,0.032581,4.781241,0.593924,2.70805,0.0,5.098082,0.632573,0.120852,0.013809,1,speed + onset
1 / other / speed + onset,other,101.5,0.0,0.0,,0.785804,0.688679,0.95,0.880597,1.0,0.0,4.575809,0.489892,2.70805,0.0,,,0.785804,0.820755,0.95,0.904762,1.0,0.0,4.74919,0.60222,2.70805,0.0,,,0.0,0.0,1,speed + onset
1 / mixed / speed + onset,mixed,982.5,0.158026,0.05201,0.64,0.783802,0.614615,0.95,0.882051,1.0,0.391473,4.588583,0.485106,2.70805,0.0,3.169316,0.974497,0.783802,0.706707,0.95,0.936047,1.0,0.10559,4.731255,0.585291,2.70805,0.0,4.892809,0.51248,0.158026,0.05201,1,speed + onset
1 / lvo / speed + onset + benchmark,lvo,153.0,0.484799,0.230365,0.672414,0.828872,0.824468,0.95,0.980519,1.0,0.761589,4.482154,0.429048,2.70805,0.0,3.160676,0.863238,0.828872,0.909574,0.95,0.988304,1.0,0.325444,4.59117,0.532134,2.70805,0.0,4.84429,0.473707,0.484799,0.230365,1,speed + onset + benchmark
1 / nlvo / speed + onset + benchmark,nlvo,728.0,0.172133,0.013809,0.529412,0.761925,0.547518,0.95,0.840659,1.0,0.516667,4.633735,0.49954,2.70805,0.0,3.176399,1.060874,0.761925,0.635461,0.95,0.921478,1.0,0.032581,4.781241,0.593924,2.70805,0.0,5.098082,0.632573,0.172133,0.013809,1,speed + onset + benchmark
1 / other / speed + onset + benchmark,other,101.5,0.0,0.0,,0.785804,0.688679,0.95,0.880597,1.0,0.0,4.575809,0.489892,2.70805,0.0,,,0.785804,0.820755,0.95,0.904762,1.0,0.0,4.74919,0.60222,2.70805,0.0,,,0.0,0.0,1,speed + onset + benchmark
1 / mixed / speed + onset + benchmark,mixed,982.5,0.215134,0.05201,0.64,0.783802,0.614615,0.95,0.882051,1.0,0.532946,4.588583,0.485106,2.70805,0.0,3.169316,0.974497,0.783802,0.706707,0.95,0.936047,1.0,0.10559,4.731255,0.585291,2.70805,0.0,4.892809,0.51248,0.215134,0.05201,1,speed + onset + benchmark
2 / lvo / base,lvo,108.0,0.333333,0.00463,1.0,0.74537,0.714286,0.991304,0.973684,1.0,0.63964,4.498344,0.451547,2.897774,0.805825,3.391844,0.500678,0.74537,0.826087,1.0,0.954887,1.0,0.007874,4.659794,0.588026,2.995546,0.860518,,,0.328704,0.00463,2,base
2 / nlvo / base,nlvo,410.0,0.120732,0.00122,0.0,0.609756,0.554,0.935018,0.880309,1.0,0.421053,4.713608,0.464916,3.154636,0.999793,3.385542,0.529436,0.609756,0.672,0.949405,0.909091,1.0,0.0,4.882537,0.560891,3.291249,1.074854,,,0.117073,0.0,2,base
2 / other / base,other,60.0,0.0,0.0,,0.7,0.654762,0.981818,0.907407,1.0,0.0,4.598269,0.432034,3.186641,0.860302,,,0.7,0.797619,0.985075,0.924242,1.0,0.0,4.78947,0.570523,3.235636,0.874942,,,0.0,0.0,2,base
2 / mixed / base,mixed,578.0,0.147924,0.00173,0.5,0.644464,0.6,0.955257,0.908665,1.0,0.430412,4.644036,0.466061,3.090107,0.939852,3.388221,0.515879,0.644464,0.719463,0.966418,0.92278,1.0,0.002092,4.815633,0.575668,3.208239,1.005937,,,0.144464,0.000865,2,base
2 / lvo / benchmark,lvo,108.0,0.342592,0.00463,1.0,0.74537,0.714286,0.991304,0.973684,1.0,0.666667,4.498344,0.451547,2.897774,0.805825,3.391844,0.500678,0.74537,0.826087,1.0,0.954887,1.0,0.007874,4.659794,0.588026,2.995546,0.860518,,,0.342592,0.00463,2,benchmark
2 / nlvo / benchmark,nlvo,410.0,0.123719,0.0,0.0,0.609756,0.554,0.935018,0.880309,1.0,0.444954,4.713608,0.464916,3.154636,0.999793,3.385542,0.529436,0.609756,0.672,0.949405,0.909091,1.0,0.0,4.882537,0.560891,3.291249,1.074854,,,0.123719,0.0,2,benchmark
2 / other / benchmark,other,60.0,0.0,0.0,,0.7,0.654762,0.981818,0.907407,1.0,0.0,4.598269,0.432034,3.186641,0.860302,,,0.7,0.797619,0.985075,0.924242,1.0,0.0,4.78947,0.570523,3.235636,0.874942,,,0.0,0.0,2,benchmark
2 / mixed / benchmark,mixed,578.0,0.156574,0.000865,0.5,0.644464,0.6,0.955257,0.908665,1.0,0.466495,4.644036,0.466061,3.090107,0.939852,3.388221,0.515879,0.644464,0.719463,0.966418,0.92278,1.0,0.002092,4.815633,0.575668,3.208239,1.005937,,,0.156574,0.000865,2,benchmark
2 / lvo / onset,lvo,108.0,0.365528,0.005148,1.0,0.828872,0.714286,0.991304,0.973684,1.0,0.63964,4.498344,0.451547,2.897774,0.805825,3.391844,0.500678,0.828872,0.826087,1.0,0.954887,1.0,0.007874,4.659794,0.588026,2.995546,0.860518,,,0.365528,0.005148,2,onset
2 / nlvo / onset,nlvo,410.0,0.14629,0.0,0.0,0.761925,0.554,0.935018,0.880309,1.0,0.421053,4.713608,0.464916,3.154636,0.999793,3.385542,0.529436,0.761925,0.672,0.949405,0.909091,1.0,0.0,4.882537,0.560891,3.291249,1.074854,,,0.14629,0.0,2,onset
2 / other / onset,other,60.0,0.0,0.0,,0.785804,0.654762,0.981818,0.907407,1.0,0.0,4.598269,0.432034,3.186641,0.860302,,,0.785804,0.797619,0.985075,0.924242,1.0,0.0,4.78947,0.570523,3.235636,0.874942,,,0.0,0.0,2,onset
2 / mixed / onset,mixed,578.0,0.175698,0.001052,0.5,0.783802,0.6,0.955257,0.908665,1.0,0.430412,4.644036,0.466061,3.090107,0.939852,3.388221,0.515879,0.783802,0.719463,0.966418,0.92278,1.0,0.002092,4.815633,0.575668,3.208239,1.005937,,,0.175698,0.001052,2,onset
2 / lvo / speed,lvo,108.0,0.315008,0.004398,1.0,0.74537,0.714286,0.95,0.973684,1.0,0.63964,4.498344,0.451547,2.70805,0.0,3.391844,0.500678,0.74537,0.826087,0.95,0.954887,1.0,0.007874,4.659794,0.588026,2.70805,0.0,,,0.315008,0.004398,2,speed
2 / nlvo / speed,nlvo,410.0,0.118949,0.0,0.0,0.609756,0.554,0.95,0.880309,1.0,0.421053,4.713608,0.464916,2.70805,0.0,3.385542,0.529436,0.609756,0.672,0.95,0.909091,1.0,0.0,4.882537,0.560891,2.70805,0.0,,,0.118949,0.0,2,speed
2 / other / speed,other,60.0,0.0,0.0,,0.7,0.654762,0.95,0.907407,1.0,0.0,4.598269,0.432034,2.70805,0.0,,,0.7,0.797619,0.95,0.924242,1.0,0.0,4.78947,0.570523,2.70805,0.0,,,0.0,0.0,2,speed
2 / mixed / speed,mixed,578.0,0.143669,0.00085,0.5,0.644464,0.6,0.95,0.908665,1.0,0.430412,4.644036,0.466061,2.70805,0.0,3.388221,0.515879,0.644464,0.719463,0.95,0.92278,1.0,0.002092,4.815633,0.575668,2.70805,0.0,,,0.143669,0.00085,2,speed
2 / lvo / onset + benchmark,lvo,108.0,0.380972,0.005148,1.0,0.828872,0.714286,0.991304,0.973684,1.0,0.666667,4.498344,0.451547,2.897774,0.805825,3.391844,0.500678,0.828872,0.826087,1.0,0.954887,1.0,0.007874,4.659794,0.588026,2.995546,0.860518,,,0.380972,0.005148,2,onset + benchmark
2 / nlvo / onset + benchmark,nlvo,410.0,0.154594,0.0,0.0,0.761925,0.554,0.935018,0.880309,1.0,0.444954,4.713608,0.464916,3.154636,0.999793,3.385542,0.529436,0.761925,0.672,0.949405,0.909091,1.0,0.0,4.882537,0.560891,3.291249,1.074854,,,0.154594,0.0,2,onset + benchmark
2 / other / onset + benchmark,other,60.0,0.0,0.0,,0.785804,0.654762,0.981818,0.907407,1.0,0.0,4.598269,0.432034,3.186641,0.860302,,,0.785804,0.797619,0.985075,0.924242,1.0,0.0,4.78947,0.570523,3.235636,0.874942,,,0.0,0.0,2,onset + benchmark
2 / mixed / onset + benchmark,mixed,578.0,0.190427,0.001052,0.5,0.783802,0.6,0.955257,0.908665,1.0,0.466495,4.644036,0.466061,3.090107,0.939852,3.388221,0.515879,0.783802,0.719463,0.966418,0.92278,1.0,0.002092,4.815633,0.575668,3.208239,1.005937,,,0.190427,0.001052,2,onset + benchmark
2 / lvo / speed + benchmark,lvo,108.0,0.328318,0.004398,1.0,0.74537,0.714286,0.95,0.973684,1.0,0.666667,4.498344,0.451547,2.70805,0.0,3.391844,0.500678,0.74537,0.826087,0.95,0.954887,1.0,0.007874,4.659794,0.588026,2.70805,0.0,,,0.328318,0.004398,2,speed + benchmark
2 / nlvo / speed + benchmark,nlvo,410.0,0.125701,0.0,0.0,0.609756,0.554,0.95,0.880309,1.0,0.444954,4.713608,0.464916,2.70805,0.0,3.385542,0.529436,0.609756,0.672,0.95,0.909091,1.0,0.0,4.882537,0.560891,2.70805,0.0,,,0.125701,0.0,2,speed + benchmark
2 / other / speed + benchmark,other,60.0,0.0,0.0,,0.7,0.654762,0.95,0.907407,1.0,0.0,4.598269,0.432034,2.70805,0.0,,,0.7,0.797619,0.95,0.924242,1.0,0.0,4.78947,0.570523,2.70805,0.0,,,0.0,0.0,2,speed + benchmark
2 / mixed / speed + benchmark,mixed,578.0,0.155713,0.00085,0.5,0.644464,0.6,0.95,0.908665,1.0,0.466495,4.644036,0.466061,2.70805,0.0,3.388221,0.515879,0.644464,0.719463,0.95,0.92278,1.0,0.002092,4.815633,0.575668,2.70805,0.0,,,0.155713,0.00085,2,speed + benchmark
2 / lvo / speed + onset,lvo,108.0,0.350297,0.004891,1.0,0.828872,0.714286,0.95,0.973684,1.0,0.63964,4.498344,0.451547,2.70805,0.0,3.391844,0.500678,0.828872,0.826087,0.95,0.954887,1.0,0.007874,4.659794,0.588026,2.70805,0.0,,,0.350297,0.004891,2,speed + onset
2 / nlvo / speed + onset,nlvo,410.0,0.148634,0.0,0.0,0.761925,0.554,0.95,0.880309,1.0,0.421053,4.713608,0.464916,2.70805,0.0,3.385542,0.529436,0.761925,0.672,0.95,0.909091,1.0,0.0,4.882537,0.560891,2.70805,0.0,,,0.148634,0.0,2,speed + onset
2 / other / speed + onset,other,60.0,0.0,0.0,,0.785804,0.654762,0.95,0.907407,1.0,0.0,4.598269,0.432034,2.70805,0.0,,,0.785804,0.797619,0.95,0.924242,1.0,0.0,4.78947,0.570523,2.70805,0.0,,,0.0,0.0,2,speed + onset
2 / mixed / speed + onset,mixed,578.0,0.174731,0.001034,0.5,0.783802,0.6,0.95,0.908665,1.0,0.430412,4.644036,0.466061,2.70805,0.0,3.388221,0.515879,0.783802,0.719463,0.95,0.92278,1.0,0.002092,4.815633,0.575668,2.70805,0.0,,,0.174731,0.001034,2,speed + onset
2 / lvo / speed + onset + benchmark,lvo,108.0,0.365098,0.004891,1.0,0.828872,0.714286,0.95,0.973684,1.0,0.666667,4.498344,0.451547,2.70805,0.0,3.391844,0.500678,0.828872,0.826087,0.95,0.954887,1.0,0.007874,4.659794,0.588026,2.70805,0.0,,,0.365098,0.004891,2,speed + onset + benchmark
2 / nlvo / speed + onset + benchmark,nlvo,410.0,0.157071,0.0,0.0,0.761925,0.554,0.95,0.880309,1.0,0.444954,4.713608,0.464916,2.70805,0.0,3.385542,0.529436,0.761925,0.672,0.95,0.909091,1.0,0.0,4.882537,0.560891,2.70805,0.0,,,0.157071,0.0,2,speed + onset + benchmark
2 / other / speed + onset + benchmark,other,60.0,0.0,0.0,,0.785804,0.654762,0.95,0.907407,1.0,0.0,4.598269,0.432034,2.70805,0.0,,,0.785804,0.797619,0.95,0.924242,1.0,0.0,4.78947,0.570523,2.70805,0.0,,,0.0,0.0,2,speed + onset + benchmark
2 / mixed / speed + onset + benchmark,mixed,578.0,0.189379,0.001034,0.5,0.783802,0.6,0.95,0.908665,1.0,0.466495,4.644036,0.466061,2.70805,0.0,3.388221,0.515879,0.783802,0.719463,0.95,0.92278,1.0,0.002092,4.815633,0.575668,2.70805,0.0,,,0.189379,0.001034,2,speed + onset + benchmark
3 / lvo / base,lvo,121.0,0.326446,0.136364,0.545455,0.640496,0.83871,1.0,0.976923,1.0,0.606299,4.510283,0.575657,1.924962,1.111086,3.593177,0.836761,0.640496,0.903226,1.0,0.978571,1.0,0.189781,4.594734,0.633849,1.97419,1.144893,4.228016,0.502568,0.318182,0.107438,3,base
3 / nlvo / base,nlvo,607.0,0.061779,0.001647,0.5,0.460461,0.542039,0.940594,0.870175,1.0,0.28629,4.618252,0.490705,2.54653,1.473954,3.762375,0.645068,0.460461,0.626118,0.974286,0.900293,1.0,0.006515,4.762754,0.587261,2.759821,1.577653,,,0.058484,0.001648,3,base
3 / other / base,other,68.5,0.0,0.0,,0.437956,0.8,0.958333,0.956522,1.0,0.0,4.587773,0.517163,1.935309,1.335016,,,0.437956,0.85,0.980392,0.96,1.0,0.0,4.652081,0.565239,2.069928,1.4656,,,0.0,0.0,3,base
3 / mixed / base,mixed,796.5,0.096673,0.021971,0.542857,0.485876,0.621447,0.95842,0.908894,1.0,0.353222,4.58603,0.518608,2.310261,1.397304,3.674346,0.753216,0.485876,0.698966,0.981516,0.926554,1.0,0.056911,4.708841,0.601212,2.487725,1.507591,4.333596,0.662705,0.092907,0.017577,3,base
3 / lvo / benchmark,lvo,121.0,0.413223,0.107438,0.545455,0.640496,0.83871,1.0,0.976923,1.0,0.787402,4.510283,0.575657,1.924962,1.111086,3.593177,0.836761,0.640496,0.903226,1.0,0.978571,1.0,0.189781,4.594734,0.633849,1.97419,1.144893,4.228016,0.502568,0.413223,0.107438,3,benchmark
3 / nlvo / benchmark,nlvo,607.0,0.0812,0.001648,0.5,0.460461,0.542039,0.940594,0.870175,1.0,0.39749,4.618252,0.490705,2.54653,1.473954,3.762375,0.645068,0.460461,0.626118,0.974286,0.900293,1.0,0.006515,4.762754,0.587261,2.759821,1.577653,,,0.0812,0.001648,3,benchmark
3 / other / benchmark,other,68.5,0.0,0.0,,0.437956,0.8,0.958333,0.956522,1.0,0.0,4.587773,0.517163,1.935309,1.335016,,,0.437956,0.85,0.980392,0.96,1.0,0.0,4.652081,0.565239,2.069928,1.4656,,,0.0,0.0,3,benchmark
3 / mixed / benchmark,mixed,796.5,0.12806,0.017577,0.542857,0.485876,0.621447,0.95842,0.908894,1.0,0.486874,4.58603,0.518608,2.310261,1.397304,3.674346,0.753216,0.485876,0.698966,0.981516,0.926554,1.0,0.056911,4.708841,0.601212,2.487725,1.507591,4.333596,0.662705,0.12806,0.017577,3,benchmark
3 / lvo / onset,lvo,121.0,0.411762,0.139037,0.545455,0.828872,0.83871,1.0,0.976923,1.0,0.606299,4.510283,0.575657,1.924962,1.111086,3.593177,0.836761,0.828872,0.903226,1.0,0.978571,1.0,0.189781,4.594734,0.633849,1.97419,1.144893,4.228016,0.502568,0.411762,0.139037,3,onset
3 / nlvo / onset,nlvo,607.0,0.096774,0.002726,0.5,0.761925,0.542039,0.940594,0.870175,1.0,0.28629,4.618252,0.490705,2.54653,1.473954,3.762375,0.645068,0.761925,0.626118,0.974286,0.900293,1.0,0.006515,4.762754,0.587261,2.759821,1.577653,,,0.096774,0.002726,3,onset
3 / other / onset,other,68.5,0.0,0.0,,0.785804,0.8,0.958333,0.956522,1.0,0.0,4.587773,0.517163,1.935309,1.335016,,,0.785804,0.85,0.980392,0.96,1.0,0.0,4.652081,0.565239,2.069928,1.4656,,,0.0,0.0,3,onset
3 / mixed / onset,mixed,796.5,0.149874,0.028355,0.542857,0.783802,0.621447,0.95842,0.908894,1.0,0.353222,4.58603,0.518608,2.310261,1.397304,3.674346,0.753216,0.783802,0.698966,0.981516,0.926554,1.0,0.056911,4.708841,0.601212,2.487725,1.507591,4.333596,0.662705,0.149874,0.028355,3,onset
3 / lvo / speed,lvo,121.0,0.302273,0.102066,0.545455,0.640496,0.83871,0.95,0.976923,1.0,0.606299,4.510283,0.575657,1.924962,0.0,3.593177,0.836761,0.640496,0.903226,0.95,0.978571,1.0,0.189781,4.594734,0.633849,1.97419,0.0,4.228016,0.502568,0.302273,0.102066,3,speed
3 / nlvo / speed,nlvo,607.0,0.059069,0.001606,0.5,0.460461,0.542039,0.95,0.870175,1.0,0.28629,4.618252,0.490705,2.54653,0.0,3.762375,0.645068,0.460461,0.626118,0.95,0.900293,1.0,0.006515,4.762754,0.587261,2.70805,0.0,,,0.059069,0.001606,3,speed
3 / other / speed,other,68.5,0.0,0.0,,0.437956,0.8,0.95,0.956522,1.0,0.0,4.587773,0.517163,1.935309,0.0,,,0.437956,0.85,0.95,0.96,1.0,0.0,4.652081,0.565239,2.069928,0.0,,,0.0,0.0,3,speed
3 / mixed / speed,mixed,796.5,0.09209,0.017013,0.542857,0.485876,0.621447,0.95,0.908894,1.0,0.353222,4.58603,0.518608,2.310261,0.0,3.674346,0.753216,0.485876,0.698966,0.95,0.926554,1.0,0.056911,4.708841,0.601212,2.487725,0.0,4.333596,0.662705,0.09209,0.017013,3,speed
3 / lvo / onset + benchmark,lvo,121.0,0.534756,0.139037,0.545455,0.828872,0.83871,1.0,0.976923,1.0,0.787402,4.510283,0.575657,1.924962,1.111086,3.593177,0.836761,0.828872,0.903226,1.0,0.978571,1.0,0.189781,4.594734,0.633849,1.97419,1.144893,4.228016,0.502568,0.534756,0.139037,3,onset + benchmark
3 / nlvo / onset + benchmark,nlvo,607.0,0.134362,0.002726,0.5,0.761925,0.542039,0.940594,0.870175,1.0,0.39749,4.618252,0.490705,2.54653,1.473954,3.762375,0.645068,0.761925,0.626118,0.974286,0.900293,1.0,0.006515,4.762754,0.587261,2.759821,1.577653,,,0.134362,0.002726,3,onset + benchmark
3 / other / onset + benchmark,other,68.5,0.0,0.0,,0.785804,0.8,0.958333,0.956522,1.0,0.0,4.587773,0.517163,1.935309,1.335016,,,0.785804,0.85,0.980392,0.96,1.0,0.0,4.652081,0.565239,2.069928,1.4656,,,0.0,0.0,3,onset + benchmark
3 / mixed / onset + benchmark,mixed,796.5,0.206583,0.028355,0.542857,0.783802,0.621447,0.95842,0.908894,1.0,0.486874,4.58603,0.518608,2.310261,1.397304,3.674346,0.753216,0.783802,0.698966,0.981516,0.926554,1.0,0.056911,4.708841,0.601212,2.487725,1.507591,4.333596,0.662705,0.206583,0.028355,3,onset + benchmark
3 / lvo / speed + benchmark,lvo,121.0,0.392562,0.102066,0.545455,0.640496,0.83871,0.95,0.976923,1.0,0.787402,4.510283,0.575657,1.924962,0.0,3.593177,0.836761,0.640496,0.903226,0.95,0.978571,1.0,0.189781,4.594734,0.633849,1.97419,0.0,4.228016,0.502568,0.392562,0.102066,3,speed + benchmark
3 / nlvo / speed + benchmark,nlvo,607.0,0.082012,0.001606,0.5,0.460461,0.542039,0.95,0.870175,1.0,0.39749,4.618252,0.490705,2.54653,0.0,3.762375,0.645068,0.460461,0.626118,0.95,0.900293,1.0,0.006515,4.762754,0.587261,2.70805,0.0,,,0.082012,0.001606,3,speed + benchmark
3 / other / speed + benchmark,other,68.5,0.0,0.0,,0.437956,0.8,0.95,0.956522,1.0,0.0,4.587773,0.517163,1.935309,0.0,,,0.437956,0.85,0.95,0.96,1.0,0.0,4.652081,0.565239,2.069928,0.0,,,0.0,0.0,3,speed + benchmark
3 / mixed / speed + benchmark,mixed,796.5,0.126935,0.017013,0.542857,0.485876,0.621447,0.95,0.908894,1.0,0.486874,4.58603,0.518608,2.310261,0.0,3.674346,0.753216,0.485876,0.698966,0.95,0.926554,1.0,0.056911,4.708841,0.601212,2.487725,0.0,4.333596,0.662705,0.126935,0.017013,3,speed + benchmark
3 / lvo / speed + onset,lvo,121.0,0.391174,0.132085,0.545455,0.828872,0.83871,0.95,0.976923,1.0,0.606299,4.510283,0.575657,1.924962,0.0,3.593177,0.836761,0.828872,0.903226,0.95,0.978571,1.0,0.189781,4.594734,0.633849,1.97419,0.0,4.228016,0.502568,0.391174,0.132085,3,speed + onset
3 / nlvo / speed + onset,nlvo,607.0,0.097742,0.002658,0.5,0.761925,0.542039,0.95,0.870175,1.0,0.28629,4.618252,0.490705,2.54653,0.0,3.762375,0.645068,0.761925,0.626118,0.95,0.900293,1.0,0.006515,4.762754,0.587261,2.70805,0.0,,,0.097742,0.002658,3,speed + onset
3 / other / speed + onset,other,68.5,0.0,0.0,,0.785804,0.8,0.95,0.956522,1.0,0.0,4.587773,0.517163,1.935309,0.0,,,0.785804,0.85,0.95,0.96,1.0,0.0,4.652081,0.565239,2.069928,0.0,,,0.0,0.0,3,speed + onset
3 / mixed / speed + onset,mixed,796.5,0.148558,0.027444,0.542857,0.783802,0.621447,0.95,0.908894,1.0,0.353222,4.58603,0.518608,2.310261,0.0,3.674346,0.753216,0.783802,0.698966,0.95,0.926554,1.0,0.056911,4.708841,0.601212,2.487725,0.0,4.333596,0.662705,0.148558,0.027444,3,speed + onset
3 / lvo / speed + onset + benchmark,lvo,121.0,0.508018,0.132085,0.545455,0.828872,0.83871,0.95,0.976923,1.0,0.787402,4.510283,0.575657,1.924962,0.0,3.593177,0.836761,0.828872,0.903226,0.95,0.978571,1.0,0.189781,4.594734,0.633849,1.97419,0.0,4.228016,0.502568,0.508018,0.132085,3,speed + onset + benchmark
3 / nlvo / speed + onset + benchmark,nlvo,607.0,0.135706,0.002658,0.5,0.761925,0.542039,0.95,0.870175,1.0,0.39749,4.618252,0.490705,2.54653,0.0,3.762375,0.645068,0.761925,0.626118,0.95,0.900293,1.0,0.006515,4.762754,0.587261,2.70805,0.0,,,0.135706,0.002658,3,speed + onset + benchmark
3 / other / speed + onset + benchmark,other,68.5,0.0,0.0,,0.785804,0.8,0.95,0.956522,1.0,0.0,4.587773,0.517163,1.935309,0.0,,,0.785804,0.85,0.95,0.96,1.0,0.0,4.652081,0.565239,2.069928,0.0,,,0.0,0.0,3,speed + onset + benchmark
3 / mixed / speed + onset + benchmark,mixed,796.5,0.204769,0.027444,0.542857,0.783802,0.621447,0.95,0.908894,1.0,0.486874,4.58603,0.518608,2.310261,0.0,3.674346,0.753216,0.783802,0.698966,0.95,0.926554,1.0,0.056911,4.708841,0.601212,2.487725,0.0,4.333596,0.662705,0.204769,0.027444,3,speed + onset + benchmark
4 / lvo / base,lvo,91.0,0.214286,0.0,,0.604396,0.845455,0.978495,1.0,1.0,0.428571,4.570901,0.598048,2.755304,0.750127,3.913018,0.452116,0.604396,0.927273,0.980392,0.96,1.0,0.0,4.672403,0.659688,2.802711,0.741744,,,0.214286,0.0,4,base
4 / nlvo / base,nlvo,322.0,0.040373,0.0,,0.59472,0.634465,0.995885,0.946281,1.0,0.113537,4.623913,0.548603,3.141218,0.740707,3.870013,0.526357,0.59472,0.70235,1.0,0.959108,1.0,0.0,4.723871,0.605719,3.163075,0.760223,,,0.040373,0.0,4,base
4 / other / base,other,59.0,0.0,0.0,,0.567797,0.701493,1.0,0.978723,1.0,0.0,4.566943,0.864871,2.987863,0.841304,,,0.567797,0.776119,1.0,0.980769,1.0,0.0,4.667823,0.879228,3.082852,0.858977,,,0.0,0.0,4,base
4 / mixed / base,mixed,472.0,0.068856,0.0,,0.59322,0.683929,0.992167,0.963158,1.0,0.177596,4.604049,0.60627,3.029834,0.771128,3.895816,0.479627,0.59322,0.755357,0.995272,0.961995,1.0,0.0,4.70457,0.656688,3.067569,0.781431,,,0.068856,0.0,4,base
4 / lvo / benchmark,lvo,91.0,0.335165,0.0,,0.604396,0.845455,0.978495,1.0,1.0,0.67033,4.570901,0.598048,2.755304,0.750127,3.913018,0.452116,0.604396,0.927273,0.980392,0.96,1.0,0.0,4.672403,0.659688,2.802711,0.741744,,,0.335165,0.0,4,benchmark
4 / nlvo / benchmark,nlvo,322.0,0.114809,0.0,,0.59472,0.634465,0.995885,0.946281,1.0,0.32287,4.623913,0.548603,3.141218,0.740707,3.870013,0.526357,0.59472,0.70235,1.0,0.959108,1.0,0.0,4.723871,0.605719,3.163075,0.760223,,,0.114809,0.0,4,benchmark
4 / other / benchmark,other,59.0,0.0,0.0,,0.567797,0.701493,1.0,0.978723,1.0,0.0,4.566943,0.864871,2.987863,0.841304,,,0.567797,0.776119,1.0,0.980769,1.0,0.0,4.667823,0.879228,3.082852,0.858977,,,0.0,0.0,4,benchmark
4 / mixed / benchmark,mixed,472.0,0.143008,0.0,,0.59322,0.683929,0.992167,0.963158,1.0,0.368852,4.604049,0.60627,3.029834,0.771128,3.895816,0.479627,0.59322,0.755357,0.995272,0.961995,1.0,0.0,4.70457,0.656688,3.067569,0.781431,,,0.143008,0.0,4,benchmark
4 / lvo / onset,lvo,91.0,0.293873,0.0,,0.828872,0.845455,0.978495,1.0,1.0,0.428571,4.570901,0.598048,2.755304,0.750127,3.913018,0.452116,0.828872,0.927273,0.980392,0.96,1.0,0.0,4.672403,0.659688,2.802711,0.741744,,,0.293873,0.0,4,onset
4 / nlvo / onset,nlvo,322.0,0.051723,0.0,,0.761925,0.634465,0.995885,0.946281,1.0,0.113537,4.623913,0.548603,3.141218,0.740707,3.870013,0.526357,0.761925,0.70235,1.0,0.959108,1.0,0.0,4.723871,0.605719,3.163075,0.760223,,,0.051723,0.0,4,onset
4 / other / onset,other,59.0,0.0,0.0,,0.785804,0.701493,1.0,0.978723,1.0,0.0,4.566943,0.864871,2.987863,0.841304,,,0.785804,0.776119,1.0,0.980769,1.0,0.0,4.667823,0.879228,3.082852,0.858977,,,0.0,0.0,4,onset
4 / mixed / onset,mixed,472.0,0.090977,0.0,,0.783802,0.683929,0.992167,0.963158,1.0,0.177596,4.604049,0.60627,3.029834,0.771128,3.895816,0.479627,0.783802,0.755357,0.995272,0.961995,1.0,0.0,4.70457,0.656688,3.067569,0.781431,,,0.090977,0.0,4,onset
4 / lvo / speed,lvo,91.0,0.208046,0.0,,0.604396,0.845455,0.95,1.0,1.0,0.428571,4.570901,0.598048,2.70805,0.0,3.913018,0.452116,0.604396,0.927273,0.95,0.96,1.0,0.0,4.672403,0.659688,2.70805,0.0,,,0.208046,0.0,4,speed
4 / nlvo / speed,nlvo,322.0,0.038512,0.0,,0.59472,0.634465,0.95,0.946281,1.0,0.113537,4.623913,0.548603,2.70805,0.0,3.870013,0.526357,0.59472,0.70235,0.95,0.959108,1.0,0.0,4.723871,0.605719,2.70805,0.0,,,0.038512,0.0,4,speed
4 / other / speed,other,59.0,0.0,0.0,,0.567797,0.701493,0.95,0.978723,1.0,0.0,4.566943,0.864871,2.70805,0.0,,,0.567797,0.776119,0.95,0.980769,1.0,0.0,4.667823,0.879228,2.70805,0.0,,,0.0,0.0,4,speed
4 / mixed / speed,mixed,472.0,0.06593,0.0,,0.59322,0.683929,0.95,0.963158,1.0,0.177596,4.604049,0.60627,2.70805,0.0,3.895816,0.479627,0.59322,0.755357,0.95,0.961995,1.0,0.0,4.70457,0.656688,2.70805,0.0,,,0.06593,0.0,4,speed
4 / lvo / onset + benchmark,lvo,91.0,0.459648,0.0,,0.828872,0.845455,0.978495,1.0,1.0,0.67033,4.570901,0.598048,2.755304,0.750127,3.913018,0.452116,0.828872,0.927273,0.980392,0.96,1.0,0.0,4.672403,0.659688,2.802711,0.741744,,,0.459648,0.0,4,onset + benchmark
4 / nlvo / onset + benchmark,nlvo,322.0,0.147088,0.0,,0.761925,0.634465,0.995885,0.946281,1.0,0.32287,4.623913,0.548603,3.141218,0.740707,3.870013,0.526357,0.761925,0.70235,1.0,0.959108,1.0,0.0,4.723871,0.605719,3.163075,0.760223,,,0.147088,0.0,4,onset + benchmark
4 / other / onset + benchmark,other,59.0,0.0,0.0,,0.785804,0.701493,1.0,0.978723,1.0,0.0,4.566943,0.864871,2.987863,0.841304,,,0.785804,0.776119,1.0,0.980769,1.0,0.0,4.667823,0.879228,3.082852,0.858977,,,0.0,0.0,4,onset + benchmark
4 / mixed / onset + benchmark,mixed,472.0,0.188952,0.0,,0.783802,0.683929,0.992167,0.963158,1.0,0.368852,4.604049,0.60627,3.029834,0.771128,3.895816,0.479627,0.783802,0.755357,0.995272,0.961995,1.0,0.0,4.70457,0.656688,3.067569,0.781431,,,0.188952,0.0,4,onset + benchmark
4 / lvo / speed + benchmark,lvo,91.0,0.325405,0.0,,0.604396,0.845455,0.95,1.0,1.0,0.67033,4.570901,0.598048,2.70805,0.0,3.913018,0.452116,0.604396,0.927273,0.95,0.96,1.0,0.0,4.672403,0.659688,2.70805,0.0,,,0.325405,0.0,4,speed + benchmark
4 / nlvo / speed + benchmark,nlvo,322.0,0.10952,0.0,,0.59472,0.634465,0.95,0.946281,1.0,0.32287,4.623913,0.548603,2.70805,0.0,3.870013,0.526357,0.59472,0.70235,0.95,0.959108,1.0,0.0,4.723871,0.605719,2.70805,0.0,,,0.10952,0.0,4,speed + benchmark
4 / other / speed + benchmark,other,59.0,0.0,0.0,,0.567797,0.701493,0.95,0.978723,1.0,0.0,4.566943,0.864871,2.70805,0.0,,,0.567797,0.776119,0.95,0.980769,1.0,0.0,4.667823,0.879228,2.70805,0.0,,,0.0,0.0,4,speed + benchmark
4 / mixed / speed + benchmark,mixed,472.0,0.136931,0.0,,0.59322,0.683929,0.95,0.963158,1.0,0.368852,4.604049,0.60627,2.70805,0.0,3.895816,0.479627,0.59322,0.755357,0.95,0.961995,1.0,0.0,4.70457,0.656688,2.70805,0.0,,,0.136931,0.0,4,speed + benchmark
4 / lvo / speed + onset,lvo,91.0,0.285315,0.0,,0.828872,0.845455,0.95,1.0,1.0,0.428571,4.570901,0.598048,2.70805,0.0,3.913018,0.452116,0.828872,0.927273,0.95,0.96,1.0,0.0,4.672403,0.659688,2.70805,0.0,,,0.285315,0.0,4,speed + onset
4 / nlvo / speed + onset,nlvo,322.0,0.04934,0.0,,0.761925,0.634465,0.95,0.946281,1.0,0.113537,4.623913,0.548603,2.70805,0.0,3.870013,0.526357,0.761925,0.70235,0.95,0.959108,1.0,0.0,4.723871,0.605719,2.70805,0.0,,,0.04934,0.0,4,speed + onset
4 / other / speed + onset,other,59.0,0.0,0.0,,0.785804,0.701493,0.95,0.978723,1.0,0.0,4.566943,0.864871,2.70805,0.0,,,0.785804,0.776119,0.95,0.980769,1.0,0.0,4.667823,0.879228,2.70805,0.0,,,0.0,0.0,4,speed + onset
4 / mixed / speed + onset,mixed,472.0,0.087111,0.0,,0.783802,0.683929,0.95,0.963158,1.0,0.177596,4.604049,0.60627,2.70805,0.0,3.895816,0.479627,0.783802,0.755357,0.95,0.961995,1.0,0.0,4.70457,0.656688,2.70805,0.0,,,0.087111,0.0,4,speed + onset
4 / lvo / speed + onset + benchmark,lvo,91.0,0.446262,0.0,,0.828872,0.845455,0.95,1.0,1.0,0.67033,4.570901,0.598048,2.70805,0.0,3.913018,0.452116,0.828872,0.927273,0.95,0.96,1.0,0.0,4.672403,0.659688,2.70805,0.0,,,0.446262,0.0,4,speed + onset + benchmark
4 / nlvo / speed + onset + benchmark,nlvo,322.0,0.140311,0.0,,0.761925,0.634465,0.95,0.946281,1.0,0.32287,4.623913,0.548603,2.70805,0.0,3.870013,0.526357,0.761925,0.70235,0.95,0.959108,1.0,0.0,4.723871,0.605719,2.70805,0.0,,,0.140311,0.0,4,speed + onset + benchmark
4 / other / speed + onset + benchmark,other,59.0,0.0,0.0,,0.785804,0.701493,0.95,0.978723,1.0,0.0,4.566943,0.864871,2.70805,0.0,,,0.785804,0.776119,0.95,0.980769,1.0,0.0,4.667823,0.879228,2.70805,0.0,,,0.0,0.0,4,speed + onset + benchmark
4 / mixed / speed + onset + benchmark,mixed,472.0,0.180922,0.0,,0.783802,0.683929,0.95,0.963158,1.0,0.368852,4.604049,0.60627,2.70805,0.0,3.895816,0.479627,0.783802,0.755357,0.95,0.961995,1.0,0.0,4.70457,0.656688,2.70805,0.0,,,0.180922,0.0,4,speed + onset + benchmark
5 / lvo / base,lvo,196.5,0.201018,0.05598,0.545455,0.56743,0.717489,0.9625,0.896104,1.0,0.550725,4.558431,0.502574,3.351996,0.88269,3.430125,0.55649,0.56743,0.825112,0.978261,0.861111,1.0,0.090323,4.70729,0.607989,3.524827,0.977614,5.323826,0.88366,0.193384,0.035624,5,base
5 / nlvo / base,nlvo,656.0,0.064787,0.005335,0.571429,0.500762,0.538813,0.898305,0.735849,1.0,0.34188,4.707265,0.459768,3.867637,0.880778,3.435341,0.506101,0.500762,0.675799,0.961712,0.765808,1.0,0.018349,4.904972,0.57042,4.110687,0.95993,,,0.060976,0.004573,5,base
5 / other / base,other,124.5,0.0,0.0,,0.546185,0.735294,0.9,0.8,1.0,0.0,4.539872,0.610217,3.633942,0.908125,,,0.546185,0.823529,0.955357,0.850467,1.0,0.0,4.667483,0.686036,3.843731,1.00208,,,0.0,0.0,5,base
5 / mixed / base,mixed,977.0,0.08393,0.014841,0.551724,0.519959,0.604331,0.915309,0.790036,1.0,0.351351,4.641218,0.503352,3.688916,0.911831,3.4328,0.529529,0.519959,0.728346,0.964865,0.802521,1.0,0.034904,4.819874,0.606883,3.922986,1.00092,5.294136,0.859814,0.079836,0.010235,5,base
5 / lvo / benchmark,lvo,196.5,0.249364,0.035624,0.545455,0.56743,0.717489,0.9625,0.896104,1.0,0.710145,4.558431,0.502574,3.351996,0.88269,3.430125,0.55649,0.56743,0.825112,0.978261,0.861111,1.0,0.090323,4.70729,0.607989,3.524827,0.977614,5.323826,0.88366,0.249364,0.035624,5,benchmark
5 / nlvo / benchmark,nlvo,656.0,0.093576,0.004573,0.571429,0.500762,0.538813,0.898305,0.735849,1.0,0.524664,4.707265,0.459768,3.867637,0.880778,3.435341,0.506101,0.500762,0.675799,0.961712,0.765808,1.0,0.018349,4.904972,0.57042,4.110687,0.95993,,,0.093576,0.004573,5,benchmark
5 / other / benchmark,other,124.5,0.0,0.0,,0.546185,0.735294,0.9,0.8,1.0,0.0,4.539872,0.610217,3.633942,0.908125,,,0.546185,0.823529,0.955357,0.850467,1.0,0.0,4.667483,0.686036,3.843731,1.00208,,,0.0,0.0,5,benchmark
5 / mixed / benchmark,mixed,977.0,0.114125,0.010235,0.551724,0.519959,0.604331,0.915309,0.790036,1.0,0.502252,4.641218,0.503352,3.688916,0.911831,3.4328,0.529529,0.519959,0.728346,0.964865,0.802521,1.0,0.034904,4.819874,0.606883,3.922986,1.00092,5.294136,0.859814,0.114125,0.010235,5,benchmark
5 / lvo / onset,lvo,196.5,0.282486,0.052037,0.545455,0.828872,0.717489,0.9625,0.896104,1.0,0.550725,4.558431,0.502574,3.351996,0.88269,3.430125,0.55649,0.828872,0.825112,0.978261,0.861111,1.0,0.090323,4.70729,0.607989,3.524827,0.977614,5.323826,0.88366,0.282486,0.052037,5,onset
5 / nlvo / onset,nlvo,656.0,0.092776,0.006958,0.571429,0.761925,0.538813,0.898305,0.735849,1.0,0.34188,4.707265,0.459768,3.867637,0.880778,3.435341,0.506101,0.761925,0.675799,0.961712,0.765808,1.0,0.018349,4.904972,0.57042,4.110687,0.95993,,,0.092776,0.006958,5,onset
5 / other / onset,other,124.5,0.0,0.0,,0.785804,0.735294,0.9,0.8,1.0,0.0,4.539872,0.610217,3.633942,0.908125,,,0.785804,0.823529,0.955357,0.850467,1.0,0.0,4.667483,0.686036,3.843731,1.00208,,,0.0,0.0,5,onset
5 / mixed / onset,mixed,977.0,0.120347,0.015429,0.551724,0.783802,0.604331,0.915309,0.790036,1.0,0.351351,4.641218,0.503352,3.688916,0.911831,3.4328,0.529529,0.783802,0.728346,0.964865,0.802521,1.0,0.034904,4.819874,0.606883,3.922986,1.00092,5.294136,0.859814,0.120347,0.015429,5,onset
5 / lvo / speed,lvo,196.5,0.190873,0.034594,0.545455,0.56743,0.717489,0.95,0.896104,1.0,0.550725,4.558431,0.502574,2.70805,0.0,3.430125,0.55649,0.56743,0.825112,0.95,0.861111,1.0,0.090323,4.70729,0.607989,2.70805,0.0,5.323826,0.88366,0.190873,0.034594,5,speed
5 / nlvo / speed,nlvo,656.0,0.064485,0.004518,0.571429,0.500762,0.538813,0.95,0.735849,1.0,0.34188,4.707265,0.459768,2.70805,0.0,3.435341,0.506101,0.500762,0.675799,0.95,0.765808,1.0,0.018349,4.904972,0.57042,2.70805,0.0,,,0.064485,0.004518,5,speed
5 / other / speed,other,124.5,0.0,0.0,,0.546185,0.735294,0.95,0.8,1.0,0.0,4.539872,0.610217,2.70805,0.0,,,0.546185,0.823529,0.95,0.850467,1.0,0.0,4.667483,0.686036,2.70805,0.0,,,0.0,0.0,5,speed
5 / mixed / speed,mixed,977.0,0.082862,0.010078,0.551724,0.519959,0.604331,0.95,0.790036,1.0,0.351351,4.641218,0.503352,2.70805,0.0,3.4328,0.529529,0.519959,0.728346,0.95,0.802521,1.0,0.034904,4.819874,0.606883,2.70805,0.0,5.294136,0.859814,0.082862,0.010078,5,speed
5 / lvo / onset + benchmark,lvo,196.5,0.364258,0.052037,0.545455,0.828872,0.717489,0.9625,0.896104,1.0,0.710145,4.558431,0.502574,3.351996,0.88269,3.430125,0.55649,0.828872,0.825112,0.978261,0.861111,1.0,0.090323,4.70729,0.607989,3.524827,0.977614,5.323826,0.88366,0.364258,0.052037,5,onset + benchmark
5 / nlvo / onset + benchmark,nlvo,656.0,0.142378,0.006958,0.571429,0.761925,0.538813,0.898305,0.735849,1.0,0.524664,4.707265,0.459768,3.867637,0.880778,3.435341,0.506101,0.761925,0.675799,0.961712,0.765808,1.0,0.018349,4.904972,0.57042,4.110687,0.95993,,,0.142378,0.006958,5,onset + benchmark
5 / other / onset + benchmark,other,124.5,0.0,0.0,,0.785804,0.735294,0.9,0.8,1.0,0.0,4.539872,0.610217,3.633942,0.908125,,,0.785804,0.823529,0.955357,0.850467,1.0,0.0,4.667483,0.686036,3.843731,1.00208,,,0.0,0.0,5,onset + benchmark
5 / mixed / onset + benchmark,mixed,977.0,0.172035,0.015429,0.551724,0.783802,0.604331,0.915309,0.790036,1.0,0.502252,4.641218,0.503352,3.688916,0.911831,3.4328,0.529529,0.783802,0.728346,0.964865,0.802521,1.0,0.034904,4.819874,0.606883,3.922986,1.00092,5.294136,0.859814,0.172035,0.015429,5,onset + benchmark
5 / lvo / speed + benchmark,lvo,196.5,0.246125,0.034594,0.545455,0.56743,0.717489,0.95,0.896104,1.0,0.710145,4.558431,0.502574,2.70805,0.0,3.430125,0.55649,0.56743,0.825112,0.95,0.861111,1.0,0.090323,4.70729,0.607989,2.70805,0.0,5.323826,0.88366,0.246125,0.034594,5,speed + benchmark
5 / nlvo / speed + benchmark,nlvo,656.0,0.098961,0.004518,0.571429,0.500762,0.538813,0.95,0.735849,1.0,0.524664,4.707265,0.459768,2.70805,0.0,3.435341,0.506101,0.500762,0.675799,0.95,0.765808,1.0,0.018349,4.904972,0.57042,2.70805,0.0,,,0.098961,0.004518,5,speed + benchmark
5 / other / speed + benchmark,other,124.5,0.0,0.0,,0.546185,0.735294,0.95,0.8,1.0,0.0,4.539872,0.610217,2.70805,0.0,,,0.546185,0.823529,0.95,0.850467,1.0,0.0,4.667483,0.686036,2.70805,0.0,,,0.0,0.0,5,speed + benchmark
5 / mixed / speed + benchmark,mixed,977.0,0.11845,0.010078,0.551724,0.519959,0.604331,0.95,0.790036,1.0,0.502252,4.641218,0.503352,2.70805,0.0,3.4328,0.529529,0.519959,0.728346,0.95,0.802521,1.0,0.034904,4.819874,0.606883,2.70805,0.0,5.294136,0.859814,0.11845,0.010078,5,speed + benchmark
5 / lvo / speed + onset,lvo,196.5,0.278817,0.050534,0.545455,0.828872,0.717489,0.95,0.896104,1.0,0.550725,4.558431,0.502574,2.70805,0.0,3.430125,0.55649,0.828872,0.825112,0.95,0.861111,1.0,0.090323,4.70729,0.607989,2.70805,0.0,5.323826,0.88366,0.278817,0.050534,5,speed + onset
5 / nlvo / speed + onset,nlvo,656.0,0.098115,0.006874,0.571429,0.761925,0.538813,0.95,0.735849,1.0,0.34188,4.707265,0.459768,2.70805,0.0,3.435341,0.506101,0.761925,0.675799,0.95,0.765808,1.0,0.018349,4.904972,0.57042,2.70805,0.0,,,0.098115,0.006874,5,speed + onset
5 / other / speed + onset,other,124.5,0.0,0.0,,0.785804,0.735294,0.95,0.8,1.0,0.0,4.539872,0.610217,2.70805,0.0,,,0.785804,0.823529,0.95,0.850467,1.0,0.0,4.667483,0.686036,2.70805,0.0,,,0.0,0.0,5,speed + onset
5 / mixed / speed + onset,mixed,977.0,0.124909,0.015191,0.551724,0.783802,0.604331,0.95,0.790036,1.0,0.351351,4.641218,0.503352,2.70805,0.0,3.4328,0.529529,0.783802,0.728346,0.95,0.802521,1.0,0.034904,4.819874,0.606883,2.70805,0.0,5.294136,0.859814,0.124909,0.015191,5,speed + onset
5 / lvo / speed + onset + benchmark,lvo,196.5,0.359527,0.050534,0.545455,0.828872,0.717489,0.95,0.896104,1.0,0.710145,4.558431,0.502574,2.70805,0.0,3.430125,0.55649,0.828872,0.825112,0.95,0.861111,1.0,0.090323,4.70729,0.607989,2.70805,0.0,5.323826,0.88366,0.359527,0.050534,5,speed + onset + benchmark
5 / nlvo / speed + onset + benchmark,nlvo,656.0,0.150572,0.006874,0.571429,0.761925,0.538813,0.95,0.735849,1.0,0.524664,4.707265,0.459768,2.70805,0.0,3.435341,0.506101,0.761925,0.675799,0.95,0.765808,1.0,0.018349,4.904972,0.57042,2.70805,0.0,,,0.150572,0.006874,5,speed + onset + benchmark
5 / other / speed + onset + benchmark,other,124.5,0.0,0.0,,0.785804,0.735294,0.95,0.8,1.0,0.0,4.539872,0.610217,2.70805,0.0,,,0.785804,0.823529,0.95,0.850467,1.0,0.0,4.667483,0.686036,2.70805,0.0,,,0.0,0.0,5,speed + onset + benchmark
5 / mixed / speed + onset + benchmark,mixed,977.0,0.178556,0.015191,0.551724,0.783802,0.604331,0.95,0.790036,1.0,0.502252,4.641218,0.503352,2.70805,0.0,3.4328,0.529529,0.783802,0.728346,0.95,0.802521,1.0,0.034904,4.819874,0.606883,2.70805,0.0,5.294136,0.859814,0.178556,0.015191,5,speed + onset + benchmark
6 / lvo / base,lvo,147.5,0.179661,0.166102,0.469388,0.918644,0.512915,0.985612,0.912409,1.0,0.408,4.65824,0.539312,2.968826,0.842425,3.534687,0.55564,0.918644,0.630996,0.994152,0.905882,1.0,0.266234,4.849881,0.630914,3.081606,0.950492,4.68106,0.633198,0.172881,0.138983,6,base
6 / nlvo / base,nlvo,911.0,0.062569,0.015368,0.5,0.896268,0.286589,0.978632,0.882096,1.0,0.277228,4.726943,0.486819,3.261791,0.997199,3.605216,0.474715,0.896268,0.391304,0.989045,0.875,1.0,0.036166,4.980865,0.594567,3.378182,1.118175,4.71706,0.674892,0.061471,0.010977,6,base
6 / other / base,other,117.5,0.0,0.0,,0.889362,0.454545,0.978947,0.88172,1.0,0.0,4.688919,0.59363,3.065091,1.048873,,,0.889362,0.578947,1.0,0.92562,1.0,0.0,4.910893,0.678207,3.133105,1.204548,,,0.0,0.0,6,base
6 / mixed / base,mixed,1176.0,0.071003,0.032738,0.480519,0.898384,0.332229,0.980057,0.888081,1.0,0.266776,4.708193,0.513006,3.176865,0.982057,3.583148,0.500774,0.898384,0.440606,0.991407,0.887324,1.0,0.074481,4.947713,0.614263,3.29143,1.107564,4.692863,0.641731,0.069303,0.025935,6,base
6 / lvo / benchmark,lvo,147.5,0.274576,0.138983,0.469388,0.918644,0.512915,0.985612,0.912409,1.0,0.648,4.65824,0.539312,2.968826,0.842425,3.534687,0.55564,0.918644,0.630996,0.994152,0.905882,1.0,0.266234,4.849881,0.630914,3.081606,0.950492,4.68106,0.633198,0.274576,0.138983,6,benchmark
6 / nlvo / benchmark,nlvo,911.0,0.096553,0.010977,0.5,0.896268,0.286589,0.978632,0.882096,1.0,0.435443,4.726943,0.486819,3.261791,0.997199,3.605216,0.474715,0.896268,0.391304,0.989045,0.875,1.0,0.036166,4.980865,0.594567,3.378182,1.118175,4.71706,0.674892,0.096553,0.010977,6,benchmark
6 / other / benchmark,other,117.5,0.0,0.0,,0.889362,0.454545,0.978947,0.88172,1.0,0.0,4.688919,0.59363,3.065091,1.048873,,,0.889362,0.578947,1.0,0.92562,1.0,0.0,4.910893,0.678207,3.133105,1.204548,,,0.0,0.0,6,benchmark
6 / mixed / benchmark,mixed,1176.0,0.110119,0.025935,0.480519,0.898384,0.332229,0.980057,0.888081,1.0,0.423895,4.708193,0.513006,3.176865,0.982057,3.583148,0.500774,0.898384,0.440606,0.991407,0.887324,1.0,0.074481,4.947713,0.614263,3.29143,1.107564,4.692863,0.641731,0.110119,0.025935,6,benchmark
6 / lvo / onset,lvo,147.5,0.172881,0.138983,0.469388,0.918644,0.512915,0.985612,0.912409,1.0,0.408,4.65824,0.539312,2.968826,0.842425,3.534687,0.55564,0.918644,0.630996,0.994152,0.905882,1.0,0.266234,4.849881,0.630914,3.081606,0.950492,4.68106,0.633198,0.172881,0.138983,6,onset
6 / nlvo / onset,nlvo,911.0,0.061471,0.010977,0.5,0.896268,0.286589,0.978632,0.882096,1.0,0.277228,4.726943,0.486819,3.261791,0.997199,3.605216,0.474715,0.896268,0.391304,0.989045,0.875,1.0,0.036166,4.980865,0.594567,3.378182,1.118175,4.71706,0.674892,0.061471,0.010977,6,onset
6 / other / onset,other,117.5,0.0,0.0,,0.889362,0.454545,0.978947,0.88172,1.0,0.0,4.688919,0.59363,3.065091,1.048873,,,0.889362,0.578947,1.0,0.92562,1.0,0.0,4.910893,0.678207,3.133105,1.204548,,,0.0,0.0,6,onset
6 / mixed / onset,mixed,1176.0,0.069303,0.025935,0.480519,0.898384,0.332229,0.980057,0.888081,1.0,0.266776,4.708193,0.513006,3.176865,0.982057,3.583148,0.500774,0.898384,0.440606,0.991407,0.887324,1.0,0.074481,4.947713,0.614263,3.29143,1.107564,4.692863,0.641731,0.069303,0.025935,6,onset
6 / lvo / speed,lvo,147.5,0.166635,0.132811,0.469388,0.918644,0.512915,0.95,0.912409,1.0,0.408,4.65824,0.539312,2.70805,0.0,3.534687,0.55564,0.918644,0.630996,0.95,0.905882,1.0,0.266234,4.849881,0.630914,2.70805,0.0,4.68106,0.633198,0.166635,0.132811,6,speed
6 / nlvo / speed,nlvo,911.0,0.059672,0.010543,0.5,0.896268,0.286589,0.95,0.882096,1.0,0.277228,4.726943,0.486819,2.70805,0.0,3.605216,0.474715,0.896268,0.391304,0.95,0.875,1.0,0.036166,4.980865,0.594567,2.70805,0.0,4.71706,0.674892,0.059672,0.010543,6,speed
6 / other / speed,other,117.5,0.0,0.0,,0.889362,0.454545,0.95,0.88172,1.0,0.0,4.688919,0.59363,2.70805,0.0,,,0.889362,0.578947,0.95,0.92562,1.0,0.0,4.910893,0.678207,2.70805,0.0,,,0.0,0.0,6,speed
6 / mixed / speed,mixed,1176.0,0.067177,0.024852,0.480519,0.898384,0.332229,0.95,0.888081,1.0,0.266776,4.708193,0.513006,2.70805,0.0,3.583148,0.500774,0.898384,0.440606,0.95,0.887324,1.0,0.074481,4.947713,0.614263,2.70805,0.0,4.692863,0.641731,0.067177,0.024852,6,speed
6 / lvo / onset + benchmark,lvo,147.5,0.274576,0.138983,0.469388,0.918644,0.512915,0.985612,0.912409,1.0,0.648,4.65824,0.539312,2.968826,0.842425,3.534687,0.55564,0.918644,0.630996,0.994152,0.905882,1.0,0.266234,4.849881,0.630914,3.081606,0.950492,4.68106,0.633198,0.274576,0.138983,6,onset + benchmark
6 / nlvo / onset + benchmark,nlvo,911.0,0.096553,0.010977,0.5,0.896268,0.286589,0.978632,0.882096,1.0,0.435443,4.726943,0.486819,3.261791,0.997199,3.605216,0.474715,0.896268,0.391304,0.989045,0.875,1.0,0.036166,4.980865,0.594567,3.378182,1.118175,4.71706,0.674892,0.096553,0.010977,6,onset + benchmark
6 / other / onset + benchmark,other,117.5,0.0,0.0,,0.889362,0.454545,0.978947,0.88172,1.0,0.0,4.688919,0.59363,3.065091,1.048873,,,0.889362,0.578947,1.0,0.92562,1.0,0.0,4.910893,0.678207,3.133105,1.204548,,,0.0,0.0,6,onset + benchmark
6 / mixed / onset + benchmark,mixed,1176.0,0.110119,0.025935,0.480519,0.898384,0.332229,0.980057,0.888081,1.0,0.423895,4.708193,0.513006,3.176865,0.982057,3.583148,0.500774,0.898384,0.440606,0.991407,0.887324,1.0,0.074481,4.947713,0.614263,3.29143,1.107564,4.692863,0.641731,0.110119,0.025935,6,onset + benchmark
6 / lvo / speed + benchmark,lvo,147.5,0.264655,0.132811,0.469388,0.918644,0.512915,0.95,0.912409,1.0,0.648,4.65824,0.539312,2.70805,0.0,3.534687,0.55564,0.918644,0.630996,0.95,0.905882,1.0,0.266234,4.849881,0.630914,2.70805,0.0,4.68106,0.633198,0.264655,0.132811,6,speed + benchmark
6 / nlvo / speed + benchmark,nlvo,911.0,0.093728,0.010543,0.5,0.896268,0.286589,0.95,0.882096,1.0,0.435443,4.726943,0.486819,2.70805,0.0,3.605216,0.474715,0.896268,0.391304,0.95,0.875,1.0,0.036166,4.980865,0.594567,2.70805,0.0,4.71706,0.674892,0.093728,0.010543,6,speed + benchmark
6 / other / speed + benchmark,other,117.5,0.0,0.0,,0.889362,0.454545,0.95,0.88172,1.0,0.0,4.688919,0.59363,2.70805,0.0,,,0.889362,0.578947,0.95,0.92562,1.0,0.0,4.910893,0.678207,2.70805,0.0,,,0.0,0.0,6,speed + benchmark
6 / mixed / speed + benchmark,mixed,1176.0,0.106742,0.024852,0.480519,0.898384,0.332229,0.95,0.888081,1.0,0.423895,4.708193,0.513006,2.70805,0.0,3.583148,0.500774,0.898384,0.440606,0.95,0.887324,1.0,0.074481,4.947713,0.614263,2.70805,0.0,4.692863,0.641731,0.106742,0.024852,6,speed + benchmark
6 / lvo / speed + onset,lvo,147.5,0.166635,0.132811,0.469388,0.918644,0.512915,0.95,0.912409,1.0,0.408,4.65824,0.539312,2.70805,0.0,3.534687,0.55564,0.918644,0.630996,0.95,0.905882,1.0,0.266234,4.849881,0.630914,2.70805,0.0,4.68106,0.633198,0.166635,0.132811,6,speed + onset
6 / nlvo / speed + onset,nlvo,911.0,0.059672,0.010543,0.5,0.896268,0.286589,0.95,0.882096,1.0,0.277228,4.726943,0.486819,2.70805,0.0,3.605216,0.474715,0.896268,0.391304,0.95,0.875,1.0,0.036166,4.980865,0.594567,2.70805,0.0,4.71706,0.674892,0.059672,0.010543,6,speed + onset
6 / other / speed + onset,other,117.5,0.0,0.0,,0.889362,0.454545,0.95,0.88172,1.0,0.0,4.688919,0.59363,2.70805,0.0,,,0.889362,0.578947,0.95,0.92562,1.0,0.0,4.910893,0.678207,2.70805,0.0,,,0.0,0.0,6,speed + onset
6 / mixed / speed + onset,mixed,1176.0,0.067177,0.024852,0.480519,0.898384,0.332229,0.95,0.888081,1.0,0.266776,4.708193,0.513006,2.70805,0.0,3.583148,0.500774,0.898384,0.440606,0.95,0.887324,1.0,0.074481,4.947713,0.614263,2.70805,0.0,4.692863,0.641731,0.067177,0.024852,6,speed + onset
6 / lvo / speed + onset + benchmark,lvo,147.5,0.264655,0.132811,0.469388,0.918644,0.512915,0.95,0.912409,1.0,0.648,4.65824,0.539312,2.70805,0.0,3.534687,0.55564,0.918644,0.630996,0.95,0.905882,1.0,0.266234,4.849881,0.630914,2.70805,0.0,4.68106,0.633198,0.264655,0.132811,6,speed + onset + benchmark
6 / nlvo / speed + onset + benchmark,nlvo,911.0,0.093728,0.010543,0.5,0.896268,0.286589,0.95,0.882096,1.0,0.435443,4.726943,0.486819,2.70805,0.0,3.605216,0.474715,0.896268,0.391304,0.95,0.875,1.0,0.036166,4.980865,0.594567,2.70805,0.0,4.71706,0.674892,0.093728,0.010543,6,speed + onset + benchmark
6 / other / speed + onset + benchmark,other,117.5,0.0,0.0,,0.889362,0.454545,0.95,0.88172,1.0,0.0,4.688919,0.59363,2.70805,0.0,,,0.889362,0.578947,0.95,0.92562,1.0,0.0,4.910893,0.678207,2.70805,0.0,,,0.0,0.0,6,speed + onset + benchmark
6 / mixed / speed + onset + benchmark,mixed,1176.0,0.106742,0.024852,0.480519,0.898384,0.332229,0.95,0.888081,1.0,0.423895,4.708193,0.513006,2.70805,0.0,3.583148,0.500774,0.898384,0.440606,0.95,0.887324,1.0,0.074481,4.947713,0.614263,2.70805,0.0,4.692863,0.641731,0.106742,0.024852,6,speed + onset + benchmark
7 / lvo / base,lvo,133.0,0.308271,0.033835,0.777778,0.736842,0.755102,0.97973,0.944828,1.0,0.583942,4.700134,0.421862,2.317173,1.392607,3.291681,0.494012,0.736842,0.831633,1.0,0.92638,1.0,0.059603,4.792997,0.497726,2.497787,1.506382,,,0.300752,0.033835,7,base
7 / nlvo / base,nlvo,635.0,0.097638,0.000787,1.0,0.744882,0.451374,0.953162,0.823096,1.0,0.367164,4.780036,0.497669,2.765398,1.612131,3.21759,0.494058,0.744882,0.567653,0.985102,0.862004,1.0,0.002193,4.963241,0.574629,2.996664,1.621873,,,0.09685,0.000787,7,base
7 / other / base,other,99.0,0.0,0.0,,0.631313,0.672,0.952381,0.8625,1.0,0.0,4.642911,0.504617,2.798729,1.468478,,,0.631313,0.736,0.98913,0.934066,1.0,0.0,4.739754,0.576563,2.970774,1.529209,,,0.0,0.0,7,base
7 / mixed / base,mixed,867.0,0.1188,0.005767,0.8,0.730681,0.520126,0.959029,0.856013,1.0,0.375231,4.744613,0.484569,2.666781,1.556072,3.246788,0.49415,0.730681,0.625099,0.988636,0.88378,1.0,0.014451,4.902243,0.56638,2.889802,1.598691,,,0.11707,0.005767,7,base
7 / lvo / benchmark,lvo,133.0,0.379699,0.033835,0.777778,0.736842,0.755102,0.97973,0.944828,1.0,0.737226,4.700134,0.421862,2.317173,1.392607,3.291681,0.494012,0.736842,0.831633,1.0,0.92638,1.0,0.059603,4.792997,0.497726,2.497787,1.506382,,,0.379699,0.033835,7,benchmark
7 / nlvo / benchmark,nlvo,635.0,0.116959,0.000787,1.0,0.744882,0.451374,0.953162,0.823096,1.0,0.443396,4.780036,0.497669,2.765398,1.612131,3.21759,0.494058,0.744882,0.567653,0.985102,0.862004,1.0,0.002193,4.963241,0.574629,2.996664,1.621873,,,0.116959,0.000787,7,benchmark
7 / other / benchmark,other,99.0,0.0,0.0,,0.631313,0.672,0.952381,0.8625,1.0,0.0,4.642911,0.504617,2.798729,1.468478,,,0.631313,0.736,0.98913,0.934066,1.0,0.0,4.739754,0.576563,2.970774,1.529209,,,0.0,0.0,7,benchmark
7 / mixed / benchmark,mixed,867.0,0.145906,0.005767,0.8,0.730681,0.520126,0.959029,0.856013,1.0,0.467652,4.744613,0.484569,2.666781,1.556072,3.246788,0.49415,0.730681,0.625099,0.988636,0.88378,1.0,0.014451,4.902243,0.56638,2.889802,1.598691,,,0.145906,0.005767,7,benchmark
7 / lvo / onset,lvo,133.0,0.338316,0.038061,0.777778,0.828872,0.755102,0.97973,0.944828,1.0,0.583942,4.700134,0.421862,2.317173,1.392607,3.291681,0.494012,0.828872,0.831633,1.0,0.92638,1.0,0.059603,4.792997,0.497726,2.497787,1.506382,,,0.338316,0.038061,7,onset
7 / nlvo / onset,nlvo,635.0,0.099066,0.000805,1.0,0.761925,0.451374,0.953162,0.823096,1.0,0.367164,4.780036,0.497669,2.765398,1.612131,3.21759,0.494058,0.761925,0.567653,0.985102,0.862004,1.0,0.002193,4.963241,0.574629,2.996664,1.621873,,,0.099066,0.000805,7,onset
7 / other / onset,other,99.0,0.0,0.0,,0.785804,0.672,0.952381,0.8625,1.0,0.0,4.642911,0.504617,2.798729,1.468478,,,0.785804,0.736,0.98913,0.934066,1.0,0.0,4.739754,0.576563,2.970774,1.529209,,,0.0,0.0,7,onset
7 / mixed / onset,mixed,867.0,0.125581,0.006186,0.8,0.783802,0.520126,0.959029,0.856013,1.0,0.375231,4.744613,0.484569,2.666781,1.556072,3.246788,0.49415,0.783802,0.625099,0.988636,0.88378,1.0,0.014451,4.902243,0.56638,2.889802,1.598691,,,0.125581,0.006186,7,onset
7 / lvo / speed,lvo,133.0,0.291626,0.032143,0.777778,0.736842,0.755102,0.95,0.944828,1.0,0.583942,4.700134,0.421862,2.317173,0.0,3.291681,0.494012,0.736842,0.831633,0.95,0.92638,1.0,0.059603,4.792997,0.497726,2.497787,0.0,,,0.291626,0.032143,7,speed
7 / nlvo / speed,nlvo,635.0,0.096529,0.000759,1.0,0.744882,0.451374,0.95,0.823096,1.0,0.367164,4.780036,0.497669,2.70805,0.0,3.21759,0.494058,0.744882,0.567653,0.95,0.862004,1.0,0.002193,4.963241,0.574629,2.70805,0.0,,,0.096529,0.000759,7,speed
7 / other / speed,other,99.0,0.0,0.0,,0.631313,0.672,0.95,0.8625,1.0,0.0,4.642911,0.504617,2.70805,0.0,,,0.631313,0.736,0.95,0.934066,1.0,0.0,4.739754,0.576563,2.70805,0.0,,,0.0,0.0,7,speed
7 / mixed / speed,mixed,867.0,0.115968,0.005542,0.8,0.730681,0.520126,0.95,0.856013,1.0,0.375231,4.744613,0.484569,2.666781,0.0,3.246788,0.49415,0.730681,0.625099,0.95,0.88378,1.0,0.014451,4.902243,0.56638,2.70805,0.0,,,0.115968,0.005542,7,speed
7 / lvo / onset + benchmark,lvo,133.0,0.427123,0.038061,0.777778,0.828872,0.755102,0.97973,0.944828,1.0,0.737226,4.700134,0.421862,2.317173,1.392607,3.291681,0.494012,0.828872,0.831633,1.0,0.92638,1.0,0.059603,4.792997,0.497726,2.497787,1.506382,,,0.427123,0.038061,7,onset + benchmark
7 / nlvo / onset + benchmark,nlvo,635.0,0.119635,0.000805,1.0,0.761925,0.451374,0.953162,0.823096,1.0,0.443396,4.780036,0.497669,2.765398,1.612131,3.21759,0.494058,0.761925,0.567653,0.985102,0.862004,1.0,0.002193,4.963241,0.574629,2.996664,1.621873,,,0.119635,0.000805,7,onset + benchmark
7 / other / onset + benchmark,other,99.0,0.0,0.0,,0.785804,0.672,0.952381,0.8625,1.0,0.0,4.642911,0.504617,2.798729,1.468478,,,0.785804,0.736,0.98913,0.934066,1.0,0.0,4.739754,0.576563,2.970774,1.529209,,,0.0,0.0,7,onset + benchmark
7 / mixed / onset + benchmark,mixed,867.0,0.156513,0.006186,0.8,0.783802,0.520126,0.959029,0.856013,1.0,0.467652,4.744613,0.484569,2.666781,1.556072,3.246788,0.49415,0.783802,0.625099,0.988636,0.88378,1.0,0.014451,4.902243,0.56638,2.889802,1.598691,,,0.156513,0.006186,7,onset + benchmark
7 / lvo / speed + benchmark,lvo,133.0,0.368177,0.032143,0.777778,0.736842,0.755102,0.95,0.944828,1.0,0.737226,4.700134,0.421862,2.317173,0.0,3.291681,0.494012,0.736842,0.831633,0.95,0.92638,1.0,0.059603,4.792997,0.497726,2.497787,0.0,,,0.368177,0.032143,7,speed + benchmark
7 / nlvo / speed + benchmark,nlvo,635.0,0.116571,0.000759,1.0,0.744882,0.451374,0.95,0.823096,1.0,0.443396,4.780036,0.497669,2.70805,0.0,3.21759,0.494058,0.744882,0.567653,0.95,0.862004,1.0,0.002193,4.963241,0.574629,2.70805,0.0,,,0.116571,0.000759,7,speed + benchmark
7 / other / speed + benchmark,other,99.0,0.0,0.0,,0.631313,0.672,0.95,0.8625,1.0,0.0,4.642911,0.504617,2.70805,0.0,,,0.631313,0.736,0.95,0.934066,1.0,0.0,4.739754,0.576563,2.70805,0.0,,,0.0,0.0,7,speed + benchmark
7 / mixed / speed + benchmark,mixed,867.0,0.144532,0.005542,0.8,0.730681,0.520126,0.95,0.856013,1.0,0.467652,4.744613,0.484569,2.666781,0.0,3.246788,0.49415,0.730681,0.625099,0.95,0.88378,1.0,0.014451,4.902243,0.56638,2.70805,0.0,,,0.144532,0.005542,7,speed + benchmark
7 / lvo / speed + onset,lvo,133.0,0.328049,0.036158,0.777778,0.828872,0.755102,0.95,0.944828,1.0,0.583942,4.700134,0.421862,2.317173,0.0,3.291681,0.494012,0.828872,0.831633,0.95,0.92638,1.0,0.059603,4.792997,0.497726,2.497787,0.0,,,0.328049,0.036158,7,speed + onset
7 / nlvo / speed + onset,nlvo,635.0,0.098738,0.000777,1.0,0.761925,0.451374,0.95,0.823096,1.0,0.367164,4.780036,0.497669,2.70805,0.0,3.21759,0.494058,0.761925,0.567653,0.95,0.862004,1.0,0.002193,4.963241,0.574629,2.70805,0.0,,,0.098738,0.000777,7,speed + onset
7 / other / speed + onset,other,99.0,0.0,0.0,,0.785804,0.672,0.95,0.8625,1.0,0.0,4.642911,0.504617,2.70805,0.0,,,0.785804,0.736,0.95,0.934066,1.0,0.0,4.739754,0.576563,2.70805,0.0,,,0.0,0.0,7,speed + onset
7 / mixed / speed + onset,mixed,867.0,0.124399,0.005945,0.8,0.783802,0.520126,0.95,0.856013,1.0,0.375231,4.744613,0.484569,2.666781,0.0,3.246788,0.49415,0.783802,0.625099,0.95,0.88378,1.0,0.014451,4.902243,0.56638,2.70805,0.0,,,0.124399,0.005945,7,speed + onset
7 / lvo / speed + onset + benchmark,lvo,133.0,0.414162,0.036158,0.777778,0.828872,0.755102,0.95,0.944828,1.0,0.737226,4.700134,0.421862,2.317173,0.0,3.291681,0.494012,0.828872,0.831633,0.95,0.92638,1.0,0.059603,4.792997,0.497726,2.497787,0.0,,,0.414162,0.036158,7,speed + onset + benchmark
7 / nlvo / speed + onset + benchmark,nlvo,635.0,0.119238,0.000777,1.0,0.761925,0.451374,0.95,0.823096,1.0,0.443396,4.780036,0.497669,2.70805,0.0,3.21759,0.494058,0.761925,0.567653,0.95,0.862004,1.0,0.002193,4.963241,0.574629,2.70805,0.0,,,0.119238,0.000777,7,speed + onset + benchmark
7 / other / speed + onset + benchmark,other,99.0,0.0,0.0,,0.785804,0.672,0.95,0.8625,1.0,0.0,4.642911,0.504617,2.70805,0.0,,,0.785804,0.736,0.95,0.934066,1.0,0.0,4.739754,0.576563,2.70805,0.0,,,0.0,0.0,7,speed + onset + benchmark
7 / mixed / speed + onset + benchmark,mixed,867.0,0.155039,0.005945,0.8,0.783802,0.520126,0.95,0.856013,1.0,0.467652,4.744613,0.484569,2.666781,0.0,3.246788,0.49415,0.783802,0.625099,0.95,0.88378,1.0,0.014451,4.902243,0.56638,2.70805,0.0,,,0.155039,0.005945,7,speed + onset + benchmark
8 / lvo / base,lvo,66.5,0.330827,0.112782,0.8,0.774436,0.737864,1.0,0.973684,1.0,0.581081,4.515562,0.537051,3.17579,0.773332,3.334447,0.521914,0.774436,0.815534,1.0,0.988095,1.0,0.180723,4.625102,0.614043,3.175614,0.842362,5.380736,0.201745,0.323308,0.112782,8,base
8 / nlvo / base,nlvo,381.5,0.129751,0.001311,1.0,0.703801,0.556797,0.976589,0.842466,1.0,0.365854,4.684846,0.480316,3.62385,0.762344,3.513668,0.719549,0.703801,0.670391,0.983333,0.90113,1.0,0.003135,4.855757,0.581096,3.671799,0.873315,,,0.117956,0.001311,8,base
8 / other / base,other,59.0,0.0,0.0,,0.677966,0.75,0.966667,0.896552,1.0,0.0,4.632339,0.4677,3.455911,0.685484,,,0.677966,0.85,0.985294,0.955224,1.0,0.0,4.756201,0.557605,3.542178,0.721741,,,0.0,0.0,8,base
8 / mixed / base,mixed,507.0,0.141026,0.015779,0.8125,0.710059,0.604167,0.97931,0.873239,1.0,0.357527,4.648028,0.491965,3.521049,0.771779,3.455724,0.665463,0.710059,0.711111,0.986328,0.922772,1.0,0.034335,4.804693,0.588805,3.572068,0.867495,5.380105,0.19492,0.131164,0.015779,8,base
8 / lvo / benchmark,lvo,66.5,0.360902,0.112782,0.8,0.774436,0.737864,1.0,0.973684,1.0,0.648649,4.515562,0.537051,3.17579,0.773332,3.334447,0.521914,0.774436,0.815534,1.0,0.988095,1.0,0.180723,4.625102,0.614043,3.175614,0.842362,5.380736,0.201745,0.360902,0.112782,8,benchmark
8 / nlvo / benchmark,nlvo,381.5,0.098477,0.001311,1.0,0.703801,0.556797,0.976589,0.842466,1.0,0.305439,4.684846,0.480316,3.62385,0.762344,3.513668,0.719549,0.703801,0.670391,0.983333,0.90113,1.0,0.003135,4.855757,0.581096,3.671799,0.873315,,,0.098477,0.001311,8,benchmark
8 / other / benchmark,other,59.0,0.0,0.0,,0.677966,0.75,0.966667,0.896552,1.0,0.0,4.632339,0.4677,3.455911,0.685484,,,0.677966,0.85,0.985294,0.955224,1.0,0.0,4.756201,0.557605,3.542178,0.721741,,,0.0,0.0,8,benchmark
8 / mixed / benchmark,mixed,507.0,0.12426,0.015779,0.8125,0.710059,0.604167,0.97931,0.873239,1.0,0.33871,4.648028,0.491965,3.521049,0.771779,3.455724,0.665463,0.710059,0.711111,0.986328,0.922772,1.0,0.034335,4.804693,0.588805,3.572068,0.867495,5.380105,0.19492,0.12426,0.015779,8,benchmark
8 / lvo / onset,lvo,66.5,0.346034,0.12071,0.8,0.828872,0.737864,1.0,0.973684,1.0,0.581081,4.515562,0.537051,3.17579,0.773332,3.334447,0.521914,0.828872,0.815534,1.0,0.988095,1.0,0.180723,4.625102,0.614043,3.175614,0.842362,5.380736,0.201745,0.346034,0.12071,8,onset
8 / nlvo / onset,nlvo,381.5,0.127697,0.001419,1.0,0.761925,0.556797,0.976589,0.842466,1.0,0.365854,4.684846,0.480316,3.62385,0.762344,3.513668,0.719549,0.761925,0.670391,0.983333,0.90113,1.0,0.003135,4.855757,0.581096,3.671799,0.873315,,,0.127697,0.001419,8,onset
8 / other / onset,other,59.0,0.0,0.0,,0.785804,0.75,0.966667,0.896552,1.0,0.0,4.632339,0.4677,3.455911,0.685484,,,0.785804,0.85,0.985294,0.955224,1.0,0.0,4.756201,0.557605,3.542178,0.721741,,,0.0,0.0,8,onset
8 / mixed / onset,mixed,507.0,0.144786,0.017418,0.8125,0.783802,0.604167,0.97931,0.873239,1.0,0.357527,4.648028,0.491965,3.521049,0.771779,3.455724,0.665463,0.783802,0.711111,0.986328,0.922772,1.0,0.034335,4.804693,0.588805,3.572068,0.867495,5.380105,0.19492,0.144786,0.017418,8,onset
8 / lvo / speed,lvo,66.5,0.307143,0.107143,0.8,0.774436,0.737864,0.95,0.973684,1.0,0.581081,4.515562,0.537051,2.70805,0.0,3.334447,0.521914,0.774436,0.815534,0.95,0.988095,1.0,0.180723,4.625102,0.614043,2.70805,0.0,5.380736,0.201745,0.307143,0.107143,8,speed
8 / nlvo / speed,nlvo,381.5,0.114744,0.001266,1.0,0.703801,0.556797,0.95,0.842466,1.0,0.365854,4.684846,0.480316,2.70805,0.0,3.513668,0.719549,0.703801,0.670391,0.95,0.90113,1.0,0.003135,4.855757,0.581096,2.70805,0.0,,,0.114744,0.001266,8,speed
8 / other / speed,other,59.0,0.0,0.0,,0.677966,0.75,0.95,0.896552,1.0,0.0,4.632339,0.4677,2.70805,0.0,,,0.677966,0.85,0.95,0.955224,1.0,0.0,4.756201,0.557605,2.70805,0.0,,,0.0,0.0,8,speed
8 / mixed / speed,mixed,507.0,0.127238,0.015198,0.8125,0.710059,0.604167,0.95,0.873239,1.0,0.357527,4.648028,0.491965,2.70805,0.0,3.455724,0.665463,0.710059,0.711111,0.95,0.922772,1.0,0.034335,4.804693,0.588805,2.70805,0.0,5.380105,0.19492,0.127238,0.015198,8,speed
8 / lvo / onset + benchmark,lvo,66.5,0.38627,0.12071,0.8,0.828872,0.737864,1.0,0.973684,1.0,0.648649,4.515562,0.537051,3.17579,0.773332,3.334447,0.521914,0.828872,0.815534,1.0,0.988095,1.0,0.180723,4.625102,0.614043,3.175614,0.842362,5.380736,0.201745,0.38627,0.12071,8,onset + benchmark
8 / nlvo / onset + benchmark,nlvo,381.5,0.10661,0.001419,1.0,0.761925,0.556797,0.976589,0.842466,1.0,0.305439,4.684846,0.480316,3.62385,0.762344,3.513668,0.719549,0.761925,0.670391,0.983333,0.90113,1.0,0.003135,4.855757,0.581096,3.671799,0.873315,,,0.10661,0.001419,8,onset + benchmark
8 / other / onset + benchmark,other,59.0,0.0,0.0,,0.785804,0.75,0.966667,0.896552,1.0,0.0,4.632339,0.4677,3.455911,0.685484,,,0.785804,0.85,0.985294,0.955224,1.0,0.0,4.756201,0.557605,3.542178,0.721741,,,0.0,0.0,8,onset + benchmark
8 / mixed / onset + benchmark,mixed,507.0,0.137165,0.017418,0.8125,0.783802,0.604167,0.97931,0.873239,1.0,0.33871,4.648028,0.491965,3.521049,0.771779,3.455724,0.665463,0.783802,0.711111,0.986328,0.922772,1.0,0.034335,4.804693,0.588805,3.572068,0.867495,5.380105,0.19492,0.137165,0.017418,8,onset + benchmark
8 / lvo / speed + benchmark,lvo,66.5,0.342857,0.107143,0.8,0.774436,0.737864,0.95,0.973684,1.0,0.648649,4.515562,0.537051,2.70805,0.0,3.334447,0.521914,0.774436,0.815534,0.95,0.988095,1.0,0.180723,4.625102,0.614043,2.70805,0.0,5.380736,0.201745,0.342857,0.107143,8,speed + benchmark
8 / nlvo / speed + benchmark,nlvo,381.5,0.095796,0.001266,1.0,0.703801,0.556797,0.95,0.842466,1.0,0.305439,4.684846,0.480316,2.70805,0.0,3.513668,0.719549,0.703801,0.670391,0.95,0.90113,1.0,0.003135,4.855757,0.581096,2.70805,0.0,,,0.095796,0.001266,8,speed + benchmark
8 / other / speed + benchmark,other,59.0,0.0,0.0,,0.677966,0.75,0.95,0.896552,1.0,0.0,4.632339,0.4677,2.70805,0.0,,,0.677966,0.85,0.95,0.955224,1.0,0.0,4.756201,0.557605,2.70805,0.0,,,0.0,0.0,8,speed + benchmark
8 / mixed / speed + benchmark,mixed,507.0,0.120541,0.015198,0.8125,0.710059,0.604167,0.95,0.873239,1.0,0.33871,4.648028,0.491965,2.70805,0.0,3.455724,0.665463,0.710059,0.711111,0.95,0.922772,1.0,0.034335,4.804693,0.588805,2.70805,0.0,5.380105,0.19492,0.120541,0.015198,8,speed + benchmark
8 / lvo / speed + onset,lvo,66.5,0.328732,0.114674,0.8,0.828872,0.737864,0.95,0.973684,1.0,0.581081,4.515562,0.537051,2.70805,0.0,3.334447,0.521914,0.828872,0.815534,0.95,0.988095,1.0,0.180723,4.625102,0.614043,2.70805,0.0,5.380736,0.201745,0.328732,0.114674,8,speed + onset
8 / nlvo / speed + onset,nlvo,381.5,0.12422,0.001371,1.0,0.761925,0.556797,0.95,0.842466,1.0,0.365854,4.684846,0.480316,2.70805,0.0,3.513668,0.719549,0.761925,0.670391,0.95,0.90113,1.0,0.003135,4.855757,0.581096,2.70805,0.0,,,0.12422,0.001371,8,speed + onset
8 / other / speed + onset,other,59.0,0.0,0.0,,0.785804,0.75,0.95,0.896552,1.0,0.0,4.632339,0.4677,2.70805,0.0,,,0.785804,0.85,0.95,0.955224,1.0,0.0,4.756201,0.557605,2.70805,0.0,,,0.0,0.0,8,speed + onset
8 / mixed / speed + onset,mixed,507.0,0.140452,0.016776,0.8125,0.783802,0.604167,0.95,0.873239,1.0,0.357527,4.648028,0.491965,2.70805,0.0,3.455724,0.665463,0.783802,0.711111,0.95,0.922772,1.0,0.034335,4.804693,0.588805,2.70805,0.0,5.380105,0.19492,0.140452,0.016776,8,speed + onset
8 / lvo / speed + onset + benchmark,lvo,66.5,0.366957,0.114674,0.8,0.828872,0.737864,0.95,0.973684,1.0,0.648649,4.515562,0.537051,2.70805,0.0,3.334447,0.521914,0.828872,0.815534,0.95,0.988095,1.0,0.180723,4.625102,0.614043,2.70805,0.0,5.380736,0.201745,0.366957,0.114674,8,speed + onset + benchmark
8 / nlvo / speed + onset + benchmark,nlvo,381.5,0.103707,0.001371,1.0,0.761925,0.556797,0.95,0.842466,1.0,0.305439,4.684846,0.480316,2.70805,0.0,3.513668,0.719549,0.761925,0.670391,0.95,0.90113,1.0,0.003135,4.855757,0.581096,2.70805,0.0,,,0.103707,0.001371,8,speed + onset + benchmark
8 / other / speed + onset + benchmark,other,59.0,0.0,0.0,,0.785804,0.75,0.95,0.896552,1.0,0.0,4.632339,0.4677,2.70805,0.0,,,0.785804,0.85,0.95,0.955224,1.0,0.0,4.756201,0.557605,2.70805,0.0,,,0.0,0.0,8,speed + onset + benchmark
8 / mixed / speed + onset + benchmark,mixed,507.0,0.13306,0.016776,0.8125,0.783802,0.604167,0.95,0.873239,1.0,0.33871,4.648028,0.491965,2.70805,0.0,3.455724,0.665463,0.783802,0.711111,0.95,0.922772,1.0,0.034335,4.804693,0.588805,2.70805,0.0,5.380105,0.19492,0.13306,0.016776,8,speed + onset + benchmark
9 / lvo / base,lvo,51.0,0.313725,0.019608,1.0,0.990196,0.643564,1.0,0.938462,1.0,0.52459,4.552259,0.514892,3.192266,0.812732,3.57795,0.659653,0.990196,0.762376,0.987013,0.934211,1.0,0.028169,4.723508,0.621283,3.323851,0.856206,,,0.313725,0.019608,9,base
9 / nlvo / base,nlvo,183.0,0.125683,0.0,,0.986339,0.387812,0.971429,0.816176,1.0,0.405405,4.775862,0.513271,3.687001,0.775322,3.905019,0.456077,0.986339,0.479224,0.965318,0.850299,1.0,0.0,4.950407,0.587986,3.8003,0.860853,,,0.122951,0.0,9,base
9 / other / base,other,38.0,0.0,0.0,,0.973684,0.648649,0.895833,0.837209,1.0,0.0,4.770771,0.409733,3.809484,0.760688,,,0.973684,0.72973,0.944444,0.921569,1.0,0.0,4.877826,0.493379,3.868703,0.856521,,,0.0,0.0,9,base
9 / mixed / base,mixed,272.0,0.143382,0.003676,1.0,0.985294,0.472015,0.964427,0.852459,1.0,0.370192,4.717449,0.50342,3.576792,0.814781,3.769094,0.569421,0.985294,0.567164,0.967105,0.884354,1.0,0.007692,4.880043,0.587115,3.689002,0.883156,,,0.141544,0.003676,9,base
9 / lvo / benchmark,lvo,51.0,0.45098,0.019608,1.0,0.990196,0.643564,1.0,0.938462,1.0,0.754098,4.552259,0.514892,3.192266,0.812732,3.57795,0.659653,0.990196,0.762376,0.987013,0.934211,1.0,0.028169,4.723508,0.621283,3.323851,0.856206,,,0.45098,0.019608,9,benchmark
9 / nlvo / benchmark,nlvo,183.0,0.16568,0.0,,0.986339,0.387812,0.971429,0.816176,1.0,0.546296,4.775862,0.513271,3.687001,0.775322,3.905019,0.456077,0.986339,0.479224,0.965318,0.850299,1.0,0.0,4.950407,0.587986,3.8003,0.860853,,,0.16568,0.0,9,benchmark
9 / other / benchmark,other,38.0,0.0,0.0,,0.973684,0.648649,0.895833,0.837209,1.0,0.0,4.770771,0.409733,3.809484,0.760688,,,0.973684,0.72973,0.944444,0.921569,1.0,0.0,4.877826,0.493379,3.868703,0.856521,,,0.0,0.0,9,benchmark
9 / mixed / benchmark,mixed,272.0,0.196691,0.003676,1.0,0.985294,0.472015,0.964427,0.852459,1.0,0.514423,4.717449,0.50342,3.576792,0.814781,3.769094,0.569421,0.985294,0.567164,0.967105,0.884354,1.0,0.007692,4.880043,0.587115,3.689002,0.883156,,,0.196691,0.003676,9,benchmark
9 / lvo / onset,lvo,51.0,0.313725,0.019608,1.0,0.990196,0.643564,1.0,0.938462,1.0,0.52459,4.552259,0.514892,3.192266,0.812732,3.57795,0.659653,0.990196,0.762376,0.987013,0.934211,1.0,0.028169,4.723508,0.621283,3.323851,0.856206,,,0.313725,0.019608,9,onset
9 / nlvo / onset,nlvo,183.0,0.122951,0.0,,0.986339,0.387812,0.971429,0.816176,1.0,0.405405,4.775862,0.513271,3.687001,0.775322,3.905019,0.456077,0.986339,0.479224,0.965318,0.850299,1.0,0.0,4.950407,0.587986,3.8003,0.860853,,,0.122951,0.0,9,onset
9 / other / onset,other,38.0,0.0,0.0,,0.973684,0.648649,0.895833,0.837209,1.0,0.0,4.770771,0.409733,3.809484,0.760688,,,0.973684,0.72973,0.944444,0.921569,1.0,0.0,4.877826,0.493379,3.868703,0.856521,,,0.0,0.0,9,onset
9 / mixed / onset,mixed,272.0,0.141544,0.003676,1.0,0.985294,0.472015,0.964427,0.852459,1.0,0.370192,4.717449,0.50342,3.576792,0.814781,3.769094,0.569421,0.985294,0.567164,0.967105,0.884354,1.0,0.007692,4.880043,0.587115,3.689002,0.883156,,,0.141544,0.003676,9,onset
9 / lvo / speed,lvo,51.0,0.298039,0.018873,1.0,0.990196,0.643564,0.95,0.938462,1.0,0.52459,4.552259,0.514892,2.70805,0.0,3.57795,0.659653,0.990196,0.762376,0.95,0.934211,1.0,0.028169,4.723508,0.621283,2.70805,0.0,,,0.298039,0.018873,9,speed
9 / nlvo / speed,nlvo,183.0,0.120239,0.0,,0.986339,0.387812,0.95,0.816176,1.0,0.405405,4.775862,0.513271,2.70805,0.0,3.905019,0.456077,0.986339,0.479224,0.95,0.850299,1.0,0.0,4.950407,0.587986,2.70805,0.0,,,0.120239,0.0,9,speed
9 / other / speed,other,38.0,0.0,0.0,,0.973684,0.648649,0.95,0.837209,1.0,0.0,4.770771,0.409733,2.70805,0.0,,,0.973684,0.72973,0.95,0.921569,1.0,0.0,4.877826,0.493379,2.70805,0.0,,,0.0,0.0,9,speed
9 / mixed / speed,mixed,272.0,0.139427,0.003611,1.0,0.985294,0.472015,0.95,0.852459,1.0,0.370192,4.717449,0.50342,2.70805,0.0,3.769094,0.569421,0.985294,0.567164,0.95,0.884354,1.0,0.007692,4.880043,0.587115,2.70805,0.0,,,0.139427,0.003611,9,speed
9 / lvo / onset + benchmark,lvo,51.0,0.45098,0.019608,1.0,0.990196,0.643564,1.0,0.938462,1.0,0.754098,4.552259,0.514892,3.192266,0.812732,3.57795,0.659653,0.990196,0.762376,0.987013,0.934211,1.0,0.028169,4.723508,0.621283,3.323851,0.856206,,,0.45098,0.019608,9,onset + benchmark
9 / nlvo / onset + benchmark,nlvo,183.0,0.16568,0.0,,0.986339,0.387812,0.971429,0.816176,1.0,0.546296,4.775862,0.513271,3.687001,0.775322,3.905019,0.456077,0.986339,0.479224,0.965318,0.850299,1.0,0.0,4.950407,0.587986,3.8003,0.860853,,,0.16568,0.0,9,onset + benchmark
9 / other / onset + benchmark,other,38.0,0.0,0.0,,0.973684,0.648649,0.895833,0.837209,1.0,0.0,4.770771,0.409733,3.809484,0.760688,,,0.973684,0.72973,0.944444,0.921569,1.0,0.0,4.877826,0.493379,3.868703,0.856521,,,0.0,0.0,9,onset + benchmark
9 / mixed / onset + benchmark,mixed,272.0,0.196691,0.003676,1.0,0.985294,0.472015,0.964427,0.852459,1.0,0.514423,4.717449,0.50342,3.576792,0.814781,3.769094,0.569421,0.985294,0.567164,0.967105,0.884354,1.0,0.007692,4.880043,0.587115,3.689002,0.883156,,,0.196691,0.003676,9,onset + benchmark
9 / lvo / speed + benchmark,lvo,51.0,0.428431,0.018873,1.0,0.990196,0.643564,0.95,0.938462,1.0,0.754098,4.552259,0.514892,2.70805,0.0,3.57795,0.659653,0.990196,0.762376,0.95,0.934211,1.0,0.028169,4.723508,0.621283,2.70805,0.0,,,0.428431,0.018873,9,speed + benchmark
9 / nlvo / speed + benchmark,nlvo,183.0,0.162025,0.0,,0.986339,0.387812,0.95,0.816176,1.0,0.546296,4.775862,0.513271,2.70805,0.0,3.905019,0.456077,0.986339,0.479224,0.95,0.850299,1.0,0.0,4.950407,0.587986,2.70805,0.0,,,0.162025,0.0,9,speed + benchmark
9 / other / speed + benchmark,other,38.0,0.0,0.0,,0.973684,0.648649,0.95,0.837209,1.0,0.0,4.770771,0.409733,2.70805,0.0,,,0.973684,0.72973,0.95,0.921569,1.0,0.0,4.877826,0.493379,2.70805,0.0,,,0.0,0.0,9,speed + benchmark
9 / mixed / speed + benchmark,mixed,272.0,0.193749,0.003611,1.0,0.985294,0.472015,0.95,0.852459,1.0,0.514423,4.717449,0.50342,2.70805,0.0,3.769094,0.569421,0.985294,0.567164,0.95,0.884354,1.0,0.007692,4.880043,0.587115,2.70805,0.0,,,0.193749,0.003611,9,speed + benchmark
9 / lvo / speed + onset,lvo,51.0,0.298039,0.018873,1.0,0.990196,0.643564,0.95,0.938462,1.0,0.52459,4.552259,0.514892,2.70805,0.0,3.57795,0.659653,0.990196,0.762376,0.95,0.934211,1.0,0.028169,4.723508,0.621283,2.70805,0.0,,,0.298039,0.018873,9,speed + onset
9 / nlvo / speed + onset,nlvo,183.0,0.120239,0.0,,0.986339,0.387812,0.95,0.816176,1.0,0.405405,4.775862,0.513271,2.70805,0.0,3.905019,0.456077,0.986339,0.479224,0.95,0.850299,1.0,0.0,4.950407,0.587986,2.70805,0.0,,,0.120239,0.0,9,speed + onset
9 / other / speed + onset,other,38.0,0.0,0.0,,0.973684,0.648649,0.95,0.837209,1.0,0.0,4.770771,0.409733,2.70805,0.0,,,0.973684,0.72973,0.95,0.921569,1.0,0.0,4.877826,0.493379,2.70805,0.0,,,0.0,0.0,9,speed + onset
9 / mixed / speed + onset,mixed,272.0,0.139427,0.003611,1.0,0.985294,0.472015,0.95,0.852459,1.0,0.370192,4.717449,0.50342,2.70805,0.0,3.769094,0.569421,0.985294,0.567164,0.95,0.884354,1.0,0.007692,4.880043,0.587115,2.70805,0.0,,,0.139427,0.003611,9,speed + onset
9 / lvo / speed + onset + benchmark,lvo,51.0,0.428431,0.018873,1.0,0.990196,0.643564,0.95,0.938462,1.0,0.754098,4.552259,0.514892,2.70805,0.0,3.57795,0.659653,0.990196,0.762376,0.95,0.934211,1.0,0.028169,4.723508,0.621283,2.70805,0.0,,,0.428431,0.018873,9,speed + onset + benchmark
9 / nlvo / speed + onset + benchmark,nlvo,183.0,0.162025,0.0,,0.986339,0.387812,0.95,0.816176,1.0,0.546296,4.775862,0.513271,2.70805,0.0,3.905019,0.456077,0.986339,0.479224,0.95,0.850299,1.0,0.0,4.950407,0.587986,2.70805,0.0,,,0.162025,0.0,9,speed + onset + benchmark
9 / other / speed + onset + benchmark,other,38.0,0.0,0.0,,0.973684,0.648649,0.95,0.837209,1.0,0.0,4.770771,0.409733,2.70805,0.0,,,0.973684,0.72973,0.95,0.921569,1.0,0.0,4.877826,0.493379,2.70805,0.0,,,0.0,0.0,9,speed + onset + benchmark
9 / mixed / speed + onset + benchmark,mixed,272.0,0.193749,0.003611,1.0,0.985294,0.472015,0.95,0.852459,1.0,0.514423,4.717449,0.50342,2.70805,0.0,3.769094,0.569421,0.985294,0.567164,0.95,0.884354,1.0,0.007692,4.880043,0.587115,2.70805,0.0,,,0.193749,0.003611,9,speed + onset + benchmark
10 / lvo / base,lvo,141.0,0.301418,0.024823,1.0,0.528369,0.798658,1.0,0.983193,1.0,0.726496,4.604857,0.421777,2.796092,0.671429,3.332261,0.581636,0.528369,0.90604,1.0,0.977778,1.0,0.05303,4.732842,0.529928,2.747571,0.86689,,,0.301419,0.024823,10,base
10 / nlvo / base,nlvo,531.5,0.062088,0.0,,0.450611,0.632568,0.957096,0.872414,1.0,0.241107,4.706227,0.47456,3.291452,0.918967,3.14956,0.684964,0.450611,0.716075,0.970845,0.930931,1.0,0.0,4.820921,0.548044,3.310933,1.031845,,,0.057385,0.0,10,base
10 / other / base,other,101.0,0.0,0.0,,0.5,0.722772,0.931507,0.867647,1.0,0.0,4.721909,0.474937,3.150378,1.00997,,,0.5,0.792079,0.9625,0.948052,1.0,0.0,4.799519,0.520064,3.277698,1.125534,,,0.0,0.0,10,base
10 / mixed / base,mixed,773.5,0.097608,0.004525,1.0,0.471235,0.679012,0.963636,0.899371,1.0,0.340326,4.68417,0.463757,3.147761,0.900868,3.255927,0.631109,0.471235,0.765432,0.976703,0.944954,1.0,0.013592,4.796543,0.540081,3.166689,1.034384,,,0.094376,0.004525,10,base
10 / lvo / benchmark,lvo,141.0,0.343972,0.024823,1.0,0.528369,0.798658,1.0,0.983193,1.0,0.82906,4.604857,0.421777,2.796092,0.671429,3.332261,0.581636,0.528369,0.90604,1.0,0.977778,1.0,0.05303,4.732842,0.529928,2.747571,0.86689,,,0.343972,0.024823,10,benchmark
10 / nlvo / benchmark,nlvo,531.5,0.092002,0.0,,0.450611,0.632568,0.957096,0.872414,1.0,0.386555,4.706227,0.47456,3.291452,0.918967,3.14956,0.684964,0.450611,0.716075,0.970845,0.930931,1.0,0.0,4.820921,0.548044,3.310933,1.031845,,,0.092002,0.0,10,benchmark
10 / other / benchmark,other,101.0,0.0,0.0,,0.5,0.722772,0.931507,0.867647,1.0,0.0,4.721909,0.474937,3.150378,1.00997,,,0.5,0.792079,0.9625,0.948052,1.0,0.0,4.799519,0.520064,3.277698,1.125534,,,0.0,0.0,10,benchmark
10 / mixed / benchmark,mixed,773.5,0.129282,0.004525,1.0,0.471235,0.679012,0.963636,0.899371,1.0,0.4662,4.68417,0.463757,3.147761,0.900868,3.255927,0.631109,0.471235,0.765432,0.976703,0.944954,1.0,0.013592,4.796543,0.540081,3.166689,1.034384,,,0.129282,0.004525,10,benchmark
10 / lvo / onset,lvo,141.0,0.472847,0.03894,1.0,0.828872,0.798658,1.0,0.983193,1.0,0.726496,4.604857,0.421777,2.796092,0.671429,3.332261,0.581636,0.828872,0.90604,1.0,0.977778,1.0,0.05303,4.732842,0.529928,2.747571,0.86689,,,0.472847,0.03894,10,onset
10 / nlvo / onset,nlvo,531.5,0.09703,0.0,,0.761925,0.632568,0.957096,0.872414,1.0,0.241107,4.706227,0.47456,3.291452,0.918967,3.14956,0.684964,0.761925,0.716075,0.970845,0.930931,1.0,0.0,4.820921,0.548044,3.310933,1.031845,,,0.09703,0.0,10,onset
10 / other / onset,other,101.0,0.0,0.0,,0.785804,0.722772,0.931507,0.867647,1.0,0.0,4.721909,0.474937,3.150378,1.00997,,,0.785804,0.792079,0.9625,0.948052,1.0,0.0,4.799519,0.520064,3.277698,1.125534,,,0.0,0.0,10,onset
10 / mixed / onset,mixed,773.5,0.156975,0.007526,1.0,0.783802,0.679012,0.963636,0.899371,1.0,0.340326,4.68417,0.463757,3.147761,0.900868,3.255927,0.631109,0.783802,0.765432,0.976703,0.944954,1.0,0.013592,4.796543,0.540081,3.166689,1.034384,,,0.156975,0.007526,10,onset
10 / lvo / speed,lvo,141.0,0.286348,0.023581,1.0,0.528369,0.798658,0.95,0.983193,1.0,0.726496,4.604857,0.421777,2.70805,0.0,3.332261,0.581636,0.528369,0.90604,0.95,0.977778,1.0,0.05303,4.732842,0.529928,2.70805,0.0,,,0.286348,0.023581,10,speed
10 / nlvo / speed,nlvo,531.5,0.056959,0.0,,0.450611,0.632568,0.95,0.872414,1.0,0.241107,4.706227,0.47456,2.70805,0.0,3.14956,0.684964,0.450611,0.716075,0.95,0.930931,1.0,0.0,4.820921,0.548044,2.70805,0.0,,,0.056959,0.0,10,speed
10 / other / speed,other,101.0,0.0,0.0,,0.5,0.722772,0.95,0.867647,1.0,0.0,4.721909,0.474937,2.70805,0.0,,,0.5,0.792079,0.95,0.948052,1.0,0.0,4.799519,0.520064,2.70805,0.0,,,0.0,0.0,10,speed
10 / mixed / speed,mixed,773.5,0.093041,0.004401,1.0,0.471235,0.679012,0.95,0.899371,1.0,0.340326,4.68417,0.463757,2.70805,0.0,3.255927,0.631109,0.471235,0.765432,0.95,0.944954,1.0,0.013592,4.796543,0.540081,2.70805,0.0,,,0.093041,0.004401,10,speed
10 / lvo / onset + benchmark,lvo,141.0,0.539601,0.03894,1.0,0.828872,0.798658,1.0,0.983193,1.0,0.82906,4.604857,0.421777,2.796092,0.671429,3.332261,0.581636,0.828872,0.90604,1.0,0.977778,1.0,0.05303,4.732842,0.529928,2.747571,0.86689,,,0.539601,0.03894,10,onset + benchmark
10 / nlvo / onset + benchmark,nlvo,531.5,0.155564,0.0,,0.761925,0.632568,0.957096,0.872414,1.0,0.386555,4.706227,0.47456,3.291452,0.918967,3.14956,0.684964,0.761925,0.716075,0.970845,0.930931,1.0,0.0,4.820921,0.548044,3.310933,1.031845,,,0.155564,0.0,10,onset + benchmark
10 / other / onset + benchmark,other,101.0,0.0,0.0,,0.785804,0.722772,0.931507,0.867647,1.0,0.0,4.721909,0.474937,3.150378,1.00997,,,0.785804,0.792079,0.9625,0.948052,1.0,0.0,4.799519,0.520064,3.277698,1.125534,,,0.0,0.0,10,onset + benchmark
10 / mixed / onset + benchmark,mixed,773.5,0.215034,0.007526,1.0,0.783802,0.679012,0.963636,0.899371,1.0,0.4662,4.68417,0.463757,3.147761,0.900868,3.255927,0.631109,0.783802,0.765432,0.976703,0.944954,1.0,0.013592,4.796543,0.540081,3.166689,1.034384,,,0.215034,0.007526,10,onset + benchmark
10 / lvo / speed + benchmark,lvo,141.0,0.326773,0.023581,1.0,0.528369,0.798658,0.95,0.983193,1.0,0.82906,4.604857,0.421777,2.70805,0.0,3.332261,0.581636,0.528369,0.90604,0.95,0.977778,1.0,0.05303,4.732842,0.529928,2.70805,0.0,,,0.326773,0.023581,10,speed + benchmark
10 / nlvo / speed + benchmark,nlvo,531.5,0.09132,0.0,,0.450611,0.632568,0.95,0.872414,1.0,0.386555,4.706227,0.47456,2.70805,0.0,3.14956,0.684964,0.450611,0.716075,0.95,0.930931,1.0,0.0,4.820921,0.548044,2.70805,0.0,,,0.09132,0.0,10,speed + benchmark
10 / other / speed + benchmark,other,101.0,0.0,0.0,,0.5,0.722772,0.95,0.867647,1.0,0.0,4.721909,0.474937,2.70805,0.0,,,0.5,0.792079,0.95,0.948052,1.0,0.0,4.799519,0.520064,2.70805,0.0,,,0.0,0.0,10,speed + benchmark
10 / mixed / speed + benchmark,mixed,773.5,0.127453,0.004401,1.0,0.471235,0.679012,0.95,0.899371,1.0,0.4662,4.68417,0.463757,2.70805,0.0,3.255927,0.631109,0.471235,0.765432,0.95,0.944954,1.0,0.013592,4.796543,0.540081,2.70805,0.0,,,0.127453,0.004401,10,speed + benchmark
10 / lvo / speed + onset,lvo,141.0,0.449204,0.036993,1.0,0.828872,0.798658,0.95,0.983193,1.0,0.726496,4.604857,0.421777,2.70805,0.0,3.332261,0.581636,0.828872,0.90604,0.95,0.977778,1.0,0.05303,4.732842,0.529928,2.70805,0.0,,,0.449204,0.036993,10,speed + onset
10 / nlvo / speed + onset,nlvo,531.5,0.096311,0.0,,0.761925,0.632568,0.95,0.872414,1.0,0.241107,4.706227,0.47456,2.70805,0.0,3.14956,0.684964,0.761925,0.716075,0.95,0.930931,1.0,0.0,4.820921,0.548044,2.70805,0.0,,,0.096311,0.0,10,speed + onset
10 / other / speed + onset,other,101.0,0.0,0.0,,0.785804,0.722772,0.95,0.867647,1.0,0.0,4.721909,0.474937,2.70805,0.0,,,0.785804,0.792079,0.95,0.948052,1.0,0.0,4.799519,0.520064,2.70805,0.0,,,0.0,0.0,10,speed + onset
10 / mixed / speed + onset,mixed,773.5,0.154754,0.00732,1.0,0.783802,0.679012,0.95,0.899371,1.0,0.340326,4.68417,0.463757,2.70805,0.0,3.255927,0.631109,0.783802,0.765432,0.95,0.944954,1.0,0.013592,4.796543,0.540081,2.70805,0.0,,,0.154754,0.00732,10,speed + onset
10 / lvo / speed + onset + benchmark,lvo,141.0,0.512621,0.036993,1.0,0.828872,0.798658,0.95,0.983193,1.0,0.82906,4.604857,0.421777,2.70805,0.0,3.332261,0.581636,0.828872,0.90604,0.95,0.977778,1.0,0.05303,4.732842,0.529928,2.70805,0.0,,,0.512621,0.036993,10,speed + onset + benchmark
10 / nlvo / speed + onset + benchmark,nlvo,531.5,0.15441,0.0,,0.761925,0.632568,0.95,0.872414,1.0,0.386555,4.706227,0.47456,2.70805,0.0,3.14956,0.684964,0.761925,0.716075,0.95,0.930931,1.0,0.0,4.820921,0.548044,2.70805,0.0,,,0.15441,0.0,10,speed + onset + benchmark
10 / other / speed + onset + benchmark,other,101.0,0.0,0.0,,0.785804,0.722772,0.95,0.867647,1.0,0.0,4.721909,0.474937,2.70805,0.0,,,0.785804,0.792079,0.95,0.948052,1.0,0.0,4.799519,0.520064,2.70805,0.0,,,0.0,0.0,10,speed + onset + benchmark
10 / mixed / speed + onset + benchmark,mixed,773.5,0.211992,0.00732,1.0,0.783802,0.679012,0.95,0.899371,1.0,0.4662,4.68417,0.463757,2.70805,0.0,3.255927,0.631109,0.783802,0.765432,0.95,0.944954,1.0,0.013592,4.796543,0.540081,2.70805,0.0,,,0.211992,0.00732,10,speed + onset + benchmark
11 / lvo / base,lvo,178.0,0.303371,0.058989,0.714286,0.494382,0.909091,0.9875,0.936709,1.0,0.574324,4.362651,0.472996,3.602391,0.838949,3.245583,1.104665,0.494382,0.954545,0.994048,0.976048,1.0,0.104294,4.428456,0.548314,3.60861,0.899242,5.181354,0.681836,0.238764,0.047753,11,base
11 / nlvo / base,nlvo,567.0,0.065256,0.008818,0.6,0.35097,0.738693,0.965986,0.78169,1.0,0.27027,4.570485,0.521723,3.955642,0.775262,3.315414,1.05746,0.35097,0.834171,0.981928,0.923313,1.0,0.0299,4.69561,0.60332,4.002142,0.835773,,,0.05291,0.007936,11,base
11 / other / base,other,94.5,0.0,0.0,,0.42328,0.825,0.969697,0.875,1.0,0.0,4.479946,0.487274,3.744085,0.641906,,,0.42328,0.875,0.985714,0.942029,1.0,0.0,4.54951,0.552859,3.818511,0.69826,,,0.0,0.0,11,base
11 / mixed / base,mixed,839.5,0.108398,0.018463,0.677419,0.389518,0.795107,0.973077,0.841897,1.0,0.340376,4.495045,0.51049,3.81858,0.795567,3.274479,1.082213,0.389518,0.87156,0.985965,0.941281,1.0,0.049149,4.598928,0.592776,3.862657,0.856621,5.326858,0.603498,0.086361,0.015485,11,base
11 / lvo / benchmark,lvo,178.0,0.258427,0.047753,0.714286,0.494382,0.909091,0.9875,0.936709,1.0,0.621622,4.362651,0.472996,3.602391,0.838949,3.245583,1.104665,0.494382,0.954545,0.994048,0.976048,1.0,0.104294,4.428456,0.548314,3.60861,0.899242,5.181354,0.681836,0.258427,0.047753,11,benchmark
11 / nlvo / benchmark,nlvo,567.0,0.058452,0.007936,0.6,0.35097,0.738693,0.965986,0.78169,1.0,0.298578,4.570485,0.521723,3.955642,0.775262,3.315414,1.05746,0.35097,0.834171,0.981928,0.923313,1.0,0.0299,4.69561,0.60332,4.002142,0.835773,,,0.058452,0.007936,11,benchmark
11 / other / benchmark,other,94.5,0.0,0.0,,0.42328,0.825,0.969697,0.875,1.0,0.0,4.479946,0.487274,3.744085,0.641906,,,0.42328,0.875,0.985714,0.942029,1.0,0.0,4.54951,0.552859,3.818511,0.69826,,,0.0,0.0,11,benchmark
11 / mixed / benchmark,mixed,839.5,0.094104,0.015485,0.677419,0.389518,0.795107,0.973077,0.841897,1.0,0.370892,4.495045,0.51049,3.81858,0.795567,3.274479,1.082213,0.389518,0.87156,0.985965,0.941281,1.0,0.049149,4.598928,0.592776,3.862657,0.856621,5.326858,0.603498,0.094104,0.015485,11,benchmark
11 / lvo / onset,lvo,178.0,0.400307,0.080061,0.714286,0.828872,0.909091,0.9875,0.936709,1.0,0.574324,4.362651,0.472996,3.602391,0.838949,3.245583,1.104665,0.828872,0.954545,0.994048,0.976048,1.0,0.104294,4.428456,0.548314,3.60861,0.899242,5.181354,0.681836,0.400307,0.080061,11,onset
11 / nlvo / onset,nlvo,567.0,0.114863,0.017229,0.6,0.761925,0.738693,0.965986,0.78169,1.0,0.27027,4.570485,0.521723,3.955642,0.775262,3.315414,1.05746,0.761925,0.834171,0.981928,0.923313,1.0,0.0299,4.69561,0.60332,4.002142,0.835773,,,0.114863,0.017229,11,onset
11 / other / onset,other,94.5,0.0,0.0,,0.785804,0.825,0.969697,0.875,1.0,0.0,4.479946,0.487274,3.744085,0.641906,,,0.785804,0.875,0.985714,0.942029,1.0,0.0,4.54951,0.552859,3.818511,0.69826,,,0.0,0.0,11,onset
11 / mixed / onset,mixed,839.5,0.173779,0.03116,0.677419,0.783802,0.795107,0.973077,0.841897,1.0,0.340376,4.495045,0.51049,3.81858,0.795567,3.274479,1.082213,0.783802,0.87156,0.985965,0.941281,1.0,0.049149,4.598928,0.592776,3.862657,0.856621,5.326858,0.603498,0.173779,0.03116,11,onset
11 / lvo / speed,lvo,178.0,0.229697,0.045637,0.714286,0.494382,0.909091,0.95,0.936709,1.0,0.574324,4.362651,0.472996,2.70805,0.0,3.245583,1.104665,0.494382,0.954545,0.95,0.976048,1.0,0.104294,4.428456,0.548314,2.70805,0.0,5.181354,0.681836,0.229697,0.045637,11,speed
11 / nlvo / speed,nlvo,567.0,0.052034,0.007678,0.6,0.35097,0.738693,0.95,0.78169,1.0,0.27027,4.570485,0.521723,2.70805,0.0,3.315414,1.05746,0.35097,0.834171,0.95,0.923313,1.0,0.0299,4.69561,0.60332,2.70805,0.0,,,0.052034,0.007678,11,speed
11 / other / speed,other,94.5,0.0,0.0,,0.42328,0.825,0.95,0.875,1.0,0.0,4.479946,0.487274,2.70805,0.0,,,0.42328,0.875,0.95,0.942029,1.0,0.0,4.54951,0.552859,2.70805,0.0,,,0.0,0.0,11,speed
11 / mixed / speed,mixed,839.5,0.084313,0.01492,0.677419,0.389518,0.795107,0.95,0.841897,1.0,0.340376,4.495045,0.51049,2.70805,0.0,3.274479,1.082213,0.389518,0.87156,0.95,0.941281,1.0,0.049149,4.598928,0.592776,2.70805,0.0,5.326858,0.603498,0.084313,0.01492,11,speed
11 / lvo / onset + benchmark,lvo,178.0,0.433274,0.080061,0.714286,0.828872,0.909091,0.9875,0.936709,1.0,0.621622,4.362651,0.472996,3.602391,0.838949,3.245583,1.104665,0.828872,0.954545,0.994048,0.976048,1.0,0.104294,4.428456,0.548314,3.60861,0.899242,5.181354,0.681836,0.433274,0.080061,11,onset + benchmark
11 / nlvo / onset + benchmark,nlvo,567.0,0.126894,0.017229,0.6,0.761925,0.738693,0.965986,0.78169,1.0,0.298578,4.570485,0.521723,3.955642,0.775262,3.315414,1.05746,0.761925,0.834171,0.981928,0.923313,1.0,0.0299,4.69561,0.60332,4.002142,0.835773,,,0.126894,0.017229,11,onset + benchmark
11 / other / onset + benchmark,other,94.5,0.0,0.0,,0.785804,0.825,0.969697,0.875,1.0,0.0,4.479946,0.487274,3.744085,0.641906,,,0.785804,0.875,0.985714,0.942029,1.0,0.0,4.54951,0.552859,3.818511,0.69826,,,0.0,0.0,11,onset + benchmark
11 / mixed / onset + benchmark,mixed,839.5,0.189359,0.03116,0.677419,0.783802,0.795107,0.973077,0.841897,1.0,0.370892,4.495045,0.51049,3.81858,0.795567,3.274479,1.082213,0.783802,0.87156,0.985965,0.941281,1.0,0.049149,4.598928,0.592776,3.862657,0.856621,5.326858,0.603498,0.189359,0.03116,11,onset + benchmark
11 / lvo / speed + benchmark,lvo,178.0,0.248613,0.045637,0.714286,0.494382,0.909091,0.95,0.936709,1.0,0.621622,4.362651,0.472996,2.70805,0.0,3.245583,1.104665,0.494382,0.954545,0.95,0.976048,1.0,0.104294,4.428456,0.548314,2.70805,0.0,5.181354,0.681836,0.248613,0.045637,11,speed + benchmark
11 / nlvo / speed + benchmark,nlvo,567.0,0.057484,0.007678,0.6,0.35097,0.738693,0.95,0.78169,1.0,0.298578,4.570485,0.521723,2.70805,0.0,3.315414,1.05746,0.35097,0.834171,0.95,0.923313,1.0,0.0299,4.69561,0.60332,2.70805,0.0,,,0.057484,0.007678,11,speed + benchmark
11 / other / speed + benchmark,other,94.5,0.0,0.0,,0.42328,0.825,0.95,0.875,1.0,0.0,4.479946,0.487274,2.70805,0.0,,,0.42328,0.875,0.95,0.942029,1.0,0.0,4.54951,0.552859,2.70805,0.0,,,0.0,0.0,11,speed + benchmark
11 / mixed / speed + benchmark,mixed,839.5,0.091872,0.01492,0.677419,0.389518,0.795107,0.95,0.841897,1.0,0.370892,4.495045,0.51049,2.70805,0.0,3.274479,1.082213,0.389518,0.87156,0.95,0.941281,1.0,0.049149,4.598928,0.592776,2.70805,0.0,5.326858,0.603498,0.091872,0.01492,11,speed + benchmark
11 / lvo / speed + onset,lvo,178.0,0.385106,0.076513,0.714286,0.828872,0.909091,0.95,0.936709,1.0,0.574324,4.362651,0.472996,2.70805,0.0,3.245583,1.104665,0.828872,0.954545,0.95,0.976048,1.0,0.104294,4.428456,0.548314,2.70805,0.0,5.181354,0.681836,0.385106,0.076513,11,speed + onset
11 / nlvo / speed + onset,nlvo,567.0,0.112962,0.016669,0.6,0.761925,0.738693,0.95,0.78169,1.0,0.27027,4.570485,0.521723,2.70805,0.0,3.315414,1.05746,0.761925,0.834171,0.95,0.923313,1.0,0.0299,4.69561,0.60332,2.70805,0.0,,,0.112962,0.016669,11,speed + onset
11 / other / speed + onset,other,94.5,0.0,0.0,,0.785804,0.825,0.95,0.875,1.0,0.0,4.479946,0.487274,2.70805,0.0,,,0.785804,0.875,0.95,0.942029,1.0,0.0,4.54951,0.552859,2.70805,0.0,,,0.0,0.0,11,speed + onset
11 / mixed / speed + onset,mixed,839.5,0.169658,0.030023,0.677419,0.783802,0.795107,0.95,0.841897,1.0,0.340376,4.495045,0.51049,2.70805,0.0,3.274479,1.082213,0.783802,0.87156,0.95,0.941281,1.0,0.049149,4.598928,0.592776,2.70805,0.0,5.326858,0.603498,0.169658,0.030023,11,speed + onset
11 / lvo / speed + onset + benchmark,lvo,178.0,0.416821,0.076513,0.714286,0.828872,0.909091,0.95,0.936709,1.0,0.621622,4.362651,0.472996,2.70805,0.0,3.245583,1.104665,0.828872,0.954545,0.95,0.976048,1.0,0.104294,4.428456,0.548314,2.70805,0.0,5.181354,0.681836,0.416821,0.076513,11,speed + onset + benchmark
11 / nlvo / speed + onset + benchmark,nlvo,567.0,0.124794,0.016669,0.6,0.761925,0.738693,0.95,0.78169,1.0,0.298578,4.570485,0.521723,2.70805,0.0,3.315414,1.05746,0.761925,0.834171,0.95,0.923313,1.0,0.0299,4.69561,0.60332,2.70805,0.0,,,0.124794,0.016669,11,speed + onset + benchmark
11 / other / speed + onset + benchmark,other,94.5,0.0,0.0,,0.785804,0.825,0.95,0.875,1.0,0.0,4.479946,0.487274,2.70805,0.0,,,0.785804,0.875,0.95,0.942029,1.0,0.0,4.54951,0.552859,2.70805,0.0,,,0.0,0.0,11,speed + onset + benchmark
11 / mixed / speed + onset + benchmark,mixed,839.5,0.184868,0.030023,0.677419,0.783802,0.795107,0.95,0.841897,1.0,0.370892,4.495045,0.51049,2.70805,0.0,3.274479,1.082213,0.783802,0.87156,0.95,0.941281,1.0,0.049149,4.598928,0.592776,2.70805,0.0,5.326858,0.603498,0.184868,0.030023,11,speed + onset + benchmark
12 / lvo / base,lvo,101.5,0.187192,0.103448,0.380952,0.472906,0.864583,0.987952,0.95122,1.0,0.474359,4.416443,0.430031,3.140848,0.720826,3.485376,0.754555,0.472906,0.916667,1.0,0.977273,1.0,0.197674,4.488396,0.51226,3.175029,0.756746,3.970775,0.711768,0.182266,0.083744,12,base
12 / nlvo / base,nlvo,329.0,0.045593,0.009119,0.5,0.463526,0.583607,0.977528,0.862069,1.0,0.193333,4.655309,0.434843,3.525442,0.706275,3.615474,0.518541,0.463526,0.665574,0.995074,0.950495,1.0,0.015625,4.778363,0.524657,3.599202,0.777733,,,0.044073,0.004559,12,base
12 / other / base,other,72.0,0.0,0.0,,0.520833,0.84,0.968254,0.918033,1.0,0.0,4.633489,0.504357,3.352352,0.593333,,,0.520833,0.893333,0.985075,0.954545,1.0,0.0,4.691544,0.541343,3.434771,0.712067,,,0.0,0.0,12,base
12 / mixed / base,mixed,502.5,0.067662,0.026866,0.407407,0.473632,0.680672,0.978395,0.895899,1.0,0.232394,4.589875,0.458096,3.39265,0.706822,3.542541,0.659845,0.473632,0.752101,0.994413,0.957865,1.0,0.058651,4.690838,0.53697,3.463866,0.779048,4.122403,0.792716,0.065672,0.0199,12,base
12 / lvo / benchmark,lvo,101.5,0.275862,0.083744,0.380952,0.472906,0.864583,0.987952,0.95122,1.0,0.717949,4.416443,0.430031,3.140848,0.720826,3.485376,0.754555,0.472906,0.916667,1.0,0.977273,1.0,0.197674,4.488396,0.51226,3.175029,0.756746,3.970775,0.711768,0.275862,0.083744,12,benchmark
12 / nlvo / benchmark,nlvo,329.0,0.087069,0.004559,0.5,0.463526,0.583607,0.977528,0.862069,1.0,0.381944,4.655309,0.434843,3.525442,0.706275,3.615474,0.518541,0.463526,0.665574,0.995074,0.950495,1.0,0.015625,4.778363,0.524657,3.599202,0.777733,,,0.087069,0.004559,12,benchmark
12 / other / benchmark,other,72.0,0.0,0.0,,0.520833,0.84,0.968254,0.918033,1.0,0.0,4.633489,0.504357,3.352352,0.593333,,,0.520833,0.893333,0.985075,0.954545,1.0,0.0,4.691544,0.541343,3.434771,0.712067,,,0.0,0.0,12,benchmark
12 / mixed / benchmark,mixed,502.5,0.116418,0.0199,0.407407,0.473632,0.680672,0.978395,0.895899,1.0,0.411972,4.589875,0.458096,3.39265,0.706822,3.542541,0.659845,0.473632,0.752101,0.994413,0.957865,1.0,0.058651,4.690838,0.53697,3.463866,0.779048,4.122403,0.792716,0.116418,0.0199,12,benchmark
12 / lvo / onset,lvo,101.5,0.319461,0.146779,0.380952,0.828872,0.864583,0.987952,0.95122,1.0,0.474359,4.416443,0.430031,3.140848,0.720826,3.485376,0.754555,0.828872,0.916667,1.0,0.977273,1.0,0.197674,4.488396,0.51226,3.175029,0.756746,3.970775,0.711768,0.319461,0.146779,12,onset
12 / nlvo / onset,nlvo,329.0,0.072445,0.007494,0.5,0.761925,0.583607,0.977528,0.862069,1.0,0.193333,4.655309,0.434843,3.525442,0.706275,3.615474,0.518541,0.761925,0.665574,0.995074,0.950495,1.0,0.015625,4.778363,0.524657,3.599202,0.777733,,,0.072445,0.007494,12,onset
12 / other / onset,other,72.0,0.0,0.0,,0.785804,0.84,0.968254,0.918033,1.0,0.0,4.633489,0.504357,3.352352,0.593333,,,0.785804,0.893333,0.985075,0.954545,1.0,0.0,4.691544,0.541343,3.434771,0.712067,,,0.0,0.0,12,onset
12 / mixed / onset,mixed,502.5,0.108678,0.032933,0.407407,0.783802,0.680672,0.978395,0.895899,1.0,0.232394,4.589875,0.458096,3.39265,0.706822,3.542541,0.659845,0.783802,0.752101,0.994413,0.957865,1.0,0.058651,4.690838,0.53697,3.463866,0.779048,4.122403,0.792716,0.108678,0.032933,12,onset
12 / lvo / speed,lvo,101.5,0.175264,0.079556,0.380952,0.472906,0.864583,0.95,0.95122,1.0,0.474359,4.416443,0.430031,2.70805,0.0,3.485376,0.754555,0.472906,0.916667,0.95,0.977273,1.0,0.197674,4.488396,0.51226,2.70805,0.0,3.970775,0.711768,0.175264,0.079556,12,speed
12 / nlvo / speed,nlvo,329.0,0.042832,0.004353,0.5,0.463526,0.583607,0.95,0.862069,1.0,0.193333,4.655309,0.434843,2.70805,0.0,3.615474,0.518541,0.463526,0.665574,0.95,0.950495,1.0,0.015625,4.778363,0.524657,2.70805,0.0,,,0.042832,0.004353,12,speed
12 / other / speed,other,72.0,0.0,0.0,,0.520833,0.84,0.95,0.918033,1.0,0.0,4.633489,0.504357,2.70805,0.0,,,0.520833,0.893333,0.95,0.954545,1.0,0.0,4.691544,0.541343,2.70805,0.0,,,0.0,0.0,12,speed
12 / mixed / speed,mixed,502.5,0.063766,0.019012,0.407407,0.473632,0.680672,0.95,0.895899,1.0,0.232394,4.589875,0.458096,2.70805,0.0,3.542541,0.659845,0.473632,0.752101,0.95,0.957865,1.0,0.058651,4.690838,0.53697,2.70805,0.0,4.122403,0.792716,0.063766,0.019012,12,speed
12 / lvo / onset + benchmark,lvo,101.5,0.483509,0.146779,0.380952,0.828872,0.864583,0.987952,0.95122,1.0,0.717949,4.416443,0.430031,3.140848,0.720826,3.485376,0.754555,0.828872,0.916667,1.0,0.977273,1.0,0.197674,4.488396,0.51226,3.175029,0.756746,3.970775,0.711768,0.483509,0.146779,12,onset + benchmark
12 / nlvo / onset + benchmark,nlvo,329.0,0.143121,0.007494,0.5,0.761925,0.583607,0.977528,0.862069,1.0,0.381944,4.655309,0.434843,3.525442,0.706275,3.615474,0.518541,0.761925,0.665574,0.995074,0.950495,1.0,0.015625,4.778363,0.524657,3.599202,0.777733,,,0.143121,0.007494,12,onset + benchmark
12 / other / onset + benchmark,other,72.0,0.0,0.0,,0.785804,0.84,0.968254,0.918033,1.0,0.0,4.633489,0.504357,3.352352,0.593333,,,0.785804,0.893333,0.985075,0.954545,1.0,0.0,4.691544,0.541343,3.434771,0.712067,,,0.0,0.0,12,onset + benchmark
12 / mixed / onset + benchmark,mixed,502.5,0.192657,0.032933,0.407407,0.783802,0.680672,0.978395,0.895899,1.0,0.411972,4.589875,0.458096,3.39265,0.706822,3.542541,0.659845,0.783802,0.752101,0.994413,0.957865,1.0,0.058651,4.690838,0.53697,3.463866,0.779048,4.122403,0.792716,0.192657,0.032933,12,onset + benchmark
12 / lvo / speed + benchmark,lvo,101.5,0.265265,0.079556,0.380952,0.472906,0.864583,0.95,0.95122,1.0,0.717949,4.416443,0.430031,2.70805,0.0,3.485376,0.754555,0.472906,0.916667,0.95,0.977273,1.0,0.197674,4.488396,0.51226,2.70805,0.0,3.970775,0.711768,0.265265,0.079556,12,speed + benchmark
12 / nlvo / speed + benchmark,nlvo,329.0,0.084618,0.004353,0.5,0.463526,0.583607,0.95,0.862069,1.0,0.381944,4.655309,0.434843,2.70805,0.0,3.615474,0.518541,0.463526,0.665574,0.95,0.950495,1.0,0.015625,4.778363,0.524657,2.70805,0.0,,,0.084618,0.004353,12,speed + benchmark
12 / other / speed + benchmark,other,72.0,0.0,0.0,,0.520833,0.84,0.95,0.918033,1.0,0.0,4.633489,0.504357,2.70805,0.0,,,0.520833,0.893333,0.95,0.954545,1.0,0.0,4.691544,0.541343,2.70805,0.0,,,0.0,0.0,12,speed + benchmark
12 / mixed / speed + benchmark,mixed,502.5,0.113039,0.019012,0.407407,0.473632,0.680672,0.95,0.895899,1.0,0.411972,4.589875,0.458096,2.70805,0.0,3.542541,0.659845,0.473632,0.752101,0.95,0.957865,1.0,0.058651,4.690838,0.53697,2.70805,0.0,4.122403,0.792716,0.113039,0.019012,12,speed + benchmark
12 / lvo / speed + onset,lvo,101.5,0.307189,0.13944,0.380952,0.828872,0.864583,0.95,0.95122,1.0,0.474359,4.416443,0.430031,2.70805,0.0,3.485376,0.754555,0.828872,0.916667,0.95,0.977273,1.0,0.197674,4.488396,0.51226,2.70805,0.0,3.970775,0.711768,0.307189,0.13944,12,speed + onset
12 / nlvo / speed + onset,nlvo,329.0,0.070405,0.007155,0.5,0.761925,0.583607,0.95,0.862069,1.0,0.193333,4.655309,0.434843,2.70805,0.0,3.615474,0.518541,0.761925,0.665574,0.95,0.950495,1.0,0.015625,4.778363,0.524657,2.70805,0.0,,,0.070405,0.007155,12,speed + onset
12 / other / speed + onset,other,72.0,0.0,0.0,,0.785804,0.84,0.95,0.918033,1.0,0.0,4.633489,0.504357,2.70805,0.0,,,0.785804,0.893333,0.95,0.954545,1.0,0.0,4.691544,0.541343,2.70805,0.0,,,0.0,0.0,12,speed + onset
12 / mixed / speed + onset,mixed,502.5,0.105524,0.031462,0.407407,0.783802,0.680672,0.95,0.895899,1.0,0.232394,4.589875,0.458096,2.70805,0.0,3.542541,0.659845,0.783802,0.752101,0.95,0.957865,1.0,0.058651,4.690838,0.53697,2.70805,0.0,4.122403,0.792716,0.105524,0.031462,12,speed + onset
12 / lvo / speed + onset + benchmark,lvo,101.5,0.464935,0.13944,0.380952,0.828872,0.864583,0.95,0.95122,1.0,0.717949,4.416443,0.430031,2.70805,0.0,3.485376,0.754555,0.828872,0.916667,0.95,0.977273,1.0,0.197674,4.488396,0.51226,2.70805,0.0,3.970775,0.711768,0.464935,0.13944,12,speed + onset + benchmark
12 / nlvo / speed + onset + benchmark,nlvo,329.0,0.139091,0.007155,0.5,0.761925,0.583607,0.95,0.862069,1.0,0.381944,4.655309,0.434843,2.70805,0.0,3.615474,0.518541,0.761925,0.665574,0.95,0.950495,1.0,0.015625,4.778363,0.524657,2.70805,0.0,,,0.139091,0.007155,12,speed + onset + benchmark
12 / other / speed + onset + benchmark,other,72.0,0.0,0.0,,0.785804,0.84,0.95,0.918033,1.0,0.0,4.633489,0.504357,2.70805,0.0,,,0.785804,0.893333,0.95,0.954545,1.0,0.0,4.691544,0.541343,2.70805,0.0,,,0.0,0.0,12,speed + onset + benchmark
12 / mixed / speed + onset + benchmark,mixed,502.5,0.187066,0.031462,0.407407,0.783802,0.680672,0.95,0.895899,1.0,0.411972,4.589875,0.458096,2.70805,0.0,3.542541,0.659845,0.783802,0.752101,0.95,0.957865,1.0,0.058651,4.690838,0.53697,2.70805,0.0,4.122403,0.792716,0.187066,0.031462,12,speed + onset + benchmark
13 / lvo / base,lvo,103.0,0.334951,0.087379,0.666667,0.713592,0.870748,0.976562,0.968,1.0,0.570248,4.501079,0.455183,3.382589,0.591254,2.638943,1.089472,0.713592,0.959184,0.992908,0.95,1.0,0.12782,4.608151,0.550251,3.45151,0.730529,4.467596,0.88248,0.334951,0.082525,13,base
13 / nlvo / base,nlvo,450.0,0.138889,0.015556,0.214286,0.631111,0.609155,0.910405,0.790476,1.0,0.449799,4.704863,0.555806,3.743239,0.688885,2.763148,0.853276,0.631111,0.728873,0.966184,0.865,1.0,0.028902,4.863569,0.62372,3.874095,0.848316,,,0.124444,0.011111,13,base
13 / other / base,other,68.5,0.0,0.0,,0.649635,0.752809,1.0,0.865672,1.0,0.0,4.631165,0.544389,3.454133,0.733849,,,0.649635,0.831461,1.0,0.972973,1.0,0.0,4.723673,0.593073,3.483639,0.730711,,,0.0,0.0,13,base
13 / mixed / base,mixed,621.5,0.156074,0.025744,0.46875,0.646822,0.672886,0.937153,0.844181,1.0,0.422897,4.647521,0.538088,3.616116,0.690949,2.715799,0.949234,0.646822,0.782338,0.976153,0.897394,1.0,0.049002,4.789855,0.612973,3.730682,0.831623,4.573535,0.875021,0.145615,0.021722,13,base
13 / lvo / benchmark,lvo,103.0,0.354369,0.082525,0.666667,0.713592,0.870748,0.976562,0.968,1.0,0.603306,4.501079,0.455183,3.382589,0.591254,2.638943,1.089472,0.713592,0.959184,0.992908,0.95,1.0,0.12782,4.608151,0.550251,3.45151,0.730529,4.467596,0.88248,0.354369,0.082525,13,benchmark
13 / nlvo / benchmark,nlvo,450.0,0.108109,0.011111,0.214286,0.631111,0.609155,0.910405,0.790476,1.0,0.390756,4.704863,0.555806,3.743239,0.688885,2.763148,0.853276,0.631111,0.728873,0.966184,0.865,1.0,0.028902,4.863569,0.62372,3.874095,0.848316,,,0.108109,0.011111,13,benchmark
13 / other / benchmark,other,68.5,0.0,0.0,,0.649635,0.752809,1.0,0.865672,1.0,0.0,4.631165,0.544389,3.454133,0.733849,,,0.649635,0.831461,1.0,0.972973,1.0,0.0,4.723673,0.593073,3.483639,0.730711,,,0.0,0.0,13,benchmark
13 / mixed / benchmark,mixed,621.5,0.139984,0.021722,0.46875,0.646822,0.672886,0.937153,0.844181,1.0,0.406542,4.647521,0.538088,3.616116,0.690949,2.715799,0.949234,0.646822,0.782338,0.976153,0.897394,1.0,0.049002,4.789855,0.612973,3.730682,0.831623,4.573535,0.875021,0.139984,0.021722,13,benchmark
13 / lvo / onset,lvo,103.0,0.389062,0.095856,0.666667,0.828872,0.870748,0.976562,0.968,1.0,0.570248,4.501079,0.455183,3.382589,0.591254,2.638943,1.089472,0.828872,0.959184,0.992908,0.95,1.0,0.12782,4.608151,0.550251,3.45151,0.730529,4.467596,0.88248,0.389062,0.095856,13,onset
13 / nlvo / onset,nlvo,450.0,0.150239,0.013414,0.214286,0.761925,0.609155,0.910405,0.790476,1.0,0.449799,4.704863,0.555806,3.743239,0.688885,2.763148,0.853276,0.761925,0.728873,0.966184,0.865,1.0,0.028902,4.863569,0.62372,3.874095,0.848316,,,0.150239,0.013414,13,onset
13 / other / onset,other,68.5,0.0,0.0,,0.785804,0.752809,1.0,0.865672,1.0,0.0,4.631165,0.544389,3.454133,0.733849,,,0.785804,0.831461,1.0,0.972973,1.0,0.0,4.723673,0.593073,3.483639,0.730711,,,0.0,0.0,13,onset
13 / mixed / onset,mixed,621.5,0.176453,0.026322,0.46875,0.783802,0.672886,0.937153,0.844181,1.0,0.422897,4.647521,0.538088,3.616116,0.690949,2.715799,0.949234,0.783802,0.782338,0.976153,0.897394,1.0,0.049002,4.789855,0.612973,3.730682,0.831623,4.573535,0.875021,0.176453,0.026322,13,onset
13 / lvo / speed,lvo,103.0,0.325841,0.078958,0.666667,0.713592,0.870748,0.95,0.968,1.0,0.570248,4.501079,0.455183,2.70805,0.0,2.638943,1.089472,0.713592,0.959184,0.95,0.95,1.0,0.12782,4.608151,0.550251,2.70805,0.0,4.467596,0.88248,0.325841,0.078958,13,speed
13 / nlvo / speed,nlvo,450.0,0.129857,0.010925,0.214286,0.631111,0.609155,0.95,0.790476,1.0,0.449799,4.704863,0.555806,2.70805,0.0,2.763148,0.853276,0.631111,0.728873,0.95,0.865,1.0,0.028902,4.863569,0.62372,2.70805,0.0,,,0.129857,0.010925,13,speed
13 / other / speed,other,68.5,0.0,0.0,,0.649635,0.752809,0.95,0.865672,1.0,0.0,4.631165,0.544389,2.70805,0.0,,,0.649635,0.831461,0.95,0.972973,1.0,0.0,4.723673,0.593073,2.70805,0.0,,,0.0,0.0,13,speed
13 / mixed / speed,mixed,621.5,0.147611,0.02114,0.46875,0.646822,0.672886,0.95,0.844181,1.0,0.422897,4.647521,0.538088,2.70805,0.0,2.715799,0.949234,0.646822,0.782338,0.95,0.897394,1.0,0.049002,4.789855,0.612973,2.70805,0.0,4.573535,0.875021,0.147611,0.02114,13,speed
13 / lvo / onset + benchmark,lvo,103.0,0.411616,0.095856,0.666667,0.828872,0.870748,0.976562,0.968,1.0,0.603306,4.501079,0.455183,3.382589,0.591254,2.638943,1.089472,0.828872,0.959184,0.992908,0.95,1.0,0.12782,4.608151,0.550251,3.45151,0.730529,4.467596,0.88248,0.411616,0.095856,13,onset + benchmark
13 / nlvo / onset + benchmark,nlvo,450.0,0.130518,0.013414,0.214286,0.761925,0.609155,0.910405,0.790476,1.0,0.390756,4.704863,0.555806,3.743239,0.688885,2.763148,0.853276,0.761925,0.728873,0.966184,0.865,1.0,0.028902,4.863569,0.62372,3.874095,0.848316,,,0.130518,0.013414,13,onset + benchmark
13 / other / onset + benchmark,other,68.5,0.0,0.0,,0.785804,0.752809,1.0,0.865672,1.0,0.0,4.631165,0.544389,3.454133,0.733849,,,0.785804,0.831461,1.0,0.972973,1.0,0.0,4.723673,0.593073,3.483639,0.730711,,,0.0,0.0,13,onset + benchmark
13 / mixed / onset + benchmark,mixed,621.5,0.169629,0.026322,0.46875,0.783802,0.672886,0.937153,0.844181,1.0,0.406542,4.647521,0.538088,3.616116,0.690949,2.715799,0.949234,0.783802,0.782338,0.976153,0.897394,1.0,0.049002,4.789855,0.612973,3.730682,0.831623,4.573535,0.875021,0.169629,0.026322,13,onset + benchmark
13 / lvo / speed + benchmark,lvo,103.0,0.34473,0.078958,0.666667,0.713592,0.870748,0.95,0.968,1.0,0.603306,4.501079,0.455183,2.70805,0.0,2.638943,1.089472,0.713592,0.959184,0.95,0.95,1.0,0.12782,4.608151,0.550251,2.70805,0.0,4.467596,0.88248,0.34473,0.078958,13,speed + benchmark
13 / nlvo / speed + benchmark,nlvo,450.0,0.112811,0.010925,0.214286,0.631111,0.609155,0.95,0.790476,1.0,0.390756,4.704863,0.555806,2.70805,0.0,2.763148,0.853276,0.631111,0.728873,0.95,0.865,1.0,0.028902,4.863569,0.62372,2.70805,0.0,,,0.112811,0.010925,13,speed + benchmark
13 / other / speed + benchmark,other,68.5,0.0,0.0,,0.649635,0.752809,0.95,0.865672,1.0,0.0,4.631165,0.544389,2.70805,0.0,,,0.649635,0.831461,0.95,0.972973,1.0,0.0,4.723673,0.593073,2.70805,0.0,,,0.0,0.0,13,speed + benchmark
13 / mixed / speed + benchmark,mixed,621.5,0.141903,0.02114,0.46875,0.646822,0.672886,0.95,0.844181,1.0,0.406542,4.647521,0.538088,2.70805,0.0,2.715799,0.949234,0.646822,0.782338,0.95,0.897394,1.0,0.049002,4.789855,0.612973,2.70805,0.0,4.573535,0.875021,0.141903,0.02114,13,speed + benchmark
13 / lvo / speed + onset,lvo,103.0,0.37848,0.091714,0.666667,0.828872,0.870748,0.95,0.968,1.0,0.570248,4.501079,0.455183,2.70805,0.0,2.638943,1.089472,0.828872,0.959184,0.95,0.95,1.0,0.12782,4.608151,0.550251,2.70805,0.0,4.467596,0.88248,0.37848,0.091714,13,speed + onset
13 / nlvo / speed + onset,nlvo,450.0,0.156773,0.01319,0.214286,0.761925,0.609155,0.95,0.790476,1.0,0.449799,4.704863,0.555806,2.70805,0.0,2.763148,0.853276,0.761925,0.728873,0.95,0.865,1.0,0.028902,4.863569,0.62372,2.70805,0.0,,,0.156773,0.01319,13,speed + onset
13 / other / speed + onset,other,68.5,0.0,0.0,,0.785804,0.752809,0.95,0.865672,1.0,0.0,4.631165,0.544389,2.70805,0.0,,,0.785804,0.831461,0.95,0.972973,1.0,0.0,4.723673,0.593073,2.70805,0.0,,,0.0,0.0,13,speed + onset
13 / mixed / speed + onset,mixed,621.5,0.178872,0.025617,0.46875,0.783802,0.672886,0.95,0.844181,1.0,0.422897,4.647521,0.538088,2.70805,0.0,2.715799,0.949234,0.783802,0.782338,0.95,0.897394,1.0,0.049002,4.789855,0.612973,2.70805,0.0,4.573535,0.875021,0.178872,0.025617,13,speed + onset
13 / lvo / speed + onset + benchmark,lvo,103.0,0.400421,0.091714,0.666667,0.828872,0.870748,0.95,0.968,1.0,0.603306,4.501079,0.455183,2.70805,0.0,2.638943,1.089472,0.828872,0.959184,0.95,0.95,1.0,0.12782,4.608151,0.550251,2.70805,0.0,4.467596,0.88248,0.400421,0.091714,13,speed + onset + benchmark
13 / nlvo / speed + onset + benchmark,nlvo,450.0,0.136194,0.01319,0.214286,0.761925,0.609155,0.95,0.790476,1.0,0.390756,4.704863,0.555806,2.70805,0.0,2.763148,0.853276,0.761925,0.728873,0.95,0.865,1.0,0.028902,4.863569,0.62372,2.70805,0.0,,,0.136194,0.01319,13,speed + onset + benchmark
13 / other / speed + onset + benchmark,other,68.5,0.0,0.0,,0.785804,0.752809,0.95,0.865672,1.0,0.0,4.631165,0.544389,2.70805,0.0,,,0.785804,0.831461,0.95,0.972973,1.0,0.0,4.723673,0.593073,2.70805,0.0,,,0.0,0.0,13,speed + onset + benchmark
13 / mixed / speed + onset + benchmark,mixed,621.5,0.171954,0.025617,0.46875,0.783802,0.672886,0.95,0.844181,1.0,0.406542,4.647521,0.538088,2.70805,0.0,2.715799,0.949234,0.783802,0.782338,0.95,0.897394,1.0,0.049002,4.789855,0.612973,2.70805,0.0,4.573535,0.875021,0.171954,0.025617,13,speed + onset + benchmark
14 / lvo / base,lvo,91.5,0.240437,0.005464,0.0,0.786885,0.819444,0.966102,0.938596,1.0,0.392523,4.569588,0.583292,3.083361,0.961511,3.663394,0.587921,0.786885,0.861111,0.967742,0.975,1.0,0.008547,4.623024,0.617173,3.100838,0.976212,,,0.229508,0.005464,14,base
14 / nlvo / base,nlvo,471.0,0.087049,0.001062,1.0,0.605096,0.615789,0.911681,0.859375,1.0,0.283636,4.677711,0.417692,3.519845,0.998142,3.628318,0.716499,0.605096,0.705263,0.942786,0.854881,1.0,0.003086,4.810668,0.5251,3.674917,1.144946,,,0.082802,0.001061,14,base
14 / other / base,other,46.5,0.0,0.0,,0.623656,0.724138,0.904762,0.868421,1.0,0.0,4.623371,0.5687,3.469184,0.823313,,,0.623656,0.758621,1.0,0.931818,1.0,0.0,4.672486,0.600813,3.680732,0.988402,,,0.0,0.0,14,base
14 / mixed / base,mixed,609.0,0.103448,0.001642,0.5,0.633826,0.661917,0.923679,0.879237,1.0,0.289157,4.648277,0.475252,3.410345,0.99203,3.640595,0.671977,0.633826,0.738342,0.952632,0.887661,1.0,0.004149,4.759181,0.557164,3.54852,1.121584,,,0.098522,0.001642,14,base
14 / lvo / benchmark,lvo,91.5,0.459016,0.005464,0.0,0.786885,0.819444,0.966102,0.938596,1.0,0.785047,4.569588,0.583292,3.083361,0.961511,3.663394,0.587921,0.786885,0.861111,0.967742,0.975,1.0,0.008547,4.623024,0.617173,3.100838,0.976212,,,0.459016,0.005464,14,benchmark
14 / nlvo / benchmark,nlvo,471.0,0.137252,0.001061,1.0,0.605096,0.615789,0.911681,0.859375,1.0,0.470149,4.677711,0.417692,3.519845,0.998142,3.628318,0.716499,0.605096,0.705263,0.942786,0.854881,1.0,0.003086,4.810668,0.5251,3.674917,1.144946,,,0.137252,0.001061,14,benchmark
14 / other / benchmark,other,46.5,0.0,0.0,,0.623656,0.724138,0.904762,0.868421,1.0,0.0,4.623371,0.5687,3.469184,0.823313,,,0.623656,0.758621,1.0,0.931818,1.0,0.0,4.672486,0.600813,3.680732,0.988402,,,0.0,0.0,14,benchmark
14 / mixed / benchmark,mixed,609.0,0.17734,0.001642,0.5,0.633826,0.661917,0.923679,0.879237,1.0,0.520482,4.648277,0.475252,3.410345,0.99203,3.640595,0.671977,0.633826,0.738342,0.952632,0.887661,1.0,0.004149,4.759181,0.557164,3.54852,1.121584,,,0.17734,0.001642,14,benchmark
14 / lvo / onset,lvo,91.5,0.241754,0.005756,0.0,0.828872,0.819444,0.966102,0.938596,1.0,0.392523,4.569588,0.583292,3.083361,0.961511,3.663394,0.587921,0.828872,0.861111,0.967742,0.975,1.0,0.008547,4.623024,0.617173,3.100838,0.976212,,,0.241754,0.005756,14,onset
14 / nlvo / onset,nlvo,471.0,0.104263,0.001337,1.0,0.761925,0.615789,0.911681,0.859375,1.0,0.283636,4.677711,0.417692,3.519845,0.998142,3.628318,0.716499,0.761925,0.705263,0.942786,0.854881,1.0,0.003086,4.810668,0.5251,3.674917,1.144946,,,0.104263,0.001337,14,onset
14 / other / onset,other,46.5,0.0,0.0,,0.785804,0.724138,0.904762,0.868421,1.0,0.0,4.623371,0.5687,3.469184,0.823313,,,0.785804,0.758621,1.0,0.931818,1.0,0.0,4.672486,0.600813,3.680732,0.988402,,,0.0,0.0,14,onset
14 / mixed / onset,mixed,609.0,0.121835,0.00203,0.5,0.783802,0.661917,0.923679,0.879237,1.0,0.289157,4.648277,0.475252,3.410345,0.99203,3.640595,0.671977,0.783802,0.738342,0.952632,0.887661,1.0,0.004149,4.759181,0.557164,3.54852,1.121584,,,0.121835,0.00203,14,onset
14 / lvo / speed,lvo,91.5,0.225683,0.005364,0.0,0.786885,0.819444,0.95,0.938596,1.0,0.392523,4.569588,0.583292,2.70805,0.0,3.663394,0.587921,0.786885,0.861111,0.95,0.975,1.0,0.008547,4.623024,0.617173,2.70805,0.0,,,0.225683,0.005364,14,speed
14 / nlvo / speed,nlvo,471.0,0.086283,0.00107,1.0,0.605096,0.615789,0.95,0.859375,1.0,0.283636,4.677711,0.417692,2.70805,0.0,3.628318,0.716499,0.605096,0.705263,0.95,0.854881,1.0,0.003086,4.810668,0.5251,2.70805,0.0,,,0.086283,0.00107,14,speed
14 / other / speed,other,46.5,0.0,0.0,,0.623656,0.724138,0.95,0.868421,1.0,0.0,4.623371,0.5687,2.70805,0.0,,,0.623656,0.758621,0.95,0.931818,1.0,0.0,4.672486,0.600813,2.70805,0.0,,,0.0,0.0,14,speed
14 / mixed / speed,mixed,609.0,0.10133,0.001637,0.5,0.633826,0.661917,0.95,0.879237,1.0,0.289157,4.648277,0.475252,2.70805,0.0,3.640595,0.671977,0.633826,0.738342,0.95,0.887661,1.0,0.004149,4.759181,0.557164,2.70805,0.0,,,0.10133,0.001637,14,speed
14 / lvo / onset + benchmark,lvo,91.5,0.483508,0.005756,0.0,0.828872,0.819444,0.966102,0.938596,1.0,0.785047,4.569588,0.583292,3.083361,0.961511,3.663394,0.587921,0.828872,0.861111,0.967742,0.975,1.0,0.008547,4.623024,0.617173,3.100838,0.976212,,,0.483508,0.005756,14,onset + benchmark
14 / nlvo / onset + benchmark,nlvo,471.0,0.172825,0.001337,1.0,0.761925,0.615789,0.911681,0.859375,1.0,0.470149,4.677711,0.417692,3.519845,0.998142,3.628318,0.716499,0.761925,0.705263,0.942786,0.854881,1.0,0.003086,4.810668,0.5251,3.674917,1.144946,,,0.172825,0.001337,14,onset + benchmark
14 / other / onset + benchmark,other,46.5,0.0,0.0,,0.785804,0.724138,0.904762,0.868421,1.0,0.0,4.623371,0.5687,3.469184,0.823313,,,0.785804,0.758621,1.0,0.931818,1.0,0.0,4.672486,0.600813,3.680732,0.988402,,,0.0,0.0,14,onset + benchmark
14 / mixed / onset + benchmark,mixed,609.0,0.219302,0.00203,0.5,0.783802,0.661917,0.923679,0.879237,1.0,0.520482,4.648277,0.475252,3.410345,0.99203,3.640595,0.671977,0.783802,0.738342,0.952632,0.887661,1.0,0.004149,4.759181,0.557164,3.54852,1.121584,,,0.219302,0.00203,14,onset + benchmark
14 / lvo / speed + benchmark,lvo,91.5,0.451365,0.005364,0.0,0.786885,0.819444,0.95,0.938596,1.0,0.785047,4.569588,0.583292,2.70805,0.0,3.663394,0.587921,0.786885,0.861111,0.95,0.975,1.0,0.008547,4.623024,0.617173,2.70805,0.0,,,0.451365,0.005364,14,speed + benchmark
14 / nlvo / speed + benchmark,nlvo,471.0,0.14302,0.00107,1.0,0.605096,0.615789,0.95,0.859375,1.0,0.470149,4.677711,0.417692,2.70805,0.0,3.628318,0.716499,0.605096,0.705263,0.95,0.854881,1.0,0.003086,4.810668,0.5251,2.70805,0.0,,,0.14302,0.00107,14,speed + benchmark
14 / other / speed + benchmark,other,46.5,0.0,0.0,,0.623656,0.724138,0.95,0.868421,1.0,0.0,4.623371,0.5687,2.70805,0.0,,,0.623656,0.758621,0.95,0.931818,1.0,0.0,4.672486,0.600813,2.70805,0.0,,,0.0,0.0,14,speed + benchmark
14 / mixed / speed + benchmark,mixed,609.0,0.182393,0.001637,0.5,0.633826,0.661917,0.95,0.879237,1.0,0.520482,4.648277,0.475252,2.70805,0.0,3.640595,0.671977,0.633826,0.738342,0.95,0.887661,1.0,0.004149,4.759181,0.557164,2.70805,0.0,,,0.182393,0.001637,14,speed + benchmark
14 / lvo / speed + onset,lvo,91.5,0.237725,0.005651,0.0,0.828872,0.819444,0.95,0.938596,1.0,0.392523,4.569588,0.583292,2.70805,0.0,3.663394,0.587921,0.828872,0.861111,0.95,0.975,1.0,0.008547,4.623024,0.617173,2.70805,0.0,,,0.237725,0.005651,14,speed + onset
14 / nlvo / speed + onset,nlvo,471.0,0.108646,0.001347,1.0,0.761925,0.615789,0.95,0.859375,1.0,0.283636,4.677711,0.417692,2.70805,0.0,3.628318,0.716499,0.761925,0.705263,0.95,0.854881,1.0,0.003086,4.810668,0.5251,2.70805,0.0,,,0.108646,0.001347,14,speed + onset
14 / other / speed + onset,other,46.5,0.0,0.0,,0.785804,0.724138,0.95,0.868421,1.0,0.0,4.623371,0.5687,2.70805,0.0,,,0.785804,0.758621,0.95,0.931818,1.0,0.0,4.672486,0.600813,2.70805,0.0,,,0.0,0.0,14,speed + onset
14 / mixed / speed + onset,mixed,609.0,0.125306,0.002025,0.5,0.783802,0.661917,0.95,0.879237,1.0,0.289157,4.648277,0.475252,2.70805,0.0,3.640595,0.671977,0.783802,0.738342,0.95,0.887661,1.0,0.004149,4.759181,0.557164,2.70805,0.0,,,0.125306,0.002025,14,speed + onset
14 / lvo / speed + onset + benchmark,lvo,91.5,0.47545,0.005651,0.0,0.828872,0.819444,0.95,0.938596,1.0,0.785047,4.569588,0.583292,2.70805,0.0,3.663394,0.587921,0.828872,0.861111,0.95,0.975,1.0,0.008547,4.623024,0.617173,2.70805,0.0,,,0.47545,0.005651,14,speed + onset + benchmark
14 / nlvo / speed + onset + benchmark,nlvo,471.0,0.180089,0.001347,1.0,0.761925,0.615789,0.95,0.859375,1.0,0.470149,4.677711,0.417692,2.70805,0.0,3.628318,0.716499,0.761925,0.705263,0.95,0.854881,1.0,0.003086,4.810668,0.5251,2.70805,0.0,,,0.180089,0.001347,14,speed + onset + benchmark
14 / other / speed + onset + benchmark,other,46.5,0.0,0.0,,0.785804,0.724138,0.95,0.868421,1.0,0.0,4.623371,0.5687,2.70805,0.0,,,0.785804,0.758621,0.95,0.931818,1.0,0.0,4.672486,0.600813,2.70805,0.0,,,0.0,0.0,14,speed + onset + benchmark
14 / mixed / speed + onset + benchmark,mixed,609.0,0.225551,0.002025,0.5,0.783802,0.661917,0.95,0.879237,1.0,0.520482,4.648277,0.475252,2.70805,0.0,3.640595,0.671977,0.783802,0.738342,0.95,0.887661,1.0,0.004149,4.759181,0.557164,2.70805,0.0,,,0.225551,0.002025,14,speed + onset + benchmark
15 / lvo / base,lvo,101.0,0.232673,0.024752,0.8,0.772277,0.653846,1.0,0.941176,1.0,0.489583,4.646418,0.53198,2.930665,0.755789,3.333464,0.548847,0.772277,0.762821,1.0,0.94958,1.0,0.044248,4.797517,0.617964,2.985456,0.765865,,,0.232673,0.024753,15,base
15 / nlvo / base,nlvo,363.5,0.074278,0.0,,0.756534,0.465455,0.980469,0.844622,1.0,0.235849,4.772937,0.427061,3.368722,0.954541,3.306963,0.526158,0.756534,0.554545,0.983607,0.92,1.0,0.0,4.91777,0.514978,3.452208,1.004476,,,0.068776,0.0,15,base
15 / other / base,other,87.0,0.0,0.0,,0.798851,0.57554,0.975,0.871795,1.0,0.0,4.72696,0.446424,3.311996,0.866861,,,0.798851,0.697842,0.969072,0.87234,1.0,0.0,4.894862,0.548464,3.443017,0.915077,,,0.0,0.0,15,base
15 / mixed / base,mixed,551.5,0.091568,0.004533,0.8,0.766092,0.518343,0.984018,0.87239,1.0,0.257979,4.735076,0.458853,3.254786,0.911899,3.319804,0.534624,0.766092,0.616568,0.984645,0.918129,1.0,0.010616,4.886038,0.547386,3.342252,0.956578,,,0.087942,0.004533,15,base
15 / lvo / benchmark,lvo,101.0,0.262376,0.024753,0.8,0.772277,0.653846,1.0,0.941176,1.0,0.552083,4.646418,0.53198,2.930665,0.755789,3.333464,0.548847,0.772277,0.762821,1.0,0.94958,1.0,0.044248,4.797517,0.617964,2.985456,0.765865,,,0.262376,0.024753,15,benchmark
15 / nlvo / benchmark,nlvo,363.5,0.112927,0.0,,0.756534,0.465455,0.980469,0.844622,1.0,0.387255,4.772937,0.427061,3.368722,0.954541,3.306963,0.526158,0.756534,0.554545,0.983607,0.92,1.0,0.0,4.91777,0.514978,3.452208,1.004476,,,0.112927,0.0,15,benchmark
15 / other / benchmark,other,87.0,0.0,0.0,,0.798851,0.57554,0.975,0.871795,1.0,0.0,4.72696,0.446424,3.311996,0.866861,,,0.798851,0.697842,0.969072,0.87234,1.0,0.0,4.894862,0.548464,3.443017,0.915077,,,0.0,0.0,15,benchmark
15 / mixed / benchmark,mixed,551.5,0.125113,0.004533,0.8,0.766092,0.518343,0.984018,0.87239,1.0,0.367021,4.735076,0.458853,3.254786,0.911899,3.319804,0.534624,0.766092,0.616568,0.984645,0.918129,1.0,0.010616,4.886038,0.547386,3.342252,0.956578,,,0.125113,0.004533,15,benchmark
15 / lvo / onset,lvo,101.0,0.249724,0.026567,0.8,0.828872,0.653846,1.0,0.941176,1.0,0.489583,4.646418,0.53198,2.930665,0.755789,3.333464,0.548847,0.828872,0.762821,1.0,0.94958,1.0,0.044248,4.797517,0.617964,2.985456,0.765865,,,0.249724,0.026567,15,onset
15 / nlvo / onset,nlvo,363.5,0.069266,0.0,,0.761925,0.465455,0.980469,0.844622,1.0,0.235849,4.772937,0.427061,3.368722,0.954541,3.306963,0.526158,0.761925,0.554545,0.983607,0.92,1.0,0.0,4.91777,0.514978,3.452208,1.004476,,,0.069266,0.0,15,onset
15 / other / onset,other,87.0,0.0,0.0,,0.798851,0.57554,0.975,0.871795,1.0,0.0,4.72696,0.446424,3.311996,0.866861,,,0.798851,0.697842,0.969072,0.87234,1.0,0.0,4.894862,0.548464,3.443017,0.915077,,,0.0,0.0,15,onset
15 / mixed / onset,mixed,551.5,0.089975,0.004638,0.8,0.783802,0.518343,0.984018,0.87239,1.0,0.257979,4.735076,0.458853,3.254786,0.911899,3.319804,0.534624,0.783802,0.616568,0.984645,0.918129,1.0,0.010616,4.886038,0.547386,3.342252,0.956578,,,0.089975,0.004638,15,onset
15 / lvo / speed,lvo,101.0,0.221039,0.023515,0.8,0.772277,0.653846,0.95,0.941176,1.0,0.489583,4.646418,0.53198,2.70805,0.0,3.333464,0.548847,0.772277,0.762821,0.95,0.94958,1.0,0.044248,4.797517,0.617964,2.70805,0.0,,,0.221039,0.023515,15,speed
15 / nlvo / speed,nlvo,363.5,0.066639,0.0,,0.756534,0.465455,0.95,0.844622,1.0,0.235849,4.772937,0.427061,2.70805,0.0,3.306963,0.526158,0.756534,0.554545,0.95,0.92,1.0,0.0,4.91777,0.514978,2.70805,0.0,,,0.066639,0.0,15,speed
15 / other / speed,other,87.0,0.0,0.0,,0.798851,0.57554,0.95,0.871795,1.0,0.0,4.72696,0.446424,2.70805,0.0,,,0.798851,0.697842,0.95,0.87234,1.0,0.0,4.894862,0.548464,2.70805,0.0,,,0.0,0.0,15,speed
15 / mixed / speed,mixed,551.5,0.084902,0.004374,0.8,0.766092,0.518343,0.95,0.87239,1.0,0.257979,4.735076,0.458853,2.70805,0.0,3.319804,0.534624,0.766092,0.616568,0.95,0.918129,1.0,0.010616,4.886038,0.547386,2.70805,0.0,,,0.084902,0.004374,15,speed
15 / lvo / onset + benchmark,lvo,101.0,0.281604,0.026567,0.8,0.828872,0.653846,1.0,0.941176,1.0,0.552083,4.646418,0.53198,2.930665,0.755789,3.333464,0.548847,0.828872,0.762821,1.0,0.94958,1.0,0.044248,4.797517,0.617964,2.985456,0.765865,,,0.281604,0.026567,15,onset + benchmark
15 / nlvo / onset + benchmark,nlvo,363.5,0.113732,0.0,,0.761925,0.465455,0.980469,0.844622,1.0,0.387255,4.772937,0.427061,3.368722,0.954541,3.306963,0.526158,0.761925,0.554545,0.983607,0.92,1.0,0.0,4.91777,0.514978,3.452208,1.004476,,,0.113732,0.0,15,onset + benchmark
15 / other / onset + benchmark,other,87.0,0.0,0.0,,0.798851,0.57554,0.975,0.871795,1.0,0.0,4.72696,0.446424,3.311996,0.866861,,,0.798851,0.697842,0.969072,0.87234,1.0,0.0,4.894862,0.548464,3.443017,0.915077,,,0.0,0.0,15,onset + benchmark
15 / mixed / onset + benchmark,mixed,551.5,0.128005,0.004638,0.8,0.783802,0.518343,0.984018,0.87239,1.0,0.367021,4.735076,0.458853,3.254786,0.911899,3.319804,0.534624,0.783802,0.616568,0.984645,0.918129,1.0,0.010616,4.886038,0.547386,3.342252,0.956578,,,0.128005,0.004638,15,onset + benchmark
15 / lvo / speed + benchmark,lvo,101.0,0.249257,0.023515,0.8,0.772277,0.653846,0.95,0.941176,1.0,0.552083,4.646418,0.53198,2.70805,0.0,3.333464,0.548847,0.772277,0.762821,0.95,0.94958,1.0,0.044248,4.797517,0.617964,2.70805,0.0,,,0.249257,0.023515,15,speed + benchmark
15 / nlvo / speed + benchmark,nlvo,363.5,0.109418,0.0,,0.756534,0.465455,0.95,0.844622,1.0,0.387255,4.772937,0.427061,2.70805,0.0,3.306963,0.526158,0.756534,0.554545,0.95,0.92,1.0,0.0,4.91777,0.514978,2.70805,0.0,,,0.109418,0.0,15,speed + benchmark
15 / other / speed + benchmark,other,87.0,0.0,0.0,,0.798851,0.57554,0.95,0.871795,1.0,0.0,4.72696,0.446424,2.70805,0.0,,,0.798851,0.697842,0.95,0.87234,1.0,0.0,4.894862,0.548464,2.70805,0.0,,,0.0,0.0,15,speed + benchmark
15 / mixed / speed + benchmark,mixed,551.5,0.120788,0.004374,0.8,0.766092,0.518343,0.95,0.87239,1.0,0.367021,4.735076,0.458853,2.70805,0.0,3.319804,0.534624,0.766092,0.616568,0.95,0.918129,1.0,0.010616,4.886038,0.547386,2.70805,0.0,,,0.120788,0.004374,15,speed + benchmark
15 / lvo / speed + onset,lvo,101.0,0.237238,0.025238,0.8,0.828872,0.653846,0.95,0.941176,1.0,0.489583,4.646418,0.53198,2.70805,0.0,3.333464,0.548847,0.828872,0.762821,0.95,0.94958,1.0,0.044248,4.797517,0.617964,2.70805,0.0,,,0.237238,0.025238,15,speed + onset
15 / nlvo / speed + onset,nlvo,363.5,0.067114,0.0,,0.761925,0.465455,0.95,0.844622,1.0,0.235849,4.772937,0.427061,2.70805,0.0,3.306963,0.526158,0.761925,0.554545,0.95,0.92,1.0,0.0,4.91777,0.514978,2.70805,0.0,,,0.067114,0.0,15,speed + onset
15 / other / speed + onset,other,87.0,0.0,0.0,,0.798851,0.57554,0.95,0.871795,1.0,0.0,4.72696,0.446424,2.70805,0.0,,,0.798851,0.697842,0.95,0.87234,1.0,0.0,4.894862,0.548464,2.70805,0.0,,,0.0,0.0,15,speed + onset
15 / mixed / speed + onset,mixed,551.5,0.086864,0.004475,0.8,0.783802,0.518343,0.95,0.87239,1.0,0.257979,4.735076,0.458853,2.70805,0.0,3.319804,0.534624,0.783802,0.616568,0.95,0.918129,1.0,0.010616,4.886038,0.547386,2.70805,0.0,,,0.086864,0.004475,15,speed + onset
15 / lvo / speed + onset + benchmark,lvo,101.0,0.267524,0.025238,0.8,0.828872,0.653846,0.95,0.941176,1.0,0.552083,4.646418,0.53198,2.70805,0.0,3.333464,0.548847,0.828872,0.762821,0.95,0.94958,1.0,0.044248,4.797517,0.617964,2.70805,0.0,,,0.267524,0.025238,15,speed + onset + benchmark
15 / nlvo / speed + onset + benchmark,nlvo,363.5,0.110198,0.0,,0.761925,0.465455,0.95,0.844622,1.0,0.387255,4.772937,0.427061,2.70805,0.0,3.306963,0.526158,0.761925,0.554545,0.95,0.92,1.0,0.0,4.91777,0.514978,2.70805,0.0,,,0.110198,0.0,15,speed + onset + benchmark
15 / other / speed + onset + benchmark,other,87.0,0.0,0.0,,0.798851,0.57554,0.95,0.871795,1.0,0.0,4.72696,0.446424,2.70805,0.0,,,0.798851,0.697842,0.95,0.87234,1.0,0.0,4.894862,0.548464,2.70805,0.0,,,0.0,0.0,15,speed + onset + benchmark
15 / mixed / speed + onset + benchmark,mixed,551.5,0.12358,0.004475,0.8,0.783802,0.518343,0.95,0.87239,1.0,0.367021,4.735076,0.458853,2.70805,0.0,3.319804,0.534624,0.783802,0.616568,0.95,0.918129,1.0,0.010616,4.886038,0.547386,2.70805,0.0,,,0.12358,0.004475,15,speed + onset + benchmark
16 / lvo / base,lvo,64.0,0.171875,0.109375,0.428571,0.671875,0.639535,0.981818,0.888889,1.0,0.375,4.49961,0.568034,3.415254,1.006486,3.718949,1.009504,0.671875,0.767442,1.0,0.939394,1.0,0.193548,4.694326,0.679883,3.360119,1.155884,5.35999,0.437537,0.140625,0.09375,16,base
16 / nlvo / base,nlvo,186.0,0.051075,0.005376,1.0,0.569892,0.433962,0.913043,0.77381,1.0,0.169231,4.710741,0.480297,3.937885,0.670113,3.988362,0.302536,0.569892,0.551887,0.931624,0.908257,1.0,0.020202,4.916432,0.584206,3.633531,1.291187,,,0.02957,0.005376,16,base
16 / other / base,other,59.0,0.0,0.0,,0.694915,0.54878,0.955556,0.883721,1.0,0.0,4.601225,0.583355,3.523279,0.901458,,,0.694915,0.731707,1.0,0.916667,1.0,0.0,4.875016,0.696586,3.18325,1.537972,,,0.0,0.0,16,base
16 / mixed / base,mixed,309.0,0.066343,0.02589,0.5,0.614887,0.505263,0.942708,0.834254,1.0,0.192053,4.624593,0.536403,3.683464,0.867681,3.82114,0.818001,0.614887,0.639474,0.967078,0.919149,1.0,0.064815,4.845881,0.644153,3.441778,1.331589,5.408634,0.429459,0.046926,0.022654,16,base
16 / lvo / benchmark,lvo,64.0,0.21875,0.09375,0.428571,0.671875,0.639535,0.981818,0.888889,1.0,0.583333,4.49961,0.568034,3.415254,1.006486,3.718949,1.009504,0.671875,0.767442,1.0,0.939394,1.0,0.193548,4.694326,0.679883,3.360119,1.155884,5.35999,0.437537,0.21875,0.09375,16,benchmark
16 / nlvo / benchmark,nlvo,186.0,0.045831,0.005376,1.0,0.569892,0.433962,0.913043,0.77381,1.0,0.262295,4.710741,0.480297,3.937885,0.670113,3.988362,0.302536,0.569892,0.551887,0.931624,0.908257,1.0,0.020202,4.916432,0.584206,3.633531,1.291187,,,0.045831,0.005376,16,benchmark
16 / other / benchmark,other,59.0,0.0,0.0,,0.694915,0.54878,0.955556,0.883721,1.0,0.0,4.601225,0.583355,3.523279,0.901458,,,0.694915,0.731707,1.0,0.916667,1.0,0.0,4.875016,0.696586,3.18325,1.537972,,,0.0,0.0,16,benchmark
16 / mixed / benchmark,mixed,309.0,0.074434,0.022654,0.5,0.614887,0.505263,0.942708,0.834254,1.0,0.304636,4.624593,0.536403,3.683464,0.867681,3.82114,0.818001,0.614887,0.639474,0.967078,0.919149,1.0,0.064815,4.845881,0.644153,3.441778,1.331589,5.408634,0.429459,0.074434,0.022654,16,benchmark
16 / lvo / onset,lvo,64.0,0.173485,0.115656,0.428571,0.828872,0.639535,0.981818,0.888889,1.0,0.375,4.49961,0.568034,3.415254,1.006486,3.718949,1.009504,0.828872,0.767442,1.0,0.939394,1.0,0.193548,4.694326,0.679883,3.360119,1.155884,5.35999,0.437537,0.173485,0.115656,16,onset
16 / nlvo / onset,nlvo,186.0,0.039534,0.007188,1.0,0.761925,0.433962,0.913043,0.77381,1.0,0.169231,4.710741,0.480297,3.937885,0.670113,3.988362,0.302536,0.761925,0.551887,0.931624,0.908257,1.0,0.020202,4.916432,0.584206,3.633531,1.291187,,,0.039534,0.007188,16,onset
16 / other / onset,other,59.0,0.0,0.0,,0.785804,0.54878,0.955556,0.883721,1.0,0.0,4.601225,0.583355,3.523279,0.901458,,,0.785804,0.731707,1.0,0.916667,1.0,0.0,4.875016,0.696586,3.18325,1.537972,,,0.0,0.0,16,onset
16 / mixed / onset,mixed,309.0,0.059816,0.028877,0.5,0.783802,0.505263,0.942708,0.834254,1.0,0.192053,4.624593,0.536403,3.683464,0.867681,3.82114,0.818001,0.783802,0.639474,0.967078,0.919149,1.0,0.064815,4.845881,0.644153,3.441778,1.331589,5.408634,0.429459,0.059816,0.028877,16,onset
16 / lvo / speed,lvo,64.0,0.136068,0.089062,0.428571,0.671875,0.639535,0.95,0.888889,1.0,0.375,4.49961,0.568034,2.70805,0.0,3.718949,1.009504,0.671875,0.767442,0.95,0.939394,1.0,0.193548,4.694326,0.679883,2.70805,0.0,5.35999,0.437537,0.136068,0.089062,16,speed
16 / nlvo / speed,nlvo,186.0,0.030767,0.005482,1.0,0.569892,0.433962,0.95,0.77381,1.0,0.169231,4.710741,0.480297,2.70805,0.0,3.988362,0.302536,0.569892,0.551887,0.95,0.908257,1.0,0.020202,4.916432,0.584206,2.70805,0.0,,,0.030767,0.005482,16,speed
16 / other / speed,other,59.0,0.0,0.0,,0.694915,0.54878,0.95,0.883721,1.0,0.0,4.601225,0.583355,2.70805,0.0,,,0.694915,0.731707,0.95,0.916667,1.0,0.0,4.875016,0.696586,2.70805,0.0,,,0.0,0.0,16,speed
16 / mixed / speed,mixed,309.0,0.047289,0.022254,0.5,0.614887,0.505263,0.95,0.834254,1.0,0.192053,4.624593,0.536403,2.70805,0.0,3.82114,0.818001,0.614887,0.639474,0.95,0.919149,1.0,0.064815,4.845881,0.644153,2.70805,0.0,5.408634,0.429459,0.047289,0.022254,16,speed
16 / lvo / onset + benchmark,lvo,64.0,0.269865,0.115656,0.428571,0.828872,0.639535,0.981818,0.888889,1.0,0.583333,4.49961,0.568034,3.415254,1.006486,3.718949,1.009504,0.828872,0.767442,1.0,0.939394,1.0,0.193548,4.694326,0.679883,3.360119,1.155884,5.35999,0.437537,0.269865,0.115656,16,onset + benchmark
16 / nlvo / onset + benchmark,nlvo,186.0,0.061274,0.007188,1.0,0.761925,0.433962,0.913043,0.77381,1.0,0.262295,4.710741,0.480297,3.937885,0.670113,3.988362,0.302536,0.761925,0.551887,0.931624,0.908257,1.0,0.020202,4.916432,0.584206,3.633531,1.291187,,,0.061274,0.007188,16,onset + benchmark
16 / other / onset + benchmark,other,59.0,0.0,0.0,,0.785804,0.54878,0.955556,0.883721,1.0,0.0,4.601225,0.583355,3.523279,0.901458,,,0.785804,0.731707,1.0,0.916667,1.0,0.0,4.875016,0.696586,3.18325,1.537972,,,0.0,0.0,16,onset + benchmark
16 / mixed / onset + benchmark,mixed,309.0,0.094881,0.028877,0.5,0.783802,0.505263,0.942708,0.834254,1.0,0.304636,4.624593,0.536403,3.683464,0.867681,3.82114,0.818001,0.783802,0.639474,0.967078,0.919149,1.0,0.064815,4.845881,0.644153,3.441778,1.331589,5.408634,0.429459,0.094881,0.028877,16,onset + benchmark
16 / lvo / speed + benchmark,lvo,64.0,0.211661,0.089062,0.428571,0.671875,0.639535,0.95,0.888889,1.0,0.583333,4.49961,0.568034,2.70805,0.0,3.718949,1.009504,0.671875,0.767442,0.95,0.939394,1.0,0.193548,4.694326,0.679883,2.70805,0.0,5.35999,0.437537,0.211661,0.089062,16,speed + benchmark
16 / nlvo / speed + benchmark,nlvo,186.0,0.047686,0.005482,1.0,0.569892,0.433962,0.95,0.77381,1.0,0.262295,4.710741,0.480297,2.70805,0.0,3.988362,0.302536,0.569892,0.551887,0.95,0.908257,1.0,0.020202,4.916432,0.584206,2.70805,0.0,,,0.047686,0.005482,16,speed + benchmark
16 / other / speed + benchmark,other,59.0,0.0,0.0,,0.694915,0.54878,0.95,0.883721,1.0,0.0,4.601225,0.583355,2.70805,0.0,,,0.694915,0.731707,0.95,0.916667,1.0,0.0,4.875016,0.696586,2.70805,0.0,,,0.0,0.0,16,speed + benchmark
16 / mixed / speed + benchmark,mixed,309.0,0.075009,0.022254,0.5,0.614887,0.505263,0.95,0.834254,1.0,0.304636,4.624593,0.536403,2.70805,0.0,3.82114,0.818001,0.614887,0.639474,0.95,0.919149,1.0,0.064815,4.845881,0.644153,2.70805,0.0,5.408634,0.429459,0.075009,0.022254,16,speed + benchmark
16 / lvo / speed + onset,lvo,64.0,0.167863,0.109874,0.428571,0.828872,0.639535,0.95,0.888889,1.0,0.375,4.49961,0.568034,2.70805,0.0,3.718949,1.009504,0.828872,0.767442,0.95,0.939394,1.0,0.193548,4.694326,0.679883,2.70805,0.0,5.35999,0.437537,0.167863,0.109874,16,speed + onset
16 / nlvo / speed + onset,nlvo,186.0,0.041134,0.00733,1.0,0.761925,0.433962,0.95,0.77381,1.0,0.169231,4.710741,0.480297,2.70805,0.0,3.988362,0.302536,0.761925,0.551887,0.95,0.908257,1.0,0.020202,4.916432,0.584206,2.70805,0.0,,,0.041134,0.00733,16,speed + onset
16 / other / speed + onset,other,59.0,0.0,0.0,,0.785804,0.54878,0.95,0.883721,1.0,0.0,4.601225,0.583355,2.70805,0.0,,,0.785804,0.731707,0.95,0.916667,1.0,0.0,4.875016,0.696586,2.70805,0.0,,,0.0,0.0,16,speed + onset
16 / mixed / speed + onset,mixed,309.0,0.060279,0.028367,0.5,0.783802,0.505263,0.95,0.834254,1.0,0.192053,4.624593,0.536403,2.70805,0.0,3.82114,0.818001,0.783802,0.639474,0.95,0.919149,1.0,0.064815,4.845881,0.644153,2.70805,0.0,5.408634,0.429459,0.060279,0.028367,16,speed + onset
16 / lvo / speed + onset + benchmark,lvo,64.0,0.26112,0.109874,0.428571,0.828872,0.639535,0.95,0.888889,1.0,0.583333,4.49961,0.568034,2.70805,0.0,3.718949,1.009504,0.828872,0.767442,0.95,0.939394,1.0,0.193548,4.694326,0.679883,2.70805,0.0,5.35999,0.437537,0.26112,0.109874,16,speed + onset + benchmark
16 / nlvo / speed + onset + benchmark,nlvo,186.0,0.063755,0.00733,1.0,0.761925,0.433962,0.95,0.77381,1.0,0.262295,4.710741,0.480297,2.70805,0.0,3.988362,0.302536,0.761925,0.551887,0.95,0.908257,1.0,0.020202,4.916432,0.584206,2.70805,0.0,,,0.063755,0.00733,16,speed + onset + benchmark
16 / other / speed + onset + benchmark,other,59.0,0.0,0.0,,0.785804,0.54878,0.95,0.883721,1.0,0.0,4.601225,0.583355,2.70805,0.0,,,0.785804,0.731707,0.95,0.916667,1.0,0.0,4.875016,0.696586,2.70805,0.0,,,0.0,0.0,16,speed + onset + benchmark
16 / mixed / speed + onset + benchmark,mixed,309.0,0.095615,0.028367,0.5,0.783802,0.505263,0.95,0.834254,1.0,0.304636,4.624593,0.536403,2.70805,0.0,3.82114,0.818001,0.783802,0.639474,0.95,0.919149,1.0,0.064815,4.845881,0.644153,2.70805,0.0,5.408634,0.429459,0.095615,0.028367,16,speed + onset + benchmark
17 / lvo / base,lvo,79.5,0.201258,0.012579,1.0,0.754717,0.691667,0.975904,0.950617,1.0,0.376623,4.585693,0.431658,3.293666,1.298324,3.723992,0.513075,0.754717,0.808333,1.0,0.948454,1.0,0.021739,4.733364,0.539612,3.381649,1.312722,,,0.18239,0.012579,17,base
17 / nlvo / base,nlvo,329.0,0.06231,0.0,,0.699088,0.528261,0.930041,0.792035,1.0,0.223464,4.716537,0.490674,3.735674,1.138162,3.819237,0.427048,0.699088,0.647826,0.973154,0.8,1.0,0.0,4.900797,0.590856,3.951186,1.172744,,,0.06079,0.0,17,base
17 / other / base,other,62.5,0.0,0.0,,0.712,0.741573,0.984848,0.861538,1.0,0.0,4.540124,0.803077,3.501771,1.244828,,,0.712,0.797753,0.971831,0.971014,1.0,0.0,4.620413,0.828623,3.523793,1.228811,,,0.0,0.0,17,base
17 / mixed / base,mixed,471.0,0.077495,0.002123,1.0,0.710191,0.585949,0.94898,0.83871,1.0,0.221154,4.65913,0.548532,3.59856,1.204083,3.779206,0.463932,0.710191,0.696562,0.978541,0.857456,1.0,0.005115,4.823226,0.631093,3.765364,1.234932,,,0.073248,0.002123,17,base
17 / lvo / benchmark,lvo,79.5,0.27673,0.012579,1.0,0.754717,0.691667,0.975904,0.950617,1.0,0.571429,4.585693,0.431658,3.293666,1.298324,3.723992,0.513075,0.754717,0.808333,1.0,0.948454,1.0,0.021739,4.733364,0.539612,3.381649,1.312722,,,0.27673,0.012579,17,benchmark
17 / nlvo / benchmark,nlvo,329.0,0.108491,0.0,,0.699088,0.528261,0.930041,0.792035,1.0,0.39881,4.716537,0.490674,3.735674,1.138162,3.819237,0.427048,0.699088,0.647826,0.973154,0.8,1.0,0.0,4.900797,0.590856,3.951186,1.172744,,,0.108491,0.0,17,benchmark
17 / other / benchmark,other,62.5,0.0,0.0,,0.712,0.741573,0.984848,0.861538,1.0,0.0,4.540124,0.803077,3.501771,1.244828,,,0.712,0.797753,0.971831,0.971014,1.0,0.0,4.620413,0.828623,3.523793,1.228811,,,0.0,0.0,17,benchmark
17 / mixed / benchmark,mixed,471.0,0.126327,0.002123,1.0,0.710191,0.585949,0.94898,0.83871,1.0,0.38141,4.65913,0.548532,3.59856,1.204083,3.779206,0.463932,0.710191,0.696562,0.978541,0.857456,1.0,0.005115,4.823226,0.631093,3.765364,1.234932,,,0.126327,0.002123,17,benchmark
17 / lvo / onset,lvo,79.5,0.200311,0.013814,1.0,0.828872,0.691667,0.975904,0.950617,1.0,0.376623,4.585693,0.431658,3.293666,1.298324,3.723992,0.513075,0.828872,0.808333,1.0,0.948454,1.0,0.021739,4.733364,0.539612,3.381649,1.312722,,,0.200311,0.013814,17,onset
17 / nlvo / onset,nlvo,329.0,0.066254,0.0,,0.761925,0.528261,0.930041,0.792035,1.0,0.223464,4.716537,0.490674,3.735674,1.138162,3.819237,0.427048,0.761925,0.647826,0.973154,0.8,1.0,0.0,4.900797,0.590856,3.951186,1.172744,,,0.066254,0.0,17,onset
17 / other / onset,other,62.5,0.0,0.0,,0.785804,0.741573,0.984848,0.861538,1.0,0.0,4.540124,0.803077,3.501771,1.244828,,,0.785804,0.797753,0.971831,0.971014,1.0,0.0,4.620413,0.828623,3.523793,1.228811,,,0.0,0.0,17,onset
17 / mixed / onset,mixed,471.0,0.080841,0.002343,1.0,0.783802,0.585949,0.94898,0.83871,1.0,0.221154,4.65913,0.548532,3.59856,1.204083,3.779206,0.463932,0.783802,0.696562,0.978541,0.857456,1.0,0.005115,4.823226,0.631093,3.765364,1.234932,,,0.080841,0.002343,17,onset
17 / lvo / speed,lvo,79.5,0.177549,0.01195,1.0,0.754717,0.691667,0.95,0.950617,1.0,0.376623,4.585693,0.431658,2.70805,0.0,3.723992,0.513075,0.754717,0.808333,0.95,0.948454,1.0,0.021739,4.733364,0.539612,2.70805,0.0,,,0.177549,0.01195,17,speed
17 / nlvo / speed,nlvo,329.0,0.062095,0.0,,0.699088,0.528261,0.95,0.792035,1.0,0.223464,4.716537,0.490674,2.70805,0.0,3.819237,0.427048,0.699088,0.647826,0.95,0.8,1.0,0.0,4.900797,0.590856,2.70805,0.0,,,0.062095,0.0,17,speed
17 / other / speed,other,62.5,0.0,0.0,,0.712,0.741573,0.95,0.861538,1.0,0.0,4.540124,0.803077,2.70805,0.0,,,0.712,0.797753,0.95,0.971014,1.0,0.0,4.620413,0.828623,2.70805,0.0,,,0.0,0.0,17,speed
17 / mixed / speed,mixed,471.0,0.073327,0.002061,1.0,0.710191,0.585949,0.95,0.83871,1.0,0.221154,4.65913,0.548532,2.70805,0.0,3.779206,0.463932,0.710191,0.696562,0.95,0.857456,1.0,0.005115,4.823226,0.631093,2.70805,0.0,,,0.073327,0.002061,17,speed
17 / lvo / onset + benchmark,lvo,79.5,0.30392,0.013814,1.0,0.828872,0.691667,0.975904,0.950617,1.0,0.571429,4.585693,0.431658,3.293666,1.298324,3.723992,0.513075,0.828872,0.808333,1.0,0.948454,1.0,0.021739,4.733364,0.539612,3.381649,1.312722,,,0.30392,0.013814,17,onset + benchmark
17 / nlvo / onset + benchmark,nlvo,329.0,0.118242,0.0,,0.761925,0.528261,0.930041,0.792035,1.0,0.39881,4.716537,0.490674,3.735674,1.138162,3.819237,0.427048,0.761925,0.647826,0.973154,0.8,1.0,0.0,4.900797,0.590856,3.951186,1.172744,,,0.118242,0.0,17,onset + benchmark
17 / other / onset + benchmark,other,62.5,0.0,0.0,,0.785804,0.741573,0.984848,0.861538,1.0,0.0,4.540124,0.803077,3.501771,1.244828,,,0.785804,0.797753,0.971831,0.971014,1.0,0.0,4.620413,0.828623,3.523793,1.228811,,,0.0,0.0,17,onset + benchmark
17 / mixed / onset + benchmark,mixed,471.0,0.139421,0.002343,1.0,0.783802,0.585949,0.94898,0.83871,1.0,0.38141,4.65913,0.548532,3.59856,1.204083,3.779206,0.463932,0.783802,0.696562,0.978541,0.857456,1.0,0.005115,4.823226,0.631093,3.765364,1.234932,,,0.139421,0.002343,17,onset + benchmark
17 / lvo / speed + benchmark,lvo,79.5,0.269384,0.01195,1.0,0.754717,0.691667,0.95,0.950617,1.0,0.571429,4.585693,0.431658,2.70805,0.0,3.723992,0.513075,0.754717,0.808333,0.95,0.948454,1.0,0.021739,4.733364,0.539612,2.70805,0.0,,,0.269384,0.01195,17,speed + benchmark
17 / nlvo / speed + benchmark,nlvo,329.0,0.110819,0.0,,0.699088,0.528261,0.95,0.792035,1.0,0.39881,4.716537,0.490674,2.70805,0.0,3.819237,0.427048,0.699088,0.647826,0.95,0.8,1.0,0.0,4.900797,0.590856,2.70805,0.0,,,0.110819,0.0,17,speed + benchmark
17 / other / speed + benchmark,other,62.5,0.0,0.0,,0.712,0.741573,0.95,0.861538,1.0,0.0,4.540124,0.803077,2.70805,0.0,,,0.712,0.797753,0.95,0.971014,1.0,0.0,4.620413,0.828623,2.70805,0.0,,,0.0,0.0,17,speed + benchmark
17 / mixed / speed + benchmark,mixed,471.0,0.126463,0.002061,1.0,0.710191,0.585949,0.95,0.83871,1.0,0.38141,4.65913,0.548532,2.70805,0.0,3.779206,0.463932,0.710191,0.696562,0.95,0.857456,1.0,0.005115,4.823226,0.631093,2.70805,0.0,,,0.126463,0.002061,17,speed + benchmark
17 / lvo / speed + onset,lvo,79.5,0.194994,0.013124,1.0,0.828872,0.691667,0.95,0.950617,1.0,0.376623,4.585693,0.431658,2.70805,0.0,3.723992,0.513075,0.828872,0.808333,0.95,0.948454,1.0,0.021739,4.733364,0.539612,2.70805,0.0,,,0.194994,0.013124,17,speed + onset
17 / nlvo / speed + onset,nlvo,329.0,0.067676,0.0,,0.761925,0.528261,0.95,0.792035,1.0,0.223464,4.716537,0.490674,2.70805,0.0,3.819237,0.427048,0.761925,0.647826,0.95,0.8,1.0,0.0,4.900797,0.590856,2.70805,0.0,,,0.067676,0.0,17,speed + onset
17 / other / speed + onset,other,62.5,0.0,0.0,,0.785804,0.741573,0.95,0.861538,1.0,0.0,4.540124,0.803077,2.70805,0.0,,,0.785804,0.797753,0.95,0.971014,1.0,0.0,4.620413,0.828623,2.70805,0.0,,,0.0,0.0,17,speed + onset
17 / mixed / speed + onset,mixed,471.0,0.080928,0.002275,1.0,0.783802,0.585949,0.95,0.83871,1.0,0.221154,4.65913,0.548532,2.70805,0.0,3.779206,0.463932,0.783802,0.696562,0.95,0.857456,1.0,0.005115,4.823226,0.631093,2.70805,0.0,,,0.080928,0.002275,17,speed + onset
17 / lvo / speed + onset + benchmark,lvo,79.5,0.295853,0.013124,1.0,0.828872,0.691667,0.95,0.950617,1.0,0.571429,4.585693,0.431658,2.70805,0.0,3.723992,0.513075,0.828872,0.808333,0.95,0.948454,1.0,0.021739,4.733364,0.539612,2.70805,0.0,,,0.295853,0.013124,17,speed + onset + benchmark
17 / nlvo / speed + onset + benchmark,nlvo,329.0,0.12078,0.0,,0.761925,0.528261,0.95,0.792035,1.0,0.39881,4.716537,0.490674,2.70805,0.0,3.819237,0.427048,0.761925,0.647826,0.95,0.8,1.0,0.0,4.900797,0.590856,2.70805,0.0,,,0.12078,0.0,17,speed + onset + benchmark
17 / other / speed + onset + benchmark,other,62.5,0.0,0.0,,0.785804,0.741573,0.95,0.861538,1.0,0.0,4.540124,0.803077,2.70805,0.0,,,0.785804,0.797753,0.95,0.971014,1.0,0.0,4.620413,0.828623,2.70805,0.0,,,0.0,0.0,17,speed + onset + benchmark
17 / mixed / speed + onset + benchmark,mixed,471.0,0.139571,0.002275,1.0,0.783802,0.585949,0.95,0.83871,1.0,0.38141,4.65913,0.548532,2.70805,0.0,3.779206,0.463932,0.783802,0.696562,0.95,0.857456,1.0,0.005115,4.823226,0.631093,2.70805,0.0,,,0.139571,0.002275,17,speed + onset + benchmark
18 / lvo / base,lvo,92.5,0.232432,0.027027,0.6,0.708108,0.694656,0.978022,0.966292,1.0,0.488372,4.428968,0.473486,3.615605,0.69228,3.308777,0.71509,0.708108,0.755725,0.979798,0.979381,1.0,0.042105,4.529376,0.568404,3.594732,0.677186,,,0.227027,0.021621,18,base
18 / nlvo / base,nlvo,377.0,0.068966,0.0,,0.632626,0.519916,0.903226,0.84375,1.0,0.269841,4.622602,0.542604,3.861133,0.681321,3.369044,0.806521,0.632626,0.616352,0.94898,0.83871,1.0,0.0,4.785968,0.628491,3.99724,0.81611,,,0.067639,0.0,18,base
18 / other / base,other,92.5,0.0,0.0,,0.756757,0.671429,0.93617,0.863636,1.0,0.0,4.536033,0.49505,3.864469,0.65764,,,0.756757,0.735714,0.951456,0.908163,1.0,0.0,4.634877,0.572536,3.913491,0.69051,,,0.0,0.0,18,base
18 / mixed / base,mixed,562.0,0.08452,0.004448,0.6,0.66548,0.578877,0.926097,0.875312,1.0,0.264957,4.563114,0.523243,3.807371,0.684697,3.341827,0.763095,0.66548,0.663102,0.955645,0.881857,1.0,0.009569,4.703377,0.613516,3.897555,0.77912,,,0.08274,0.003559,18,base
18 / lvo / benchmark,lvo,92.5,0.248648,0.021621,0.6,0.708108,0.694656,0.978022,0.966292,1.0,0.534884,4.428968,0.473486,3.615605,0.69228,3.308777,0.71509,0.708108,0.755725,0.979798,0.979381,1.0,0.042105,4.529376,0.568404,3.594732,0.677186,,,0.248648,0.021621,18,benchmark
18 / nlvo / benchmark,nlvo,377.0,0.092423,0.0,,0.632626,0.519916,0.903226,0.84375,1.0,0.368715,4.622602,0.542604,3.861133,0.681321,3.369044,0.806521,0.632626,0.616352,0.94898,0.83871,1.0,0.0,4.785968,0.628491,3.99724,0.81611,,,0.092423,0.0,18,benchmark
18 / other / benchmark,other,92.5,0.0,0.0,,0.756757,0.671429,0.93617,0.863636,1.0,0.0,4.536033,0.49505,3.864469,0.65764,,,0.756757,0.735714,0.951456,0.908163,1.0,0.0,4.634877,0.572536,3.913491,0.69051,,,0.0,0.0,18,benchmark
18 / mixed / benchmark,mixed,562.0,0.104092,0.003559,0.6,0.66548,0.578877,0.926097,0.875312,1.0,0.333333,4.563114,0.523243,3.807371,0.684697,3.341827,0.763095,0.66548,0.663102,0.955645,0.881857,1.0,0.009569,4.703377,0.613516,3.897555,0.77912,,,0.104092,0.003559,18,benchmark
18 / lvo / onset,lvo,92.5,0.265745,0.025309,0.6,0.828872,0.694656,0.978022,0.966292,1.0,0.488372,4.428968,0.473486,3.615605,0.69228,3.308777,0.71509,0.828872,0.755725,0.979798,0.979381,1.0,0.042105,4.529376,0.568404,3.594732,0.677186,,,0.265745,0.025309,18,onset
18 / nlvo / onset,nlvo,377.0,0.081464,0.0,,0.761925,0.519916,0.903226,0.84375,1.0,0.269841,4.622602,0.542604,3.861133,0.681321,3.369044,0.806521,0.761925,0.616352,0.94898,0.83871,1.0,0.0,4.785968,0.628491,3.99724,0.81611,,,0.081464,0.0,18,onset
18 / other / onset,other,92.5,0.0,0.0,,0.785804,0.671429,0.93617,0.863636,1.0,0.0,4.536033,0.49505,3.864469,0.65764,,,0.785804,0.735714,0.951456,0.908163,1.0,0.0,4.634877,0.572536,3.913491,0.69051,,,0.0,0.0,18,onset
18 / mixed / onset,mixed,562.0,0.097451,0.004191,0.6,0.783802,0.578877,0.926097,0.875312,1.0,0.264957,4.563114,0.523243,3.807371,0.684697,3.341827,0.763095,0.783802,0.663102,0.955645,0.881857,1.0,0.009569,4.703377,0.613516,3.897555,0.77912,,,0.097451,0.004191,18,onset
18 / lvo / speed,lvo,92.5,0.220522,0.020964,0.6,0.708108,0.694656,0.95,0.966292,1.0,0.488372,4.428968,0.473486,2.70805,0.0,3.308777,0.71509,0.708108,0.755725,0.95,0.979381,1.0,0.042105,4.529376,0.568404,2.70805,0.0,,,0.220522,0.020964,18,speed
18 / nlvo / speed,nlvo,377.0,0.071142,0.0,,0.632626,0.519916,0.95,0.84375,1.0,0.269841,4.622602,0.542604,2.70805,0.0,3.369044,0.806521,0.632626,0.616352,0.95,0.83871,1.0,0.0,4.785968,0.628491,2.70805,0.0,,,0.071142,0.0,18,speed
18 / other / speed,other,92.5,0.0,0.0,,0.756757,0.671429,0.95,0.863636,1.0,0.0,4.536033,0.49505,2.70805,0.0,,,0.756757,0.735714,0.95,0.908163,1.0,0.0,4.634877,0.572536,2.70805,0.0,,,0.0,0.0,18,speed
18 / mixed / speed,mixed,562.0,0.084876,0.003538,0.6,0.66548,0.578877,0.95,0.875312,1.0,0.264957,4.563114,0.523243,2.70805,0.0,3.341827,0.763095,0.66548,0.663102,0.95,0.881857,1.0,0.009569,4.703377,0.613516,2.70805,0.0,,,0.084876,0.003538,18,speed
18 / lvo / onset + benchmark,lvo,92.5,0.291054,0.025309,0.6,0.828872,0.694656,0.978022,0.966292,1.0,0.534884,4.428968,0.473486,3.615605,0.69228,3.308777,0.71509,0.828872,0.755725,0.979798,0.979381,1.0,0.042105,4.529376,0.568404,3.594732,0.677186,,,0.291054,0.025309,18,onset + benchmark
18 / nlvo / onset + benchmark,nlvo,377.0,0.111313,0.0,,0.761925,0.519916,0.903226,0.84375,1.0,0.368715,4.622602,0.542604,3.861133,0.681321,3.369044,0.806521,0.761925,0.616352,0.94898,0.83871,1.0,0.0,4.785968,0.628491,3.99724,0.81611,,,0.111313,0.0,18,onset + benchmark
18 / other / onset + benchmark,other,92.5,0.0,0.0,,0.785804,0.671429,0.93617,0.863636,1.0,0.0,4.536033,0.49505,3.864469,0.65764,,,0.785804,0.735714,0.951456,0.908163,1.0,0.0,4.634877,0.572536,3.913491,0.69051,,,0.0,0.0,18,onset + benchmark
18 / mixed / onset + benchmark,mixed,562.0,0.1226,0.004191,0.6,0.783802,0.578877,0.926097,0.875312,1.0,0.333333,4.563114,0.523243,3.807371,0.684697,3.341827,0.763095,0.783802,0.663102,0.955645,0.881857,1.0,0.009569,4.703377,0.613516,3.897555,0.77912,,,0.1226,0.004191,18,onset + benchmark
18 / lvo / speed + benchmark,lvo,92.5,0.241524,0.020964,0.6,0.708108,0.694656,0.95,0.966292,1.0,0.534884,4.428968,0.473486,2.70805,0.0,3.308777,0.71509,0.708108,0.755725,0.95,0.979381,1.0,0.042105,4.529376,0.568404,2.70805,0.0,,,0.241524,0.020964,18,speed + benchmark
18 / nlvo / speed + benchmark,nlvo,377.0,0.097209,0.0,,0.632626,0.519916,0.95,0.84375,1.0,0.368715,4.622602,0.542604,2.70805,0.0,3.369044,0.806521,0.632626,0.616352,0.95,0.83871,1.0,0.0,4.785968,0.628491,2.70805,0.0,,,0.097209,0.0,18,speed + benchmark
18 / other / speed + benchmark,other,92.5,0.0,0.0,,0.756757,0.671429,0.95,0.863636,1.0,0.0,4.536033,0.49505,2.70805,0.0,,,0.756757,0.735714,0.95,0.908163,1.0,0.0,4.634877,0.572536,2.70805,0.0,,,0.0,0.0,18,speed + benchmark
18 / mixed / speed + benchmark,mixed,562.0,0.106779,0.003538,0.6,0.66548,0.578877,0.95,0.875312,1.0,0.333333,4.563114,0.523243,2.70805,0.0,3.341827,0.763095,0.66548,0.663102,0.95,0.881857,1.0,0.009569,4.703377,0.613516,2.70805,0.0,,,0.106779,0.003538,18,speed + benchmark
18 / lvo / speed + onset,lvo,92.5,0.258131,0.024539,0.6,0.828872,0.694656,0.95,0.966292,1.0,0.488372,4.428968,0.473486,2.70805,0.0,3.308777,0.71509,0.828872,0.755725,0.95,0.979381,1.0,0.042105,4.529376,0.568404,2.70805,0.0,,,0.258131,0.024539,18,speed + onset
18 / nlvo / speed + onset,nlvo,377.0,0.085682,0.0,,0.761925,0.519916,0.95,0.84375,1.0,0.269841,4.622602,0.542604,2.70805,0.0,3.369044,0.806521,0.761925,0.616352,0.95,0.83871,1.0,0.0,4.785968,0.628491,2.70805,0.0,,,0.085682,0.0,18,speed + onset
18 / other / speed + onset,other,92.5,0.0,0.0,,0.785804,0.671429,0.95,0.863636,1.0,0.0,4.536033,0.49505,2.70805,0.0,,,0.785804,0.735714,0.95,0.908163,1.0,0.0,4.634877,0.572536,2.70805,0.0,,,0.0,0.0,18,speed + onset
18 / mixed / speed + onset,mixed,562.0,0.099966,0.004167,0.6,0.783802,0.578877,0.95,0.875312,1.0,0.264957,4.563114,0.523243,2.70805,0.0,3.341827,0.763095,0.783802,0.663102,0.95,0.881857,1.0,0.009569,4.703377,0.613516,2.70805,0.0,,,0.099966,0.004167,18,speed + onset
18 / lvo / speed + onset + benchmark,lvo,92.5,0.282715,0.024539,0.6,0.828872,0.694656,0.95,0.966292,1.0,0.534884,4.428968,0.473486,2.70805,0.0,3.308777,0.71509,0.828872,0.755725,0.95,0.979381,1.0,0.042105,4.529376,0.568404,2.70805,0.0,,,0.282715,0.024539,18,speed + onset + benchmark
18 / nlvo / speed + onset + benchmark,nlvo,377.0,0.117078,0.0,,0.761925,0.519916,0.95,0.84375,1.0,0.368715,4.622602,0.542604,2.70805,0.0,3.369044,0.806521,0.761925,0.616352,0.95,0.83871,1.0,0.0,4.785968,0.628491,2.70805,0.0,,,0.117078,0.0,18,speed + onset + benchmark
18 / other / speed + onset + benchmark,other,92.5,0.0,0.0,,0.785804,0.671429,0.95,0.863636,1.0,0.0,4.536033,0.49505,2.70805,0.0,,,0.785804,0.735714,0.95,0.908163,1.0,0.0,4.634877,0.572536,2.70805,0.0,,,0.0,0.0,18,speed + onset + benchmark
18 / mixed / speed + onset + benchmark,mixed,562.0,0.125764,0.004167,0.6,0.783802,0.578877,0.95,0.875312,1.0,0.333333,4.563114,0.523243,2.70805,0.0,3.341827,0.763095,0.783802,0.663102,0.95,0.881857,1.0,0.009569,4.703377,0.613516,2.70805,0.0,,,0.125764,0.004167,18,speed + onset + benchmark
19 / lvo / base,lvo,58.0,0.344828,0.146552,0.647059,0.982759,0.719298,1.0,0.926829,1.0,0.486842,4.577427,0.449502,2.944841,0.746693,2.473357,1.038071,0.982759,0.789474,1.0,0.966667,1.0,0.183908,4.677337,0.537399,3.005148,0.806376,4.836149,0.789546,0.318965,0.137931,19,base
19 / nlvo / base,nlvo,562.0,0.095196,0.008897,0.6,0.912811,0.367446,0.949602,0.905028,1.0,0.320988,4.692293,0.518407,3.0527,0.906466,2.669722,1.232638,0.912811,0.439571,0.97561,0.918182,1.0,0.022277,4.854711,0.601067,3.21135,1.016919,,,0.092527,0.008007,19,base
19 / other / base,other,47.5,0.0,0.0,,0.905263,0.418605,0.972222,0.942857,1.0,0.0,4.468382,0.452654,3.148608,1.002092,,,0.905263,0.511628,0.954545,1.0,1.0,0.0,4.680721,0.613299,3.190492,0.92454,,,0.0,0.0,19,base
19 / mixed / base,mixed,667.5,0.110112,0.020225,0.62963,0.918352,0.403752,0.959596,0.911579,1.0,0.325635,4.65698,0.506747,3.041147,0.888103,2.618194,1.184252,0.918352,0.477162,0.977778,0.931818,1.0,0.046904,4.814337,0.596312,3.177374,0.981512,4.922211,0.684609,0.105618,0.018726,19,base
19 / lvo / benchmark,lvo,58.0,0.396552,0.137931,0.647059,0.982759,0.719298,1.0,0.926829,1.0,0.605263,4.577427,0.449502,2.944841,0.746693,2.473357,1.038071,0.982759,0.789474,1.0,0.966667,1.0,0.183908,4.677337,0.537399,3.005148,0.806376,4.836149,0.789546,0.396552,0.137931,19,benchmark
19 / nlvo / benchmark,nlvo,562.0,0.084891,0.008007,0.6,0.912811,0.367446,0.949602,0.905028,1.0,0.294498,4.692293,0.518407,3.0527,0.906466,2.669722,1.232638,0.912811,0.439571,0.97561,0.918182,1.0,0.022277,4.854711,0.601067,3.21135,1.016919,,,0.084891,0.008007,19,benchmark
19 / other / benchmark,other,47.5,0.0,0.0,,0.905263,0.418605,0.972222,0.942857,1.0,0.0,4.468382,0.452654,3.148608,1.002092,,,0.905263,0.511628,0.954545,1.0,1.0,0.0,4.680721,0.613299,3.190492,0.92454,,,0.0,0.0,19,benchmark
19 / mixed / benchmark,mixed,667.5,0.110112,0.018726,0.62963,0.918352,0.403752,0.959596,0.911579,1.0,0.339492,4.65698,0.506747,3.041147,0.888103,2.618194,1.184252,0.918352,0.477162,0.977778,0.931818,1.0,0.046904,4.814337,0.596312,3.177374,0.981512,4.922211,0.684609,0.110112,0.018726,19,benchmark
19 / lvo / onset,lvo,58.0,0.318965,0.137931,0.647059,0.982759,0.719298,1.0,0.926829,1.0,0.486842,4.577427,0.449502,2.944841,0.746693,2.473357,1.038071,0.982759,0.789474,1.0,0.966667,1.0,0.183908,4.677337,0.537399,3.005148,0.806376,4.836149,0.789546,0.318965,0.137931,19,onset
19 / nlvo / onset,nlvo,562.0,0.092527,0.008007,0.6,0.912811,0.367446,0.949602,0.905028,1.0,0.320988,4.692293,0.518407,3.0527,0.906466,2.669722,1.232638,0.912811,0.439571,0.97561,0.918182,1.0,0.022277,4.854711,0.601067,3.21135,1.016919,,,0.092527,0.008007,19,onset
19 / other / onset,other,47.5,0.0,0.0,,0.905263,0.418605,0.972222,0.942857,1.0,0.0,4.468382,0.452654,3.148608,1.002092,,,0.905263,0.511628,0.954545,1.0,1.0,0.0,4.680721,0.613299,3.190492,0.92454,,,0.0,0.0,19,onset
19 / mixed / onset,mixed,667.5,0.105618,0.018726,0.62963,0.918352,0.403752,0.959596,0.911579,1.0,0.325635,4.65698,0.506747,3.041147,0.888103,2.618194,1.184252,0.918352,0.477162,0.977778,0.931818,1.0,0.046904,4.814337,0.596312,3.177374,0.981512,4.922211,0.684609,0.105618,0.018726,19,onset
19 / lvo / speed,lvo,58.0,0.303017,0.131035,0.647059,0.982759,0.719298,0.95,0.926829,1.0,0.486842,4.577427,0.449502,2.70805,0.0,2.473357,1.038071,0.982759,0.789474,0.95,0.966667,1.0,0.183908,4.677337,0.537399,2.70805,0.0,4.836149,0.789546,0.303017,0.131035,19,speed
19 / nlvo / speed,nlvo,562.0,0.092565,0.007797,0.6,0.912811,0.367446,0.95,0.905028,1.0,0.320988,4.692293,0.518407,2.70805,0.0,2.669722,1.232638,0.912811,0.439571,0.95,0.918182,1.0,0.022277,4.854711,0.601067,2.70805,0.0,,,0.092565,0.007797,19,speed
19 / other / speed,other,47.5,0.0,0.0,,0.905263,0.418605,0.95,0.942857,1.0,0.0,4.468382,0.452654,2.70805,0.0,,,0.905263,0.511628,0.95,1.0,1.0,0.0,4.680721,0.613299,2.70805,0.0,,,0.0,0.0,19,speed
19 / mixed / speed,mixed,667.5,0.104562,0.018194,0.62963,0.918352,0.403752,0.95,0.911579,1.0,0.325635,4.65698,0.506747,2.70805,0.0,2.618194,1.184252,0.918352,0.477162,0.95,0.931818,1.0,0.046904,4.814337,0.596312,2.70805,0.0,4.922211,0.684609,0.104562,0.018194,19,speed
19 / lvo / onset + benchmark,lvo,58.0,0.396552,0.137931,0.647059,0.982759,0.719298,1.0,0.926829,1.0,0.605263,4.577427,0.449502,2.944841,0.746693,2.473357,1.038071,0.982759,0.789474,1.0,0.966667,1.0,0.183908,4.677337,0.537399,3.005148,0.806376,4.836149,0.789546,0.396552,0.137931,19,onset + benchmark
19 / nlvo / onset + benchmark,nlvo,562.0,0.084891,0.008007,0.6,0.912811,0.367446,0.949602,0.905028,1.0,0.294498,4.692293,0.518407,3.0527,0.906466,2.669722,1.232638,0.912811,0.439571,0.97561,0.918182,1.0,0.022277,4.854711,0.601067,3.21135,1.016919,,,0.084891,0.008007,19,onset + benchmark
19 / other / onset + benchmark,other,47.5,0.0,0.0,,0.905263,0.418605,0.972222,0.942857,1.0,0.0,4.468382,0.452654,3.148608,1.002092,,,0.905263,0.511628,0.954545,1.0,1.0,0.0,4.680721,0.613299,3.190492,0.92454,,,0.0,0.0,19,onset + benchmark
19 / mixed / onset + benchmark,mixed,667.5,0.110112,0.018726,0.62963,0.918352,0.403752,0.959596,0.911579,1.0,0.339492,4.65698,0.506747,3.041147,0.888103,2.618194,1.184252,0.918352,0.477162,0.977778,0.931818,1.0,0.046904,4.814337,0.596312,3.177374,0.981512,4.922211,0.684609,0.110112,0.018726,19,onset + benchmark
19 / lvo / speed + benchmark,lvo,58.0,0.376724,0.131035,0.647059,0.982759,0.719298,0.95,0.926829,1.0,0.605263,4.577427,0.449502,2.70805,0.0,2.473357,1.038071,0.982759,0.789474,0.95,0.966667,1.0,0.183908,4.677337,0.537399,2.70805,0.0,4.836149,0.789546,0.376724,0.131035,19,speed + benchmark
19 / nlvo / speed + benchmark,nlvo,562.0,0.084926,0.007797,0.6,0.912811,0.367446,0.95,0.905028,1.0,0.294498,4.692293,0.518407,2.70805,0.0,2.669722,1.232638,0.912811,0.439571,0.95,0.918182,1.0,0.022277,4.854711,0.601067,2.70805,0.0,,,0.084926,0.007797,19,speed + benchmark
19 / other / speed + benchmark,other,47.5,0.0,0.0,,0.905263,0.418605,0.95,0.942857,1.0,0.0,4.468382,0.452654,2.70805,0.0,,,0.905263,0.511628,0.95,1.0,1.0,0.0,4.680721,0.613299,2.70805,0.0,,,0.0,0.0,19,speed + benchmark
19 / mixed / speed + benchmark,mixed,667.5,0.109011,0.018194,0.62963,0.918352,0.403752,0.95,0.911579,1.0,0.339492,4.65698,0.506747,2.70805,0.0,2.618194,1.184252,0.918352,0.477162,0.95,0.931818,1.0,0.046904,4.814337,0.596312,2.70805,0.0,4.922211,0.684609,0.109011,0.018194,19,speed + benchmark
19 / lvo / speed + onset,lvo,58.0,0.303017,0.131035,0.647059,0.982759,0.719298,0.95,0.926829,1.0,0.486842,4.577427,0.449502,2.70805,0.0,2.473357,1.038071,0.982759,0.789474,0.95,0.966667,1.0,0.183908,4.677337,0.537399,2.70805,0.0,4.836149,0.789546,0.303017,0.131035,19,speed + onset
19 / nlvo / speed + onset,nlvo,562.0,0.092565,0.007797,0.6,0.912811,0.367446,0.95,0.905028,1.0,0.320988,4.692293,0.518407,2.70805,0.0,2.669722,1.232638,0.912811,0.439571,0.95,0.918182,1.0,0.022277,4.854711,0.601067,2.70805,0.0,,,0.092565,0.007797,19,speed + onset
19 / other / speed + onset,other,47.5,0.0,0.0,,0.905263,0.418605,0.95,0.942857,1.0,0.0,4.468382,0.452654,2.70805,0.0,,,0.905263,0.511628,0.95,1.0,1.0,0.0,4.680721,0.613299,2.70805,0.0,,,0.0,0.0,19,speed + onset
19 / mixed / speed + onset,mixed,667.5,0.104562,0.018194,0.62963,0.918352,0.403752,0.95,0.911579,1.0,0.325635,4.65698,0.506747,2.70805,0.0,2.618194,1.184252,0.918352,0.477162,0.95,0.931818,1.0,0.046904,4.814337,0.596312,2.70805,0.0,4.922211,0.684609,0.104562,0.018194,19,speed + onset
19 / lvo / speed + onset + benchmark,lvo,58.0,0.376724,0.131035,0.647059,0.982759,0.719298,0.95,0.926829,1.0,0.605263,4.577427,0.449502,2.70805,0.0,2.473357,1.038071,0.982759,0.789474,0.95,0.966667,1.0,0.183908,4.677337,0.537399,2.70805,0.0,4.836149,0.789546,0.376724,0.131035,19,speed + onset + benchmark
19 / nlvo / speed + onset + benchmark,nlvo,562.0,0.084926,0.007797,0.6,0.912811,0.367446,0.95,0.905028,1.0,0.294498,4.692293,0.518407,2.70805,0.0,2.669722,1.232638,0.912811,0.439571,0.95,0.918182,1.0,0.022277,4.854711,0.601067,2.70805,0.0,,,0.084926,0.007797,19,speed + onset + benchmark
19 / other / speed + onset + benchmark,other,47.5,0.0,0.0,,0.905263,0.418605,0.95,0.942857,1.0,0.0,4.468382,0.452654,2.70805,0.0,,,0.905263,0.511628,0.95,1.0,1.0,0.0,4.680721,0.613299,2.70805,0.0,,,0.0,0.0,19,speed + onset + benchmark
19 / mixed / speed + onset + benchmark,mixed,667.5,0.109011,0.018194,0.62963,0.918352,0.403752,0.95,0.911579,1.0,0.339492,4.65698,0.506747,2.70805,0.0,2.618194,1.184252,0.918352,0.477162,0.95,0.931818,1.0,0.046904,4.814337,0.596312,2.70805,0.0,4.922211,0.684609,0.109011,0.018194,19,speed + onset + benchmark
20 / lvo / base,lvo,42.5,0.211765,0.105882,0.333333,0.658824,0.75,0.97619,0.97561,1.0,0.45,4.345219,0.431779,3.295411,0.903574,3.588765,0.854516,0.658824,0.821429,1.0,0.978261,1.0,0.155556,4.462219,0.564262,3.353024,0.934357,,,0.211765,0.082353,20,base
20 / nlvo / base,nlvo,137.0,0.105839,0.0,,0.562044,0.551948,0.988235,0.821429,1.0,0.391304,4.453279,0.658867,3.650708,0.886286,3.924878,0.590644,0.562044,0.668831,0.990291,0.862745,1.0,0.0,4.675475,0.771522,3.777894,0.904879,,,0.09854,0.0,20,base
20 / other / base,other,29.5,0.0,0.0,,0.610169,0.777778,1.0,0.857143,1.0,0.0,4.654987,0.466771,3.555163,0.91803,,,0.610169,0.916667,1.0,0.848485,1.0,0.0,4.823868,0.591915,3.569615,0.998594,,,0.0,0.0,20,base
20 / mixed / base,mixed,209.0,0.11244,0.021531,0.333333,0.588517,0.630081,0.987097,0.869281,1.0,0.338346,4.460436,0.578921,3.538012,0.903567,3.790433,0.718328,0.588517,0.739837,0.994505,0.889503,1.0,0.043478,4.648481,0.700988,3.631942,0.942146,,,0.107656,0.016746,20,base
20 / lvo / benchmark,lvo,42.5,0.270588,0.082353,0.333333,0.658824,0.75,0.97619,0.97561,1.0,0.575,4.345219,0.431779,3.295411,0.903574,3.588765,0.854516,0.658824,0.821429,1.0,0.978261,1.0,0.155556,4.462219,0.564262,3.353024,0.934357,,,0.270588,0.082353,20,benchmark
20 / nlvo / benchmark,nlvo,137.0,0.090206,0.0,,0.562044,0.551948,0.988235,0.821429,1.0,0.358209,4.453279,0.658867,3.650708,0.886286,3.924878,0.590644,0.562044,0.668831,0.990291,0.862745,1.0,0.0,4.675475,0.771522,3.777894,0.904879,,,0.090206,0.0,20,benchmark
20 / other / benchmark,other,29.5,0.0,0.0,,0.610169,0.777778,1.0,0.857143,1.0,0.0,4.654987,0.466771,3.555163,0.91803,,,0.610169,0.916667,1.0,0.848485,1.0,0.0,4.823868,0.591915,3.569615,0.998594,,,0.0,0.0,20,benchmark
20 / mixed / benchmark,mixed,209.0,0.117225,0.016746,0.333333,0.588517,0.630081,0.987097,0.869281,1.0,0.368421,4.460436,0.578921,3.538012,0.903567,3.790433,0.718328,0.588517,0.739837,0.994505,0.889503,1.0,0.043478,4.648481,0.700988,3.631942,0.942146,,,0.117225,0.016746,20,benchmark
20 / lvo / onset,lvo,42.5,0.266423,0.103609,0.333333,0.828872,0.75,0.97619,0.97561,1.0,0.45,4.345219,0.431779,3.295411,0.903574,3.588765,0.854516,0.828872,0.821429,1.0,0.978261,1.0,0.155556,4.462219,0.564262,3.353024,0.934357,,,0.266423,0.103609,20,onset
20 / nlvo / onset,nlvo,137.0,0.133584,0.0,,0.761925,0.551948,0.988235,0.821429,1.0,0.391304,4.453279,0.658867,3.650708,0.886286,3.924878,0.590644,0.761925,0.668831,0.990291,0.862745,1.0,0.0,4.675475,0.771522,3.777894,0.904879,,,0.133584,0.0,20,onset
20 / other / onset,other,29.5,0.0,0.0,,0.785804,0.777778,1.0,0.857143,1.0,0.0,4.654987,0.466771,3.555163,0.91803,,,0.785804,0.916667,1.0,0.848485,1.0,0.0,4.823868,0.591915,3.569615,0.998594,,,0.0,0.0,20,onset
20 / mixed / onset,mixed,209.0,0.143378,0.022303,0.333333,0.783802,0.630081,0.987097,0.869281,1.0,0.338346,4.460436,0.578921,3.538012,0.903567,3.790433,0.718328,0.783802,0.739837,0.994505,0.889503,1.0,0.043478,4.648481,0.700988,3.631942,0.942146,,,0.143378,0.022303,20,onset
20 / lvo / speed,lvo,42.5,0.206083,0.078236,0.333333,0.658824,0.75,0.95,0.97561,1.0,0.45,4.345219,0.431779,2.70805,0.0,3.588765,0.854516,0.658824,0.821429,0.95,0.978261,1.0,0.155556,4.462219,0.564262,2.70805,0.0,,,0.206083,0.078236,20,speed
20 / nlvo / speed,nlvo,137.0,0.094728,0.0,,0.562044,0.551948,0.95,0.821429,1.0,0.391304,4.453279,0.658867,2.70805,0.0,3.924878,0.590644,0.562044,0.668831,0.95,0.862745,1.0,0.0,4.675475,0.771522,2.70805,0.0,,,0.094728,0.0,20,speed
20 / other / speed,other,29.5,0.0,0.0,,0.610169,0.777778,0.95,0.857143,1.0,0.0,4.654987,0.466771,2.70805,0.0,,,0.610169,0.916667,0.95,0.848485,1.0,0.0,4.823868,0.591915,2.70805,0.0,,,0.0,0.0,20,speed
20 / mixed / speed,mixed,209.0,0.10361,0.015997,0.333333,0.588517,0.630081,0.95,0.869281,1.0,0.338346,4.460436,0.578921,2.70805,0.0,3.790433,0.718328,0.588517,0.739837,0.95,0.889503,1.0,0.043478,4.648481,0.700988,2.70805,0.0,,,0.10361,0.015997,20,speed
20 / lvo / onset + benchmark,lvo,42.5,0.340429,0.103609,0.333333,0.828872,0.75,0.97619,0.97561,1.0,0.575,4.345219,0.431779,3.295411,0.903574,3.588765,0.854516,0.828872,0.821429,1.0,0.978261,1.0,0.155556,4.462219,0.564262,3.353024,0.934357,,,0.340429,0.103609,20,onset + benchmark
20 / nlvo / onset + benchmark,nlvo,137.0,0.122286,0.0,,0.761925,0.551948,0.988235,0.821429,1.0,0.358209,4.453279,0.658867,3.650708,0.886286,3.924878,0.590644,0.761925,0.668831,0.990291,0.862745,1.0,0.0,4.675475,0.771522,3.777894,0.904879,,,0.122286,0.0,20,onset + benchmark
20 / other / onset + benchmark,other,29.5,0.0,0.0,,0.785804,0.777778,1.0,0.857143,1.0,0.0,4.654987,0.466771,3.555163,0.91803,,,0.785804,0.916667,1.0,0.848485,1.0,0.0,4.823868,0.591915,3.569615,0.998594,,,0.0,0.0,20,onset + benchmark
20 / mixed / onset + benchmark,mixed,209.0,0.156123,0.022303,0.333333,0.783802,0.630081,0.987097,0.869281,1.0,0.368421,4.460436,0.578921,3.538012,0.903567,3.790433,0.718328,0.783802,0.739837,0.994505,0.889503,1.0,0.043478,4.648481,0.700988,3.631942,0.942146,,,0.156123,0.022303,20,onset + benchmark
20 / lvo / speed + benchmark,lvo,42.5,0.263329,0.078236,0.333333,0.658824,0.75,0.95,0.97561,1.0,0.575,4.345219,0.431779,2.70805,0.0,3.588765,0.854516,0.658824,0.821429,0.95,0.978261,1.0,0.155556,4.462219,0.564262,2.70805,0.0,,,0.263329,0.078236,20,speed + benchmark
20 / nlvo / speed + benchmark,nlvo,137.0,0.086716,0.0,,0.562044,0.551948,0.95,0.821429,1.0,0.358209,4.453279,0.658867,2.70805,0.0,3.924878,0.590644,0.562044,0.668831,0.95,0.862745,1.0,0.0,4.675475,0.771522,2.70805,0.0,,,0.086716,0.0,20,speed + benchmark
20 / other / speed + benchmark,other,29.5,0.0,0.0,,0.610169,0.777778,0.95,0.857143,1.0,0.0,4.654987,0.466771,2.70805,0.0,,,0.610169,0.916667,0.95,0.848485,1.0,0.0,4.823868,0.591915,2.70805,0.0,,,0.0,0.0,20,speed + benchmark
20 / mixed / speed + benchmark,mixed,209.0,0.112819,0.015997,0.333333,0.588517,0.630081,0.95,0.869281,1.0,0.368421,4.460436,0.578921,2.70805,0.0,3.790433,0.718328,0.588517,0.739837,0.95,0.889503,1.0,0.043478,4.648481,0.700988,2.70805,0.0,,,0.112819,0.015997,20,speed + benchmark
20 / lvo / speed + onset,lvo,42.5,0.259275,0.098429,0.333333,0.828872,0.75,0.95,0.97561,1.0,0.45,4.345219,0.431779,2.70805,0.0,3.588765,0.854516,0.828872,0.821429,0.95,0.978261,1.0,0.155556,4.462219,0.564262,2.70805,0.0,,,0.259275,0.098429,20,speed + onset
20 / nlvo / speed + onset,nlvo,137.0,0.128416,0.0,,0.761925,0.551948,0.95,0.821429,1.0,0.391304,4.453279,0.658867,2.70805,0.0,3.924878,0.590644,0.761925,0.668831,0.95,0.862745,1.0,0.0,4.675475,0.771522,2.70805,0.0,,,0.128416,0.0,20,speed + onset
20 / other / speed + onset,other,29.5,0.0,0.0,,0.785804,0.777778,0.95,0.857143,1.0,0.0,4.654987,0.466771,2.70805,0.0,,,0.785804,0.916667,0.95,0.848485,1.0,0.0,4.823868,0.591915,2.70805,0.0,,,0.0,0.0,20,speed + onset
20 / mixed / speed + onset,mixed,209.0,0.13799,0.021305,0.333333,0.783802,0.630081,0.95,0.869281,1.0,0.338346,4.460436,0.578921,2.70805,0.0,3.790433,0.718328,0.783802,0.739837,0.95,0.889503,1.0,0.043478,4.648481,0.700988,2.70805,0.0,,,0.13799,0.021305,20,speed + onset
20 / lvo / speed + onset + benchmark,lvo,42.5,0.331296,0.098429,0.333333,0.828872,0.75,0.95,0.97561,1.0,0.575,4.345219,0.431779,2.70805,0.0,3.588765,0.854516,0.828872,0.821429,0.95,0.978261,1.0,0.155556,4.462219,0.564262,2.70805,0.0,,,0.331296,0.098429,20,speed + onset + benchmark
20 / nlvo / speed + onset + benchmark,nlvo,137.0,0.117555,0.0,,0.761925,0.551948,0.95,0.821429,1.0,0.358209,4.453279,0.658867,2.70805,0.0,3.924878,0.590644,0.761925,0.668831,0.95,0.862745,1.0,0.0,4.675475,0.771522,2.70805,0.0,,,0.117555,0.0,20,speed + onset + benchmark
20 / other / speed + onset + benchmark,other,29.5,0.0,0.0,,0.785804,0.777778,0.95,0.857143,1.0,0.0,4.654987,0.466771,2.70805,0.0,,,0.785804,0.916667,0.95,0.848485,1.0,0.0,4.823868,0.591915,2.70805,0.0,,,0.0,0.0,20,speed + onset + benchmark
20 / mixed / speed + onset + benchmark,mixed,209.0,0.150256,0.021305,0.333333,0.783802,0.630081,0.95,0.869281,1.0,0.368421,4.460436,0.578921,2.70805,0.0,3.790433,0.718328,0.783802,0.739837,0.95,0.889503,1.0,0.043478,4.648481,0.700988,2.70805,0.0,,,0.150256,0.021305,20,speed + onset + benchmark
21 / lvo / base,lvo,73.0,0.383562,0.390411,0.631579,0.80137,0.786325,1.0,0.978261,1.0,0.6,4.50568,0.474346,2.943971,0.799851,2.607591,1.020616,0.80137,0.897436,1.0,0.980952,1.0,0.524272,4.649034,0.587766,2.869099,0.902886,4.811402,0.693334,0.369863,0.369863,21,base
21 / nlvo / base,nlvo,370.5,0.144399,0.020243,0.733333,0.653171,0.413223,1.0,0.935,1.0,0.491979,4.699363,0.478887,2.962151,0.712985,2.733121,1.017256,0.653171,0.497934,1.0,0.970954,1.0,0.055556,4.864648,0.571635,2.813005,0.97824,4.823923,0.933689,0.124157,0.017544,21,base
21 / other / base,other,56.0,0.0,0.0,,0.723214,0.45679,1.0,0.972973,1.0,0.0,4.497134,0.714059,3.030238,0.987971,,,0.723214,0.641975,1.0,0.923077,1.0,0.0,4.843542,0.815875,3.107746,1.043598,,,0.0,0.0,21,base
21 / mixed / base,mixed,499.5,0.163163,0.072072,0.652778,0.682683,0.482405,1.0,0.951368,1.0,0.466454,4.62246,0.516457,2.964724,0.770489,2.686692,1.016796,0.682683,0.583578,1.0,0.967337,1.0,0.174026,4.805007,0.618338,2.866313,0.970225,4.813832,0.73794,0.146146,0.067067,21,base
21 / lvo / benchmark,lvo,73.0,0.397261,0.369863,0.631579,0.80137,0.786325,1.0,0.978261,1.0,0.644444,4.50568,0.474346,2.943971,0.799851,2.607591,1.020616,0.80137,0.897436,1.0,0.980952,1.0,0.524272,4.649034,0.587766,2.869099,0.902886,4.811402,0.693334,0.397261,0.369863,21,benchmark
21 / nlvo / benchmark,nlvo,370.5,0.120573,0.017544,0.733333,0.653171,0.413223,1.0,0.935,1.0,0.477778,4.699363,0.478887,2.962151,0.712985,2.733121,1.017256,0.653171,0.497934,1.0,0.970954,1.0,0.055556,4.864648,0.571635,2.813005,0.97824,4.823923,0.933689,0.120573,0.017544,21,benchmark
21 / other / benchmark,other,56.0,0.0,0.0,,0.723214,0.45679,1.0,0.972973,1.0,0.0,4.497134,0.714059,3.030238,0.987971,,,0.723214,0.641975,1.0,0.923077,1.0,0.0,4.843542,0.815875,3.107746,1.043598,,,0.0,0.0,21,benchmark
21 / mixed / benchmark,mixed,499.5,0.149149,0.067067,0.652778,0.682683,0.482405,1.0,0.951368,1.0,0.476038,4.62246,0.516457,2.964724,0.770489,2.686692,1.016796,0.682683,0.583578,1.0,0.967337,1.0,0.174026,4.805007,0.618338,2.866313,0.970225,4.813832,0.73794,0.149149,0.067067,21,benchmark
21 / lvo / onset,lvo,73.0,0.382556,0.382556,0.631579,0.828872,0.786325,1.0,0.978261,1.0,0.6,4.50568,0.474346,2.943971,0.799851,2.607591,1.020616,0.828872,0.897436,1.0,0.980952,1.0,0.524272,4.649034,0.587766,2.869099,0.902886,4.811402,0.693334,0.382556,0.382556,21,onset
21 / nlvo / onset,nlvo,370.5,0.144829,0.020465,0.733333,0.761925,0.413223,1.0,0.935,1.0,0.491979,4.699363,0.478887,2.962151,0.712985,2.733121,1.017256,0.761925,0.497934,1.0,0.970954,1.0,0.055556,4.864648,0.571635,2.813005,0.97824,4.823923,0.933689,0.144829,0.020465,21,onset
21 / other / onset,other,56.0,0.0,0.0,,0.785804,0.45679,1.0,0.972973,1.0,0.0,4.497134,0.714059,3.030238,0.987971,,,0.785804,0.641975,1.0,0.923077,1.0,0.0,4.843542,0.815875,3.107746,1.043598,,,0.0,0.0,21,onset
21 / mixed / onset,mixed,499.5,0.167794,0.077001,0.652778,0.783802,0.482405,1.0,0.951368,1.0,0.466454,4.62246,0.516457,2.964724,0.770489,2.686692,1.016796,0.783802,0.583578,1.0,0.967337,1.0,0.174026,4.805007,0.618338,2.866313,0.970225,4.813832,0.73794,0.167794,0.077001,21,onset
21 / lvo / speed,lvo,73.0,0.35137,0.35137,0.631579,0.80137,0.786325,0.95,0.978261,1.0,0.6,4.50568,0.474346,2.70805,0.0,2.607591,1.020616,0.80137,0.897436,0.95,0.980952,1.0,0.524272,4.649034,0.587766,2.70805,0.0,4.811402,0.693334,0.35137,0.35137,21,speed
21 / nlvo / speed,nlvo,370.5,0.117949,0.016667,0.733333,0.653171,0.413223,0.95,0.935,1.0,0.491979,4.699363,0.478887,2.70805,0.0,2.733121,1.017256,0.653171,0.497934,0.95,0.970954,1.0,0.055556,4.864648,0.571635,2.70805,0.0,4.823923,0.933689,0.117949,0.016667,21,speed
21 / other / speed,other,56.0,0.0,0.0,,0.723214,0.45679,0.95,0.972973,1.0,0.0,4.497134,0.714059,2.70805,0.0,,,0.723214,0.641975,0.95,0.923077,1.0,0.0,4.843542,0.815875,2.70805,0.0,,,0.0,0.0,21,speed
21 / mixed / speed,mixed,499.5,0.138839,0.063714,0.652778,0.682683,0.482405,0.95,0.951368,1.0,0.466454,4.62246,0.516457,2.70805,0.0,2.686692,1.016796,0.682683,0.583578,0.95,0.967337,1.0,0.174026,4.805007,0.618338,2.70805,0.0,4.813832,0.73794,0.138839,0.063714,21,speed
21 / lvo / onset + benchmark,lvo,73.0,0.410894,0.382556,0.631579,0.828872,0.786325,1.0,0.978261,1.0,0.644444,4.50568,0.474346,2.943971,0.799851,2.607591,1.020616,0.828872,0.897436,1.0,0.980952,1.0,0.524272,4.649034,0.587766,2.869099,0.902886,4.811402,0.693334,0.410894,0.382556,21,onset + benchmark
21 / nlvo / onset + benchmark,nlvo,370.5,0.140648,0.020465,0.733333,0.761925,0.413223,1.0,0.935,1.0,0.477778,4.699363,0.478887,2.962151,0.712985,2.733121,1.017256,0.761925,0.497934,1.0,0.970954,1.0,0.055556,4.864648,0.571635,2.813005,0.97824,4.823923,0.933689,0.140648,0.020465,21,onset + benchmark
21 / other / onset + benchmark,other,56.0,0.0,0.0,,0.785804,0.45679,1.0,0.972973,1.0,0.0,4.497134,0.714059,3.030238,0.987971,,,0.785804,0.641975,1.0,0.923077,1.0,0.0,4.843542,0.815875,3.107746,1.043598,,,0.0,0.0,21,onset + benchmark
21 / mixed / onset + benchmark,mixed,499.5,0.171241,0.077001,0.652778,0.783802,0.482405,1.0,0.951368,1.0,0.476038,4.62246,0.516457,2.964724,0.770489,2.686692,1.016796,0.783802,0.583578,1.0,0.967337,1.0,0.174026,4.805007,0.618338,2.866313,0.970225,4.813832,0.73794,0.171241,0.077001,21,onset + benchmark
21 / lvo / speed + benchmark,lvo,73.0,0.377397,0.35137,0.631579,0.80137,0.786325,0.95,0.978261,1.0,0.644444,4.50568,0.474346,2.70805,0.0,2.607591,1.020616,0.80137,0.897436,0.95,0.980952,1.0,0.524272,4.649034,0.587766,2.70805,0.0,4.811402,0.693334,0.377397,0.35137,21,speed + benchmark
21 / nlvo / speed + benchmark,nlvo,370.5,0.114544,0.016667,0.733333,0.653171,0.413223,0.95,0.935,1.0,0.477778,4.699363,0.478887,2.70805,0.0,2.733121,1.017256,0.653171,0.497934,0.95,0.970954,1.0,0.055556,4.864648,0.571635,2.70805,0.0,4.823923,0.933689,0.114544,0.016667,21,speed + benchmark
21 / other / speed + benchmark,other,56.0,0.0,0.0,,0.723214,0.45679,0.95,0.972973,1.0,0.0,4.497134,0.714059,2.70805,0.0,,,0.723214,0.641975,0.95,0.923077,1.0,0.0,4.843542,0.815875,2.70805,0.0,,,0.0,0.0,21,speed + benchmark
21 / mixed / speed + benchmark,mixed,499.5,0.141692,0.063714,0.652778,0.682683,0.482405,0.95,0.951368,1.0,0.476038,4.62246,0.516457,2.70805,0.0,2.686692,1.016796,0.682683,0.583578,0.95,0.967337,1.0,0.174026,4.805007,0.618338,2.70805,0.0,4.813832,0.73794,0.141692,0.063714,21,speed + benchmark
21 / lvo / speed + onset,lvo,73.0,0.363429,0.363429,0.631579,0.828872,0.786325,0.95,0.978261,1.0,0.6,4.50568,0.474346,2.70805,0.0,2.607591,1.020616,0.828872,0.897436,0.95,0.980952,1.0,0.524272,4.649034,0.587766,2.70805,0.0,4.811402,0.693334,0.363429,0.363429,21,speed + onset
21 / nlvo / speed + onset,nlvo,370.5,0.137587,0.019442,0.733333,0.761925,0.413223,0.95,0.935,1.0,0.491979,4.699363,0.478887,2.70805,0.0,2.733121,1.017256,0.761925,0.497934,0.95,0.970954,1.0,0.055556,4.864648,0.571635,2.70805,0.0,4.823923,0.933689,0.137587,0.019442,21,speed + onset
21 / other / speed + onset,other,56.0,0.0,0.0,,0.785804,0.45679,0.95,0.972973,1.0,0.0,4.497134,0.714059,2.70805,0.0,,,0.785804,0.641975,0.95,0.923077,1.0,0.0,4.843542,0.815875,2.70805,0.0,,,0.0,0.0,21,speed + onset
21 / mixed / speed + onset,mixed,499.5,0.159404,0.073151,0.652778,0.783802,0.482405,0.95,0.951368,1.0,0.466454,4.62246,0.516457,2.70805,0.0,2.686692,1.016796,0.783802,0.583578,0.95,0.967337,1.0,0.174026,4.805007,0.618338,2.70805,0.0,4.813832,0.73794,0.159404,0.073151,21,speed + onset
21 / lvo / speed + onset + benchmark,lvo,73.0,0.390349,0.363429,0.631579,0.828872,0.786325,0.95,0.978261,1.0,0.644444,4.50568,0.474346,2.70805,0.0,2.607591,1.020616,0.828872,0.897436,0.95,0.980952,1.0,0.524272,4.649034,0.587766,2.70805,0.0,4.811402,0.693334,0.390349,0.363429,21,speed + onset + benchmark
21 / nlvo / speed + onset + benchmark,nlvo,370.5,0.133616,0.019442,0.733333,0.761925,0.413223,0.95,0.935,1.0,0.477778,4.699363,0.478887,2.70805,0.0,2.733121,1.017256,0.761925,0.497934,0.95,0.970954,1.0,0.055556,4.864648,0.571635,2.70805,0.0,4.823923,0.933689,0.133616,0.019442,21,speed + onset + benchmark
21 / other / speed + onset + benchmark,other,56.0,0.0,0.0,,0.785804,0.45679,0.95,0.972973,1.0,0.0,4.497134,0.714059,2.70805,0.0,,,0.785804,0.641975,0.95,0.923077,1.0,0.0,4.843542,0.815875,2.70805,0.0,,,0.0,0.0,21,speed + onset + benchmark
21 / mixed / speed + onset + benchmark,mixed,499.5,0.162679,0.073151,0.652778,0.783802,0.482405,0.95,0.951368,1.0,0.476038,4.62246,0.516457,2.70805,0.0,2.686692,1.016796,0.783802,0.583578,0.95,0.967337,1.0,0.174026,4.805007,0.618338,2.70805,0.0,4.813832,0.73794,0.162679,0.073151,21,speed + onset + benchmark
22 / lvo / base,lvo,178.5,0.288515,0.044818,0.6875,0.7507,0.686567,0.98913,0.956044,1.0,0.568966,4.45924,0.574119,2.704709,1.0533,3.621501,0.454301,0.7507,0.783582,0.995238,0.961722,1.0,0.074627,4.613458,0.677397,2.672147,1.109013,4.953287,0.538067,0.277311,0.042017,22,base
22 / nlvo / base,nlvo,621.5,0.115044,0.004023,1.0,0.645213,0.522444,0.937947,0.862595,1.0,0.40708,4.597881,0.59991,2.851394,1.157351,3.570932,0.56087,0.645213,0.63217,0.964497,0.897751,1.0,0.01139,4.787447,0.686657,2.987646,1.299604,,,0.111022,0.004023,22,base
22 / other / base,other,104.0,0.0,0.0,,0.629808,0.625954,0.963415,0.924051,1.0,0.0,4.420614,0.610001,2.880257,0.974183,,,0.629808,0.732824,0.958333,0.967391,1.0,0.0,4.601816,0.716611,2.896538,0.994089,,,0.0,0.0,22,base
22 / mixed / base,mixed,904.0,0.136062,0.011615,0.761905,0.66427,0.570358,0.954745,0.896024,1.0,0.404437,4.53942,0.59808,2.81406,1.108904,3.592056,0.518596,0.66427,0.676936,0.97171,0.922785,1.0,0.027435,4.720586,0.692409,2.893568,1.225284,4.994618,0.490703,0.131084,0.011062,22,base
22 / lvo / benchmark,lvo,178.5,0.313725,0.042017,0.6875,0.7507,0.686567,0.98913,0.956044,1.0,0.643678,4.45924,0.574119,2.704709,1.0533,3.621501,0.454301,0.7507,0.783582,0.995238,0.961722,1.0,0.074627,4.613458,0.677397,2.672147,1.109013,4.953287,0.538067,0.313725,0.042017,22,benchmark
22 / nlvo / benchmark,nlvo,621.5,0.125743,0.004023,1.0,0.645213,0.522444,0.937947,0.862595,1.0,0.461059,4.597881,0.59991,2.851394,1.157351,3.570932,0.56087,0.645213,0.63217,0.964497,0.897751,1.0,0.01139,4.787447,0.686657,2.987646,1.299604,,,0.125743,0.004023,22,benchmark
22 / other / benchmark,other,104.0,0.0,0.0,,0.629808,0.625954,0.963415,0.924051,1.0,0.0,4.420614,0.610001,2.880257,0.974183,,,0.629808,0.732824,0.958333,0.967391,1.0,0.0,4.601816,0.716611,2.896538,0.994089,,,0.0,0.0,22,benchmark
22 / mixed / benchmark,mixed,904.0,0.151549,0.011062,0.761905,0.66427,0.570358,0.954745,0.896024,1.0,0.467577,4.53942,0.59808,2.81406,1.108904,3.592056,0.518596,0.66427,0.676936,0.97171,0.922785,1.0,0.027435,4.720586,0.692409,2.893568,1.225284,4.994618,0.490703,0.151549,0.011062,22,benchmark
22 / lvo / onset,lvo,178.5,0.306188,0.046392,0.6875,0.828872,0.686567,0.98913,0.956044,1.0,0.568966,4.45924,0.574119,2.704709,1.0533,3.621501,0.454301,0.828872,0.783582,0.995238,0.961722,1.0,0.074627,4.613458,0.677397,2.672147,1.109013,4.953287,0.538067,0.306188,0.046392,22,onset
22 / nlvo / onset,nlvo,621.5,0.131104,0.00475,1.0,0.761925,0.522444,0.937947,0.862595,1.0,0.40708,4.597881,0.59991,2.851394,1.157351,3.570932,0.56087,0.761925,0.63217,0.964497,0.897751,1.0,0.01139,4.787447,0.686657,2.987646,1.299604,,,0.131104,0.00475,22,onset
22 / other / onset,other,104.0,0.0,0.0,,0.785804,0.625954,0.963415,0.924051,1.0,0.0,4.420614,0.610001,2.880257,0.974183,,,0.785804,0.732824,0.958333,0.967391,1.0,0.0,4.601816,0.716611,2.896538,0.994089,,,0.0,0.0,22,onset
22 / mixed / onset,mixed,904.0,0.154672,0.013053,0.761905,0.783802,0.570358,0.954745,0.896024,1.0,0.404437,4.53942,0.59808,2.81406,1.108904,3.592056,0.518596,0.783802,0.676936,0.97171,0.922785,1.0,0.027435,4.720586,0.692409,2.893568,1.225284,4.994618,0.490703,0.154672,0.013053,22,onset
22 / lvo / speed,lvo,178.5,0.26634,0.040107,0.6875,0.7507,0.686567,0.95,0.956044,1.0,0.568966,4.45924,0.574119,2.704709,0.0,3.621501,0.454301,0.7507,0.783582,0.95,0.961722,1.0,0.074627,4.613458,0.677397,2.672147,0.0,4.953287,0.538067,0.26634,0.040107,22,speed
22 / nlvo / speed,nlvo,621.5,0.112448,0.003962,1.0,0.645213,0.522444,0.95,0.862595,1.0,0.40708,4.597881,0.59991,2.70805,0.0,3.570932,0.56087,0.645213,0.63217,0.95,0.897751,1.0,0.01139,4.787447,0.686657,2.70805,0.0,,,0.112448,0.003962,22,speed
22 / other / speed,other,104.0,0.0,0.0,,0.629808,0.625954,0.95,0.924051,1.0,0.0,4.420614,0.610001,2.70805,0.0,,,0.629808,0.732824,0.95,0.967391,1.0,0.0,4.601816,0.716611,2.70805,0.0,,,0.0,0.0,22,speed
22 / mixed / speed,mixed,904.0,0.130433,0.010815,0.761905,0.66427,0.570358,0.95,0.896024,1.0,0.404437,4.53942,0.59808,2.70805,0.0,3.592056,0.518596,0.66427,0.676936,0.95,0.922785,1.0,0.027435,4.720586,0.692409,2.70805,0.0,4.994618,0.490703,0.130433,0.010815,22,speed
22 / lvo / onset + benchmark,lvo,178.5,0.346394,0.046392,0.6875,0.828872,0.686567,0.98913,0.956044,1.0,0.643678,4.45924,0.574119,2.704709,1.0533,3.621501,0.454301,0.828872,0.783582,0.995238,0.961722,1.0,0.074627,4.613458,0.677397,2.672147,1.109013,4.953287,0.538067,0.346394,0.046392,22,onset + benchmark
22 / nlvo / onset + benchmark,nlvo,621.5,0.148489,0.00475,1.0,0.761925,0.522444,0.937947,0.862595,1.0,0.461059,4.597881,0.59991,2.851394,1.157351,3.570932,0.56087,0.761925,0.63217,0.964497,0.897751,1.0,0.01139,4.787447,0.686657,2.987646,1.299604,,,0.148489,0.00475,22,onset + benchmark
22 / other / onset + benchmark,other,104.0,0.0,0.0,,0.785804,0.625954,0.963415,0.924051,1.0,0.0,4.420614,0.610001,2.880257,0.974183,,,0.785804,0.732824,0.958333,0.967391,1.0,0.0,4.601816,0.716611,2.896538,0.994089,,,0.0,0.0,22,onset + benchmark
22 / mixed / onset + benchmark,mixed,904.0,0.178819,0.013053,0.761905,0.783802,0.570358,0.954745,0.896024,1.0,0.467577,4.53942,0.59808,2.81406,1.108904,3.592056,0.518596,0.783802,0.676936,0.97171,0.922785,1.0,0.027435,4.720586,0.692409,2.893568,1.225284,4.994618,0.490703,0.178819,0.013053,22,onset + benchmark
22 / lvo / speed + benchmark,lvo,178.5,0.301314,0.040107,0.6875,0.7507,0.686567,0.95,0.956044,1.0,0.643678,4.45924,0.574119,2.704709,0.0,3.621501,0.454301,0.7507,0.783582,0.95,0.961722,1.0,0.074627,4.613458,0.677397,2.672147,0.0,4.953287,0.538067,0.301314,0.040107,22,speed + benchmark
22 / nlvo / speed + benchmark,nlvo,621.5,0.127359,0.003962,1.0,0.645213,0.522444,0.95,0.862595,1.0,0.461059,4.597881,0.59991,2.70805,0.0,3.570932,0.56087,0.645213,0.63217,0.95,0.897751,1.0,0.01139,4.787447,0.686657,2.70805,0.0,,,0.127359,0.003962,22,speed + benchmark
22 / other / speed + benchmark,other,104.0,0.0,0.0,,0.629808,0.625954,0.95,0.924051,1.0,0.0,4.420614,0.610001,2.70805,0.0,,,0.629808,0.732824,0.95,0.967391,1.0,0.0,4.601816,0.716611,2.70805,0.0,,,0.0,0.0,22,speed + benchmark
22 / mixed / speed + benchmark,mixed,904.0,0.150795,0.010815,0.761905,0.66427,0.570358,0.95,0.896024,1.0,0.467577,4.53942,0.59808,2.70805,0.0,3.592056,0.518596,0.66427,0.676936,0.95,0.922785,1.0,0.027435,4.720586,0.692409,2.70805,0.0,4.994618,0.490703,0.150795,0.010815,22,speed + benchmark
22 / lvo / speed + onset,lvo,178.5,0.294075,0.044283,0.6875,0.828872,0.686567,0.95,0.956044,1.0,0.568966,4.45924,0.574119,2.704709,0.0,3.621501,0.454301,0.828872,0.783582,0.95,0.961722,1.0,0.074627,4.613458,0.677397,2.672147,0.0,4.953287,0.538067,0.294075,0.044283,22,speed + onset
22 / nlvo / speed + onset,nlvo,621.5,0.132789,0.004679,1.0,0.761925,0.522444,0.95,0.862595,1.0,0.40708,4.597881,0.59991,2.70805,0.0,3.570932,0.56087,0.761925,0.63217,0.95,0.897751,1.0,0.01139,4.787447,0.686657,2.70805,0.0,,,0.132789,0.004679,22,speed + onset
22 / other / speed + onset,other,104.0,0.0,0.0,,0.785804,0.625954,0.95,0.924051,1.0,0.0,4.420614,0.610001,2.70805,0.0,,,0.785804,0.732824,0.95,0.967391,1.0,0.0,4.601816,0.716611,2.70805,0.0,,,0.0,0.0,22,speed + onset
22 / mixed / speed + onset,mixed,904.0,0.153903,0.012761,0.761905,0.783802,0.570358,0.95,0.896024,1.0,0.404437,4.53942,0.59808,2.70805,0.0,3.592056,0.518596,0.783802,0.676936,0.95,0.922785,1.0,0.027435,4.720586,0.692409,2.70805,0.0,4.994618,0.490703,0.153903,0.012761,22,speed + onset
22 / lvo / speed + onset + benchmark,lvo,178.5,0.332691,0.044283,0.6875,0.828872,0.686567,0.95,0.956044,1.0,0.643678,4.45924,0.574119,2.704709,0.0,3.621501,0.454301,0.828872,0.783582,0.95,0.961722,1.0,0.074627,4.613458,0.677397,2.672147,0.0,4.953287,0.538067,0.332691,0.044283,22,speed + onset + benchmark
22 / nlvo / speed + onset + benchmark,nlvo,621.5,0.150397,0.004679,1.0,0.761925,0.522444,0.95,0.862595,1.0,0.461059,4.597881,0.59991,2.70805,0.0,3.570932,0.56087,0.761925,0.63217,0.95,0.897751,1.0,0.01139,4.787447,0.686657,2.70805,0.0,,,0.150397,0.004679,22,speed + onset + benchmark
22 / other / speed + onset + benchmark,other,104.0,0.0,0.0,,0.785804,0.625954,0.95,0.924051,1.0,0.0,4.420614,0.610001,2.70805,0.0,,,0.785804,0.732824,0.95,0.967391,1.0,0.0,4.601816,0.716611,2.70805,0.0,,,0.0,0.0,22,speed + onset + benchmark
22 / mixed / speed + onset + benchmark,mixed,904.0,0.17793,0.012761,0.761905,0.783802,0.570358,0.95,0.896024,1.0,0.467577,4.53942,0.59808,2.70805,0.0,3.592056,0.518596,0.783802,0.676936,0.95,0.922785,1.0,0.027435,4.720586,0.692409,2.70805,0.0,4.994618,0.490703,0.17793,0.012761,22,speed + onset + benchmark
23 / lvo / base,lvo,59.5,0.151261,0.05042,0.5,0.731092,0.62069,0.962963,0.865385,1.0,0.4,4.507554,0.576872,3.468027,0.963164,4.185479,0.534841,0.731092,0.712644,0.983871,0.95082,1.0,0.103448,4.65016,0.655421,3.522713,0.975418,,,0.151261,0.05042,23,base
23 / nlvo / base,nlvo,248.5,0.05835,0.0,,0.651911,0.506173,0.95122,0.692308,1.0,0.268519,4.654375,0.581089,3.991893,0.887885,3.811748,0.896083,0.651911,0.611111,0.989899,0.795918,1.0,0.0,4.835258,0.663422,4.133502,0.925969,,,0.05835,0.0,23,base
23 / other / base,other,52.0,0.0,0.0,,0.596154,0.693548,0.930233,0.8,1.0,0.0,4.677998,0.473565,3.713671,0.93338,,,0.596154,0.790323,0.979592,0.895833,1.0,0.0,4.805059,0.561571,3.882675,0.991364,,,0.0,0.0,23,base
23 / mixed / base,mixed,360.0,0.065278,0.008333,0.5,0.656944,0.551797,0.950192,0.745968,1.0,0.254054,4.62789,0.565348,3.837176,0.932785,3.954879,0.792591,0.656944,0.653277,0.987055,0.842623,1.0,0.023346,4.79333,0.648857,3.97187,0.973807,,,0.065278,0.008333,23,base
23 / lvo / benchmark,lvo,59.5,0.210084,0.05042,0.5,0.731092,0.62069,0.962963,0.865385,1.0,0.555556,4.507554,0.576872,3.468027,0.963164,4.185479,0.534841,0.731092,0.712644,0.983871,0.95082,1.0,0.103448,4.65016,0.655421,3.522713,0.975418,,,0.210084,0.05042,23,benchmark
23 / nlvo / benchmark,nlvo,248.5,0.056415,0.0,,0.651911,0.506173,0.95122,0.692308,1.0,0.259615,4.654375,0.581089,3.991893,0.887885,3.811748,0.896083,0.651911,0.611111,0.989899,0.795918,1.0,0.0,4.835258,0.663422,4.133502,0.925969,,,0.056415,0.0,23,benchmark
23 / other / benchmark,other,52.0,0.0,0.0,,0.596154,0.693548,0.930233,0.8,1.0,0.0,4.677998,0.473565,3.713671,0.93338,,,0.596154,0.790323,0.979592,0.895833,1.0,0.0,4.805059,0.561571,3.882675,0.991364,,,0.0,0.0,23,benchmark
23 / mixed / benchmark,mixed,360.0,0.076389,0.008333,0.5,0.656944,0.551797,0.950192,0.745968,1.0,0.297297,4.62789,0.565348,3.837176,0.932785,3.954879,0.792591,0.656944,0.653277,0.987055,0.842623,1.0,0.023346,4.79333,0.648857,3.97187,0.973807,,,0.076389,0.008333,23,benchmark
23 / lvo / onset,lvo,59.5,0.171491,0.057163,0.5,0.828872,0.62069,0.962963,0.865385,1.0,0.4,4.507554,0.576872,3.468027,0.963164,4.185479,0.534841,0.828872,0.712644,0.983871,0.95082,1.0,0.103448,4.65016,0.655421,3.522713,0.975418,,,0.171491,0.057163,23,onset
23 / nlvo / onset,nlvo,248.5,0.068197,0.0,,0.761925,0.506173,0.95122,0.692308,1.0,0.268519,4.654375,0.581089,3.991893,0.887885,3.811748,0.896083,0.761925,0.611111,0.989899,0.795918,1.0,0.0,4.835258,0.663422,4.133502,0.925969,,,0.068197,0.0,23,onset
23 / other / onset,other,52.0,0.0,0.0,,0.785804,0.693548,0.930233,0.8,1.0,0.0,4.677998,0.473565,3.713671,0.93338,,,0.785804,0.790323,0.979592,0.895833,1.0,0.0,4.805059,0.561571,3.882675,0.991364,,,0.0,0.0,23,onset
23 / mixed / onset,mixed,360.0,0.077883,0.009942,0.5,0.783802,0.551797,0.950192,0.745968,1.0,0.254054,4.62789,0.565348,3.837176,0.932785,3.954879,0.792591,0.783802,0.653277,0.987055,0.842623,1.0,0.023346,4.79333,0.648857,3.97187,0.973807,,,0.077883,0.009942,23,onset
23 / lvo / speed,lvo,59.5,0.149224,0.048684,0.5,0.731092,0.62069,0.95,0.865385,1.0,0.4,4.507554,0.576872,2.70805,0.0,4.185479,0.534841,0.731092,0.712644,0.95,0.95082,1.0,0.103448,4.65016,0.655421,2.70805,0.0,,,0.149224,0.048684,23,speed
23 / nlvo / speed,nlvo,248.5,0.058275,0.0,,0.651911,0.506173,0.95,0.692308,1.0,0.268519,4.654375,0.581089,2.70805,0.0,3.811748,0.896083,0.651911,0.611111,0.95,0.795918,1.0,0.0,4.835258,0.663422,2.70805,0.0,,,0.058275,0.0,23,speed
23 / other / speed,other,52.0,0.0,0.0,,0.596154,0.693548,0.95,0.8,1.0,0.0,4.677998,0.473565,2.70805,0.0,,,0.596154,0.790323,0.95,0.895833,1.0,0.0,4.805059,0.561571,2.70805,0.0,,,0.0,0.0,23,speed
23 / mixed / speed,mixed,360.0,0.065265,0.00802,0.5,0.656944,0.551797,0.95,0.745968,1.0,0.254054,4.62789,0.565348,2.70805,0.0,3.954879,0.792591,0.656944,0.653277,0.95,0.842623,1.0,0.023346,4.79333,0.648857,2.70805,0.0,,,0.065265,0.00802,23,speed
23 / lvo / onset + benchmark,lvo,59.5,0.238182,0.057163,0.5,0.828872,0.62069,0.962963,0.865385,1.0,0.555556,4.507554,0.576872,3.468027,0.963164,4.185479,0.534841,0.828872,0.712644,0.983871,0.95082,1.0,0.103448,4.65016,0.655421,3.522713,0.975418,,,0.238182,0.057163,23,onset + benchmark
23 / nlvo / onset + benchmark,nlvo,248.5,0.065936,0.0,,0.761925,0.506173,0.95122,0.692308,1.0,0.259615,4.654375,0.581089,3.991893,0.887885,3.811748,0.896083,0.761925,0.611111,0.989899,0.795918,1.0,0.0,4.835258,0.663422,4.133502,0.925969,,,0.065936,0.0,23,onset + benchmark
23 / other / onset + benchmark,other,52.0,0.0,0.0,,0.785804,0.693548,0.930233,0.8,1.0,0.0,4.677998,0.473565,3.713671,0.93338,,,0.785804,0.790323,0.979592,0.895833,1.0,0.0,4.805059,0.561571,3.882675,0.991364,,,0.0,0.0,23,onset + benchmark
23 / mixed / onset + benchmark,mixed,360.0,0.09114,0.009942,0.5,0.783802,0.551797,0.950192,0.745968,1.0,0.297297,4.62789,0.565348,3.837176,0.932785,3.954879,0.792591,0.783802,0.653277,0.987055,0.842623,1.0,0.023346,4.79333,0.648857,3.97187,0.973807,,,0.09114,0.009942,23,onset + benchmark
23 / lvo / speed + benchmark,lvo,59.5,0.207256,0.048684,0.5,0.731092,0.62069,0.95,0.865385,1.0,0.555556,4.507554,0.576872,2.70805,0.0,4.185479,0.534841,0.731092,0.712644,0.95,0.95082,1.0,0.103448,4.65016,0.655421,2.70805,0.0,,,0.207256,0.048684,23,speed + benchmark
23 / nlvo / speed + benchmark,nlvo,248.5,0.056343,0.0,,0.651911,0.506173,0.95,0.692308,1.0,0.259615,4.654375,0.581089,2.70805,0.0,3.811748,0.896083,0.651911,0.611111,0.95,0.795918,1.0,0.0,4.835258,0.663422,2.70805,0.0,,,0.056343,0.0,23,speed + benchmark
23 / other / speed + benchmark,other,52.0,0.0,0.0,,0.596154,0.693548,0.95,0.8,1.0,0.0,4.677998,0.473565,2.70805,0.0,,,0.596154,0.790323,0.95,0.895833,1.0,0.0,4.805059,0.561571,2.70805,0.0,,,0.0,0.0,23,speed + benchmark
23 / mixed / speed + benchmark,mixed,360.0,0.076373,0.00802,0.5,0.656944,0.551797,0.95,0.745968,1.0,0.297297,4.62789,0.565348,2.70805,0.0,3.954879,0.792591,0.656944,0.653277,0.95,0.842623,1.0,0.023346,4.79333,0.648857,2.70805,0.0,,,0.076373,0.00802,23,speed + benchmark
23 / lvo / speed + onset,lvo,59.5,0.169182,0.055196,0.5,0.828872,0.62069,0.95,0.865385,1.0,0.4,4.507554,0.576872,2.70805,0.0,4.185479,0.534841,0.828872,0.712644,0.95,0.95082,1.0,0.103448,4.65016,0.655421,2.70805,0.0,,,0.169182,0.055196,23,speed + onset
23 / nlvo / speed + onset,nlvo,248.5,0.06811,0.0,,0.761925,0.506173,0.95,0.692308,1.0,0.268519,4.654375,0.581089,2.70805,0.0,3.811748,0.896083,0.761925,0.611111,0.95,0.795918,1.0,0.0,4.835258,0.663422,2.70805,0.0,,,0.06811,0.0,23,speed + onset
23 / other / speed + onset,other,52.0,0.0,0.0,,0.785804,0.693548,0.95,0.8,1.0,0.0,4.677998,0.473565,2.70805,0.0,,,0.785804,0.790323,0.95,0.895833,1.0,0.0,4.805059,0.561571,2.70805,0.0,,,0.0,0.0,23,speed + onset
23 / mixed / speed + onset,mixed,360.0,0.077867,0.009569,0.5,0.783802,0.551797,0.95,0.745968,1.0,0.254054,4.62789,0.565348,2.70805,0.0,3.954879,0.792591,0.783802,0.653277,0.95,0.842623,1.0,0.023346,4.79333,0.648857,2.70805,0.0,,,0.077867,0.009569,23,speed + onset
23 / lvo / speed + onset + benchmark,lvo,59.5,0.234976,0.055196,0.5,0.828872,0.62069,0.95,0.865385,1.0,0.555556,4.507554,0.576872,2.70805,0.0,4.185479,0.534841,0.828872,0.712644,0.95,0.95082,1.0,0.103448,4.65016,0.655421,2.70805,0.0,,,0.234976,0.055196,23,speed + onset + benchmark
23 / nlvo / speed + onset + benchmark,nlvo,248.5,0.065851,0.0,,0.761925,0.506173,0.95,0.692308,1.0,0.259615,4.654375,0.581089,2.70805,0.0,3.811748,0.896083,0.761925,0.611111,0.95,0.795918,1.0,0.0,4.835258,0.663422,2.70805,0.0,,,0.065851,0.0,23,speed + onset + benchmark
23 / other / speed + onset + benchmark,other,52.0,0.0,0.0,,0.785804,0.693548,0.95,0.8,1.0,0.0,4.677998,0.473565,2.70805,0.0,,,0.785804,0.790323,0.95,0.895833,1.0,0.0,4.805059,0.561571,2.70805,0.0,,,0.0,0.0,23,speed + onset + benchmark
23 / mixed / speed + onset + benchmark,mixed,360.0,0.091121,0.009569,0.5,0.783802,0.551797,0.95,0.745968,1.0,0.297297,4.62789,0.565348,2.70805,0.0,3.954879,0.792591,0.783802,0.653277,0.95,0.842623,1.0,0.023346,4.79333,0.648857,2.70805,0.0,,,0.091121,0.009569,23,speed + onset + benchmark
24 / lvo / base,lvo,100.0,0.185,0.02,0.5,0.56,0.776786,0.988506,0.918605,1.0,0.443038,4.630645,0.425265,2.742469,0.903748,3.788966,0.574237,0.56,0.892857,0.97,0.948454,1.0,0.021739,4.768582,0.536245,2.824176,0.908395,,,0.175,0.01,24,base
24 / nlvo / base,nlvo,324.5,0.09245,0.003082,0.0,0.460709,0.635452,0.973684,0.913514,1.0,0.35503,4.675429,0.486469,3.09273,0.917483,3.476861,0.55834,0.460709,0.729097,0.986239,0.967442,1.0,0.009615,4.802465,0.563801,3.148318,0.944114,,,0.09245,0.003082,24,base
24 / other / base,other,68.5,0.0,0.0,,0.525547,0.75,0.962963,0.942308,1.0,0.0,4.768166,0.373548,2.855399,0.927522,,,0.525547,0.833333,0.966667,0.948276,1.0,0.0,4.856772,0.445547,2.923083,0.966224,,,0.0,0.0,24,base
24 / mixed / base,mixed,493.0,0.098377,0.006085,0.333333,0.489858,0.6853,0.975831,0.919505,1.0,0.319865,4.678787,0.454976,2.961264,0.92596,3.591847,0.581246,0.489858,0.782609,0.978836,0.959459,1.0,0.011268,4.802121,0.538813,3.028033,0.947056,,,0.096349,0.004057,24,base
24 / lvo / benchmark,lvo,100.0,0.255,0.01,0.5,0.56,0.776786,0.988506,0.918605,1.0,0.64557,4.630645,0.425265,2.742469,0.903748,3.788966,0.574237,0.56,0.892857,0.97,0.948454,1.0,0.021739,4.768582,0.536245,2.824176,0.908395,,,0.255,0.01,24,benchmark
24 / nlvo / benchmark,nlvo,324.5,0.084053,0.003082,0.0,0.460709,0.635452,0.973684,0.913514,1.0,0.322785,4.675429,0.486469,3.09273,0.917483,3.476861,0.55834,0.460709,0.729097,0.986239,0.967442,1.0,0.009615,4.802465,0.563801,3.148318,0.944114,,,0.084053,0.003082,24,benchmark
24 / other / benchmark,other,68.5,0.0,0.0,,0.525547,0.75,0.962963,0.942308,1.0,0.0,4.768166,0.373548,2.855399,0.927522,,,0.525547,0.833333,0.966667,0.948276,1.0,0.0,4.856772,0.445547,2.923083,0.966224,,,0.0,0.0,24,benchmark
24 / mixed / benchmark,mixed,493.0,0.110548,0.004057,0.333333,0.489858,0.6853,0.975831,0.919505,1.0,0.367003,4.678787,0.454976,2.961264,0.92596,3.591847,0.581246,0.489858,0.782609,0.978836,0.959459,1.0,0.011268,4.802121,0.538813,3.028033,0.947056,,,0.110548,0.004057,24,benchmark
24 / lvo / onset,lvo,100.0,0.259023,0.014801,0.5,0.828872,0.776786,0.988506,0.918605,1.0,0.443038,4.630645,0.425265,2.742469,0.903748,3.788966,0.574237,0.828872,0.892857,0.97,0.948454,1.0,0.021739,4.768582,0.536245,2.824176,0.908395,,,0.259023,0.014801,24,onset
24 / nlvo / onset,nlvo,324.5,0.152895,0.005096,0.0,0.761925,0.635452,0.973684,0.913514,1.0,0.35503,4.675429,0.486469,3.09273,0.917483,3.476861,0.55834,0.761925,0.729097,0.986239,0.967442,1.0,0.009615,4.802465,0.563801,3.148318,0.944114,,,0.152895,0.005096,24,onset
24 / other / onset,other,68.5,0.0,0.0,,0.785804,0.75,0.962963,0.942308,1.0,0.0,4.768166,0.373548,2.855399,0.927522,,,0.785804,0.833333,0.966667,0.948276,1.0,0.0,4.856772,0.445547,2.923083,0.966224,,,0.0,0.0,24,onset
24 / mixed / onset,mixed,493.0,0.154164,0.006491,0.333333,0.783802,0.6853,0.975831,0.919505,1.0,0.319865,4.678787,0.454976,2.961264,0.92596,3.591847,0.581246,0.783802,0.782609,0.978836,0.959459,1.0,0.011268,4.802121,0.538813,3.028033,0.947056,,,0.154164,0.006491,24,onset
24 / lvo / speed,lvo,100.0,0.168183,0.009794,0.5,0.56,0.776786,0.95,0.918605,1.0,0.443038,4.630645,0.425265,2.70805,0.0,3.788966,0.574237,0.56,0.892857,0.95,0.948454,1.0,0.021739,4.768582,0.536245,2.70805,0.0,,,0.168183,0.009794,24,speed
24 / nlvo / speed,nlvo,324.5,0.090201,0.002968,0.0,0.460709,0.635452,0.95,0.913514,1.0,0.35503,4.675429,0.486469,2.70805,0.0,3.476861,0.55834,0.460709,0.729097,0.95,0.967442,1.0,0.009615,4.802465,0.563801,2.70805,0.0,,,0.090201,0.002968,24,speed
24 / other / speed,other,68.5,0.0,0.0,,0.525547,0.75,0.95,0.942308,1.0,0.0,4.768166,0.373548,2.70805,0.0,,,0.525547,0.833333,0.95,0.948276,1.0,0.0,4.856772,0.445547,2.70805,0.0,,,0.0,0.0,24,speed
24 / mixed / speed,mixed,493.0,0.093798,0.003937,0.333333,0.489858,0.6853,0.95,0.919505,1.0,0.319865,4.678787,0.454976,2.70805,0.0,3.591847,0.581246,0.489858,0.782609,0.95,0.959459,1.0,0.011268,4.802121,0.538813,2.70805,0.0,,,0.093798,0.003937,24,speed
24 / lvo / onset + benchmark,lvo,100.0,0.377433,0.014801,0.5,0.828872,0.776786,0.988506,0.918605,1.0,0.64557,4.630645,0.425265,2.742469,0.903748,3.788966,0.574237,0.828872,0.892857,0.97,0.948454,1.0,0.021739,4.768582,0.536245,2.824176,0.908395,,,0.377433,0.014801,24,onset + benchmark
24 / nlvo / onset + benchmark,nlvo,324.5,0.139008,0.005096,0.0,0.761925,0.635452,0.973684,0.913514,1.0,0.322785,4.675429,0.486469,3.09273,0.917483,3.476861,0.55834,0.761925,0.729097,0.986239,0.967442,1.0,0.009615,4.802465,0.563801,3.148318,0.944114,,,0.139008,0.005096,24,onset + benchmark
24 / other / onset + benchmark,other,68.5,0.0,0.0,,0.785804,0.75,0.962963,0.942308,1.0,0.0,4.768166,0.373548,2.855399,0.927522,,,0.785804,0.833333,0.966667,0.948276,1.0,0.0,4.856772,0.445547,2.923083,0.966224,,,0.0,0.0,24,onset + benchmark
24 / mixed / onset + benchmark,mixed,493.0,0.176883,0.006491,0.333333,0.783802,0.6853,0.975831,0.919505,1.0,0.367003,4.678787,0.454976,2.961264,0.92596,3.591847,0.581246,0.783802,0.782609,0.978836,0.959459,1.0,0.011268,4.802121,0.538813,3.028033,0.947056,,,0.176883,0.006491,24,onset + benchmark
24 / lvo / speed + benchmark,lvo,100.0,0.245067,0.009794,0.5,0.56,0.776786,0.95,0.918605,1.0,0.64557,4.630645,0.425265,2.70805,0.0,3.788966,0.574237,0.56,0.892857,0.95,0.948454,1.0,0.021739,4.768582,0.536245,2.70805,0.0,,,0.245067,0.009794,24,speed + benchmark
24 / nlvo / speed + benchmark,nlvo,324.5,0.082009,0.002968,0.0,0.460709,0.635452,0.95,0.913514,1.0,0.322785,4.675429,0.486469,2.70805,0.0,3.476861,0.55834,0.460709,0.729097,0.95,0.967442,1.0,0.009615,4.802465,0.563801,2.70805,0.0,,,0.082009,0.002968,24,speed + benchmark
24 / other / speed + benchmark,other,68.5,0.0,0.0,,0.525547,0.75,0.95,0.942308,1.0,0.0,4.768166,0.373548,2.70805,0.0,,,0.525547,0.833333,0.95,0.948276,1.0,0.0,4.856772,0.445547,2.70805,0.0,,,0.0,0.0,24,speed + benchmark
24 / mixed / speed + benchmark,mixed,493.0,0.107621,0.003937,0.333333,0.489858,0.6853,0.95,0.919505,1.0,0.367003,4.678787,0.454976,2.70805,0.0,3.591847,0.581246,0.489858,0.782609,0.95,0.959459,1.0,0.011268,4.802121,0.538813,2.70805,0.0,,,0.107621,0.003937,24,speed + benchmark
24 / lvo / speed + onset,lvo,100.0,0.248933,0.014496,0.5,0.828872,0.776786,0.95,0.918605,1.0,0.443038,4.630645,0.425265,2.70805,0.0,3.788966,0.574237,0.828872,0.892857,0.95,0.948454,1.0,0.021739,4.768582,0.536245,2.70805,0.0,,,0.248933,0.014496,24,speed + onset
24 / nlvo / speed + onset,nlvo,324.5,0.149176,0.004909,0.0,0.761925,0.635452,0.95,0.913514,1.0,0.35503,4.675429,0.486469,2.70805,0.0,3.476861,0.55834,0.761925,0.729097,0.95,0.967442,1.0,0.009615,4.802465,0.563801,2.70805,0.0,,,0.149176,0.004909,24,speed + onset
24 / other / speed + onset,other,68.5,0.0,0.0,,0.785804,0.75,0.95,0.942308,1.0,0.0,4.768166,0.373548,2.70805,0.0,,,0.785804,0.833333,0.95,0.948276,1.0,0.0,4.856772,0.445547,2.70805,0.0,,,0.0,0.0,24,speed + onset
24 / mixed / speed + onset,mixed,493.0,0.150083,0.0063,0.333333,0.783802,0.6853,0.95,0.919505,1.0,0.319865,4.678787,0.454976,2.70805,0.0,3.591847,0.581246,0.783802,0.782609,0.95,0.959459,1.0,0.011268,4.802121,0.538813,2.70805,0.0,,,0.150083,0.0063,24,speed + onset
24 / lvo / speed + onset + benchmark,lvo,100.0,0.362731,0.014496,0.5,0.828872,0.776786,0.95,0.918605,1.0,0.64557,4.630645,0.425265,2.70805,0.0,3.788966,0.574237,0.828872,0.892857,0.95,0.948454,1.0,0.021739,4.768582,0.536245,2.70805,0.0,,,0.362731,0.014496,24,speed + onset + benchmark
24 / nlvo / speed + onset + benchmark,nlvo,324.5,0.135627,0.004909,0.0,0.761925,0.635452,0.95,0.913514,1.0,0.322785,4.675429,0.486469,2.70805,0.0,3.476861,0.55834,0.761925,0.729097,0.95,0.967442,1.0,0.009615,4.802465,0.563801,2.70805,0.0,,,0.135627,0.004909,24,speed + onset + benchmark
24 / other / speed + onset + benchmark,other,68.5,0.0,0.0,,0.785804,0.75,0.95,0.942308,1.0,0.0,4.768166,0.373548,2.70805,0.0,,,0.785804,0.833333,0.95,0.948276,1.0,0.0,4.856772,0.445547,2.70805,0.0,,,0.0,0.0,24,speed + onset + benchmark
24 / mixed / speed + onset + benchmark,mixed,493.0,0.172201,0.0063,0.333333,0.783802,0.6853,0.95,0.919505,1.0,0.367003,4.678787,0.454976,2.70805,0.0,3.591847,0.581246,0.783802,0.782609,0.95,0.959459,1.0,0.011268,4.802121,0.538813,2.70805,0.0,,,0.172201,0.0063,24,speed + onset + benchmark
25 / lvo / base,lvo,115.5,0.255411,0.008658,0.5,0.632035,0.794521,0.982759,0.964912,1.0,0.509091,4.557548,0.513237,2.835665,0.756604,3.711347,0.783616,0.632035,0.849315,0.975806,0.991736,1.0,0.016667,4.628923,0.566928,2.845903,0.748481,,,0.242425,0.008658,25,base
25 / nlvo / base,nlvo,415.5,0.063779,0.0,,0.506619,0.527316,1.0,0.882883,1.0,0.255102,4.726084,0.562961,3.177086,0.942974,3.547476,0.897963,0.506619,0.660333,0.978417,0.933824,1.0,0.0,4.916384,0.632926,3.233373,0.968625,,,0.060169,0.0,25,base
25 / other / base,other,96.5,0.0,0.0,,0.642487,0.725806,0.966667,0.931034,1.0,0.0,4.607618,0.443302,3.209703,0.767883,,,0.642487,0.83871,0.971154,0.970297,1.0,0.0,4.740541,0.534028,3.249017,0.814458,,,0.0,0.0,25,base
25 / mixed / base,mixed,627.5,0.089243,0.001594,0.5,0.550598,0.619392,0.988318,0.914894,1.0,0.273902,4.655495,0.530671,3.09178,0.873806,3.63405,0.839461,0.550598,0.732272,0.976285,0.955466,1.0,0.004237,4.809798,0.609473,3.141665,0.902845,,,0.084462,0.001594,25,base
25 / lvo / benchmark,lvo,115.5,0.337663,0.008658,0.5,0.632035,0.794521,0.982759,0.964912,1.0,0.709091,4.557548,0.513237,2.835665,0.756604,3.711347,0.783616,0.632035,0.849315,0.975806,0.991736,1.0,0.016667,4.628923,0.566928,2.845903,0.748481,,,0.337663,0.008658,25,benchmark
25 / nlvo / benchmark,nlvo,415.5,0.10126,0.0,,0.506619,0.527316,1.0,0.882883,1.0,0.429319,4.726084,0.562961,3.177086,0.942974,3.547476,0.897963,0.506619,0.660333,0.978417,0.933824,1.0,0.0,4.916384,0.632926,3.233373,0.968625,,,0.10126,0.0,25,benchmark
25 / other / benchmark,other,96.5,0.0,0.0,,0.642487,0.725806,0.966667,0.931034,1.0,0.0,4.607618,0.443302,3.209703,0.767883,,,0.642487,0.83871,0.971154,0.970297,1.0,0.0,4.740541,0.534028,3.249017,0.814458,,,0.0,0.0,25,benchmark
25 / mixed / benchmark,mixed,627.5,0.129881,0.001594,0.5,0.550598,0.619392,0.988318,0.914894,1.0,0.421189,4.655495,0.530671,3.09178,0.873806,3.63405,0.839461,0.550598,0.732272,0.976285,0.955466,1.0,0.004237,4.809798,0.609473,3.141665,0.902845,,,0.129881,0.001594,25,benchmark
25 / lvo / onset,lvo,115.5,0.317924,0.011355,0.5,0.828872,0.794521,0.982759,0.964912,1.0,0.509091,4.557548,0.513237,2.835665,0.756604,3.711347,0.783616,0.828872,0.849315,0.975806,0.991736,1.0,0.016667,4.628923,0.566928,2.845903,0.748481,,,0.317924,0.011355,25,onset
25 / nlvo / onset,nlvo,415.5,0.09049,0.0,,0.761925,0.527316,1.0,0.882883,1.0,0.255102,4.726084,0.562961,3.177086,0.942974,3.547476,0.897963,0.761925,0.660333,0.978417,0.933824,1.0,0.0,4.916384,0.632926,3.233373,0.968625,,,0.09049,0.0,25,onset
25 / other / onset,other,96.5,0.0,0.0,,0.785804,0.725806,0.966667,0.931034,1.0,0.0,4.607618,0.443302,3.209703,0.767883,,,0.785804,0.83871,0.971154,0.970297,1.0,0.0,4.740541,0.534028,3.249017,0.814458,,,0.0,0.0,25,onset
25 / mixed / onset,mixed,627.5,0.120236,0.002268,0.5,0.783802,0.619392,0.988318,0.914894,1.0,0.273902,4.655495,0.530671,3.09178,0.873806,3.63405,0.839461,0.783802,0.732272,0.976285,0.955466,1.0,0.004237,4.809798,0.609473,3.141665,0.902845,,,0.120236,0.002268,25,onset
25 / lvo / speed,lvo,115.5,0.234344,0.008429,0.5,0.632035,0.794521,0.95,0.964912,1.0,0.509091,4.557548,0.513237,2.70805,0.0,3.711347,0.783616,0.632035,0.849315,0.95,0.991736,1.0,0.016667,4.628923,0.566928,2.70805,0.0,,,0.234344,0.008429,25,speed
25 / nlvo / speed,nlvo,415.5,0.05716,0.0,,0.506619,0.527316,0.95,0.882883,1.0,0.255102,4.726084,0.562961,2.70805,0.0,3.547476,0.897963,0.506619,0.660333,0.95,0.933824,1.0,0.0,4.916384,0.632926,2.70805,0.0,,,0.05716,0.0,25,speed
25 / other / speed,other,96.5,0.0,0.0,,0.642487,0.725806,0.95,0.931034,1.0,0.0,4.607618,0.443302,2.70805,0.0,,,0.642487,0.83871,0.95,0.970297,1.0,0.0,4.740541,0.534028,2.70805,0.0,,,0.0,0.0,25,speed
25 / mixed / speed,mixed,627.5,0.081188,0.001551,0.5,0.550598,0.619392,0.95,0.914894,1.0,0.273902,4.655495,0.530671,2.70805,0.0,3.63405,0.839461,0.550598,0.732272,0.95,0.955466,1.0,0.004237,4.809798,0.609473,2.70805,0.0,,,0.081188,0.001551,25,speed
25 / lvo / onset + benchmark,lvo,115.5,0.442822,0.011355,0.5,0.828872,0.794521,0.982759,0.964912,1.0,0.709091,4.557548,0.513237,2.835665,0.756604,3.711347,0.783616,0.828872,0.849315,0.975806,0.991736,1.0,0.016667,4.628923,0.566928,2.845903,0.748481,,,0.442822,0.011355,25,onset + benchmark
25 / nlvo / onset + benchmark,nlvo,415.5,0.152288,0.0,,0.761925,0.527316,1.0,0.882883,1.0,0.429319,4.726084,0.562961,3.177086,0.942974,3.547476,0.897963,0.761925,0.660333,0.978417,0.933824,1.0,0.0,4.916384,0.632926,3.233373,0.968625,,,0.152288,0.0,25,onset + benchmark
25 / other / onset + benchmark,other,96.5,0.0,0.0,,0.785804,0.725806,0.966667,0.931034,1.0,0.0,4.607618,0.443302,3.209703,0.767883,,,0.785804,0.83871,0.971154,0.970297,1.0,0.0,4.740541,0.534028,3.249017,0.814458,,,0.0,0.0,25,onset + benchmark
25 / mixed / onset + benchmark,mixed,627.5,0.184891,0.002268,0.5,0.783802,0.619392,0.988318,0.914894,1.0,0.421189,4.655495,0.530671,3.09178,0.873806,3.63405,0.839461,0.783802,0.732272,0.976285,0.955466,1.0,0.004237,4.809798,0.609473,3.141665,0.902845,,,0.184891,0.002268,25,onset + benchmark
25 / lvo / speed + benchmark,lvo,115.5,0.326407,0.008429,0.5,0.632035,0.794521,0.95,0.964912,1.0,0.709091,4.557548,0.513237,2.70805,0.0,3.711347,0.783616,0.632035,0.849315,0.95,0.991736,1.0,0.016667,4.628923,0.566928,2.70805,0.0,,,0.326407,0.008429,25,speed + benchmark
25 / nlvo / speed + benchmark,nlvo,415.5,0.096197,0.0,,0.506619,0.527316,0.95,0.882883,1.0,0.429319,4.726084,0.562961,2.70805,0.0,3.547476,0.897963,0.506619,0.660333,0.95,0.933824,1.0,0.0,4.916384,0.632926,2.70805,0.0,,,0.096197,0.0,25,speed + benchmark
25 / other / speed + benchmark,other,96.5,0.0,0.0,,0.642487,0.725806,0.95,0.931034,1.0,0.0,4.607618,0.443302,2.70805,0.0,,,0.642487,0.83871,0.95,0.970297,1.0,0.0,4.740541,0.534028,2.70805,0.0,,,0.0,0.0,25,speed + benchmark
25 / mixed / speed + benchmark,mixed,627.5,0.124845,0.001551,0.5,0.550598,0.619392,0.95,0.914894,1.0,0.421189,4.655495,0.530671,2.70805,0.0,3.63405,0.839461,0.550598,0.732272,0.95,0.955466,1.0,0.004237,4.809798,0.609473,2.70805,0.0,,,0.124845,0.001551,25,speed + benchmark
25 / lvo / speed + onset,lvo,115.5,0.307326,0.011054,0.5,0.828872,0.794521,0.95,0.964912,1.0,0.509091,4.557548,0.513237,2.70805,0.0,3.711347,0.783616,0.828872,0.849315,0.95,0.991736,1.0,0.016667,4.628923,0.566928,2.70805,0.0,,,0.307326,0.011054,25,speed + onset
25 / nlvo / speed + onset,nlvo,415.5,0.085965,0.0,,0.761925,0.527316,0.95,0.882883,1.0,0.255102,4.726084,0.562961,2.70805,0.0,3.547476,0.897963,0.761925,0.660333,0.95,0.933824,1.0,0.0,4.916384,0.632926,2.70805,0.0,,,0.085965,0.0,25,speed + onset
25 / other / speed + onset,other,96.5,0.0,0.0,,0.785804,0.725806,0.95,0.931034,1.0,0.0,4.607618,0.443302,2.70805,0.0,,,0.785804,0.83871,0.95,0.970297,1.0,0.0,4.740541,0.534028,2.70805,0.0,,,0.0,0.0,25,speed + onset
25 / mixed / speed + onset,mixed,627.5,0.115574,0.002207,0.5,0.783802,0.619392,0.95,0.914894,1.0,0.273902,4.655495,0.530671,2.70805,0.0,3.63405,0.839461,0.783802,0.732272,0.95,0.955466,1.0,0.004237,4.809798,0.609473,2.70805,0.0,,,0.115574,0.002207,25,speed + onset
25 / lvo / speed + onset + benchmark,lvo,115.5,0.428061,0.011054,0.5,0.828872,0.794521,0.95,0.964912,1.0,0.709091,4.557548,0.513237,2.70805,0.0,3.711347,0.783616,0.828872,0.849315,0.95,0.991736,1.0,0.016667,4.628923,0.566928,2.70805,0.0,,,0.428061,0.011054,25,speed + onset + benchmark
25 / nlvo / speed + onset + benchmark,nlvo,415.5,0.144674,0.0,,0.761925,0.527316,0.95,0.882883,1.0,0.429319,4.726084,0.562961,2.70805,0.0,3.547476,0.897963,0.761925,0.660333,0.95,0.933824,1.0,0.0,4.916384,0.632926,2.70805,0.0,,,0.144674,0.0,25,speed + onset + benchmark
25 / other / speed + onset + benchmark,other,96.5,0.0,0.0,,0.785804,0.725806,0.95,0.931034,1.0,0.0,4.607618,0.443302,2.70805,0.0,,,0.785804,0.83871,0.95,0.970297,1.0,0.0,4.740541,0.534028,2.70805,0.0,,,0.0,0.0,25,speed + onset + benchmark
25 / mixed / speed + onset + benchmark,mixed,627.5,0.177723,0.002207,0.5,0.783802,0.619392,0.95,0.914894,1.0,0.421189,4.655495,0.530671,2.70805,0.0,3.63405,0.839461,0.783802,0.732272,0.95,0.955466,1.0,0.004237,4.809798,0.609473,2.70805,0.0,,,0.177723,0.002207,25,speed + onset + benchmark
26 / lvo / base,lvo,102.5,0.219512,0.009756,0.5,0.756098,0.729032,0.964602,0.990826,1.0,0.407407,4.47201,0.51687,2.087752,1.300742,4.016622,0.573014,0.756098,0.787097,0.991803,0.933884,1.0,0.017699,4.562095,0.592303,2.306482,1.462329,,,0.214634,0.009756,26,base
26 / nlvo / base,nlvo,368.0,0.054348,0.0,,0.630435,0.551724,0.964844,0.821862,1.0,0.192118,4.623538,0.538457,2.759355,1.603573,3.977044,0.490869,0.630435,0.670259,0.96463,0.876667,1.0,0.0,4.811293,0.636518,3.000314,1.627242,,,0.052989,0.0,26,base
26 / other / base,other,76.0,0.0,0.0,,0.618421,0.723404,0.955882,0.892308,1.0,0.0,4.534218,0.664427,2.509578,1.462174,,,0.618421,0.797872,0.946667,0.929577,1.0,0.0,4.639052,0.713217,2.587832,1.497214,,,0.0,0.0,26,base
26 / mixed / base,mixed,546.5,0.077768,0.00183,0.5,0.652333,0.612903,0.963387,0.876485,1.0,0.224932,4.570457,0.557144,2.546908,1.532467,3.998025,0.533139,0.652333,0.712482,0.968504,0.898374,1.0,0.004525,4.726017,0.646332,2.770152,1.595256,,,0.075938,0.00183,26,base
26 / lvo / benchmark,lvo,102.5,0.356098,0.009756,0.5,0.756098,0.729032,0.964602,0.990826,1.0,0.675926,4.47201,0.51687,2.087752,1.300742,4.016622,0.573014,0.756098,0.787097,0.991803,0.933884,1.0,0.017699,4.562095,0.592303,2.306482,1.462329,,,0.356098,0.009756,26,benchmark
26 / nlvo / benchmark,nlvo,368.0,0.122902,0.0,,0.630435,0.551724,0.964844,0.821862,1.0,0.445596,4.623538,0.538457,2.759355,1.603573,3.977044,0.490869,0.630435,0.670259,0.96463,0.876667,1.0,0.0,4.811293,0.636518,3.000314,1.627242,,,0.122902,0.0,26,benchmark
26 / other / benchmark,other,76.0,0.0,0.0,,0.618421,0.723404,0.955882,0.892308,1.0,0.0,4.534218,0.664427,2.509578,1.462174,,,0.618421,0.797872,0.946667,0.929577,1.0,0.0,4.639052,0.713217,2.587832,1.497214,,,0.0,0.0,26,benchmark
26 / mixed / benchmark,mixed,546.5,0.152791,0.00183,0.5,0.652333,0.612903,0.963387,0.876485,1.0,0.452575,4.570457,0.557144,2.546908,1.532467,3.998025,0.533139,0.652333,0.712482,0.968504,0.898374,1.0,0.004525,4.726017,0.646332,2.770152,1.595256,,,0.152791,0.00183,26,benchmark
26 / lvo / onset,lvo,102.5,0.235293,0.010695,0.5,0.828872,0.729032,0.964602,0.990826,1.0,0.407407,4.47201,0.51687,2.087752,1.300742,4.016622,0.573014,0.828872,0.787097,0.991803,0.933884,1.0,0.017699,4.562095,0.592303,2.306482,1.462329,,,0.235293,0.010695,26,onset
26 / nlvo / onset,nlvo,368.0,0.064041,0.0,,0.761925,0.551724,0.964844,0.821862,1.0,0.192118,4.623538,0.538457,2.759355,1.603573,3.977044,0.490869,0.761925,0.670259,0.96463,0.876667,1.0,0.0,4.811293,0.636518,3.000314,1.627242,,,0.064041,0.0,26,onset
26 / other / onset,other,76.0,0.0,0.0,,0.785804,0.723404,0.955882,0.892308,1.0,0.0,4.534218,0.664427,2.509578,1.462174,,,0.785804,0.797872,0.946667,0.929577,1.0,0.0,4.639052,0.713217,2.587832,1.497214,,,0.0,0.0,26,onset
26 / mixed / onset,mixed,546.5,0.091242,0.002199,0.5,0.783802,0.612903,0.963387,0.876485,1.0,0.224932,4.570457,0.557144,2.546908,1.532467,3.998025,0.533139,0.783802,0.712482,0.968504,0.898374,1.0,0.004525,4.726017,0.646332,2.770152,1.595256,,,0.091242,0.002199,26,onset
26 / lvo / speed,lvo,102.5,0.211385,0.009345,0.5,0.756098,0.729032,0.95,0.990826,1.0,0.407407,4.47201,0.51687,2.087752,0.0,4.016622,0.573014,0.756098,0.787097,0.95,0.933884,1.0,0.017699,4.562095,0.592303,2.306482,0.0,,,0.211385,0.009345,26,speed
26 / nlvo / speed,nlvo,368.0,0.052174,0.0,,0.630435,0.551724,0.95,0.821862,1.0,0.192118,4.623538,0.538457,2.70805,0.0,3.977044,0.490869,0.630435,0.670259,0.95,0.876667,1.0,0.0,4.811293,0.636518,2.70805,0.0,,,0.052174,0.0,26,speed
26 / other / speed,other,76.0,0.0,0.0,,0.618421,0.723404,0.95,0.892308,1.0,0.0,4.534218,0.664427,2.509578,0.0,,,0.618421,0.797872,0.95,0.929577,1.0,0.0,4.639052,0.713217,2.587832,0.0,,,0.0,0.0,26,speed
26 / mixed / speed,mixed,546.5,0.074883,0.001795,0.5,0.652333,0.612903,0.95,0.876485,1.0,0.224932,4.570457,0.557144,2.546908,0.0,3.998025,0.533139,0.652333,0.712482,0.95,0.898374,1.0,0.004525,4.726017,0.646332,2.70805,0.0,,,0.074883,0.001795,26,speed
26 / lvo / onset + benchmark,lvo,102.5,0.390372,0.010695,0.5,0.828872,0.729032,0.964602,0.990826,1.0,0.675926,4.47201,0.51687,2.087752,1.300742,4.016622,0.573014,0.828872,0.787097,0.991803,0.933884,1.0,0.017699,4.562095,0.592303,2.306482,1.462329,,,0.390372,0.010695,26,onset + benchmark
26 / nlvo / onset + benchmark,nlvo,368.0,0.148536,0.0,,0.761925,0.551724,0.964844,0.821862,1.0,0.445596,4.623538,0.538457,2.759355,1.603573,3.977044,0.490869,0.761925,0.670259,0.96463,0.876667,1.0,0.0,4.811293,0.636518,3.000314,1.627242,,,0.148536,0.0,26,onset + benchmark
26 / other / onset + benchmark,other,76.0,0.0,0.0,,0.785804,0.723404,0.955882,0.892308,1.0,0.0,4.534218,0.664427,2.509578,1.462174,,,0.785804,0.797872,0.946667,0.929577,1.0,0.0,4.639052,0.713217,2.587832,1.497214,,,0.0,0.0,26,onset + benchmark
26 / mixed / onset + benchmark,mixed,546.5,0.183583,0.002199,0.5,0.783802,0.612903,0.963387,0.876485,1.0,0.452575,4.570457,0.557144,2.546908,1.532467,3.998025,0.533139,0.783802,0.712482,0.968504,0.898374,1.0,0.004525,4.726017,0.646332,2.770152,1.595256,,,0.183583,0.002199,26,onset + benchmark
26 / lvo / speed + benchmark,lvo,102.5,0.350707,0.009345,0.5,0.756098,0.729032,0.95,0.990826,1.0,0.675926,4.47201,0.51687,2.087752,0.0,4.016622,0.573014,0.756098,0.787097,0.95,0.933884,1.0,0.017699,4.562095,0.592303,2.306482,0.0,,,0.350707,0.009345,26,speed + benchmark
26 / nlvo / speed + benchmark,nlvo,368.0,0.121011,0.0,,0.630435,0.551724,0.95,0.821862,1.0,0.445596,4.623538,0.538457,2.70805,0.0,3.977044,0.490869,0.630435,0.670259,0.95,0.876667,1.0,0.0,4.811293,0.636518,2.70805,0.0,,,0.121011,0.0,26,speed + benchmark
26 / other / speed + benchmark,other,76.0,0.0,0.0,,0.618421,0.723404,0.95,0.892308,1.0,0.0,4.534218,0.664427,2.509578,0.0,,,0.618421,0.797872,0.95,0.929577,1.0,0.0,4.639052,0.713217,2.587832,0.0,,,0.0,0.0,26,speed + benchmark
26 / mixed / speed + benchmark,mixed,546.5,0.150667,0.001795,0.5,0.652333,0.612903,0.95,0.876485,1.0,0.452575,4.570457,0.557144,2.546908,0.0,3.998025,0.533139,0.652333,0.712482,0.95,0.898374,1.0,0.004525,4.726017,0.646332,2.70805,0.0,,,0.150667,0.001795,26,speed + benchmark
26 / lvo / speed + onset,lvo,102.5,0.231731,0.010244,0.5,0.828872,0.729032,0.95,0.990826,1.0,0.407407,4.47201,0.51687,2.087752,0.0,4.016622,0.573014,0.828872,0.787097,0.95,0.933884,1.0,0.017699,4.562095,0.592303,2.306482,0.0,,,0.231731,0.010244,26,speed + onset
26 / nlvo / speed + onset,nlvo,368.0,0.063056,0.0,,0.761925,0.551724,0.95,0.821862,1.0,0.192118,4.623538,0.538457,2.70805,0.0,3.977044,0.490869,0.761925,0.670259,0.95,0.876667,1.0,0.0,4.811293,0.636518,2.70805,0.0,,,0.063056,0.0,26,speed + onset
26 / other / speed + onset,other,76.0,0.0,0.0,,0.785804,0.723404,0.95,0.892308,1.0,0.0,4.534218,0.664427,2.509578,0.0,,,0.785804,0.797872,0.95,0.929577,1.0,0.0,4.639052,0.713217,2.587832,0.0,,,0.0,0.0,26,speed + onset
26 / mixed / speed + onset,mixed,546.5,0.089974,0.002157,0.5,0.783802,0.612903,0.95,0.876485,1.0,0.224932,4.570457,0.557144,2.546908,0.0,3.998025,0.533139,0.783802,0.712482,0.95,0.898374,1.0,0.004525,4.726017,0.646332,2.70805,0.0,,,0.089974,0.002157,26,speed + onset
26 / lvo / speed + onset + benchmark,lvo,102.5,0.384463,0.010244,0.5,0.828872,0.729032,0.95,0.990826,1.0,0.675926,4.47201,0.51687,2.087752,0.0,4.016622,0.573014,0.828872,0.787097,0.95,0.933884,1.0,0.017699,4.562095,0.592303,2.306482,0.0,,,0.384463,0.010244,26,speed + onset + benchmark
26 / nlvo / speed + onset + benchmark,nlvo,368.0,0.146251,0.0,,0.761925,0.551724,0.95,0.821862,1.0,0.445596,4.623538,0.538457,2.70805,0.0,3.977044,0.490869,0.761925,0.670259,0.95,0.876667,1.0,0.0,4.811293,0.636518,2.70805,0.0,,,0.146251,0.0,26,speed + onset + benchmark
26 / other / speed + onset + benchmark,other,76.0,0.0,0.0,,0.785804,0.723404,0.95,0.892308,1.0,0.0,4.534218,0.664427,2.509578,0.0,,,0.785804,0.797872,0.95,0.929577,1.0,0.0,4.639052,0.713217,2.587832,0.0,,,0.0,0.0,26,speed + onset + benchmark
26 / mixed / speed + onset + benchmark,mixed,546.5,0.181032,0.002157,0.5,0.783802,0.612903,0.95,0.876485,1.0,0.452575,4.570457,0.557144,2.546908,0.0,3.998025,0.533139,0.783802,0.712482,0.95,0.898374,1.0,0.004525,4.726017,0.646332,2.70805,0.0,,,0.181032,0.002157,26,speed + onset + benchmark
27 / lvo / base,lvo,54.0,0.268519,0.009259,1.0,1.0,0.777778,0.97619,0.878049,1.0,0.402778,4.521449,0.783333,3.437794,0.810355,3.779233,0.541562,1.0,0.814815,0.977273,0.953488,1.0,0.012195,4.573619,0.802191,3.494853,0.836509,,,0.268519,0.009259,27,base
27 / nlvo / base,nlvo,252.0,0.081349,0.001984,0.0,0.996032,0.408367,0.985366,0.792079,1.0,0.25625,4.757916,0.539627,3.507857,1.094755,3.771072,0.611003,0.996032,0.521912,0.973282,0.835294,1.0,0.004695,4.962829,0.618197,3.654148,1.121638,,,0.081349,0.001984,27,base
27 / other / base,other,44.0,0.0,0.0,,1.0,0.693182,0.95082,0.913793,1.0,0.0,4.703204,0.474409,3.274262,0.922389,,,1.0,0.738636,0.969231,0.920635,1.0,0.0,4.766509,0.523005,3.357375,0.983881,,,0.0,0.0,27,base
27 / mixed / base,mixed,350.0,0.1,0.002857,0.5,0.997143,0.501433,0.977143,0.833333,1.0,0.245614,4.691629,0.603665,3.451443,1.005937,3.774453,0.579183,0.997143,0.594556,0.973494,0.873762,1.0,0.005666,4.849549,0.66621,3.57396,1.049848,,,0.1,0.002857,27,base
27 / lvo / benchmark,lvo,54.0,0.314815,0.009259,1.0,1.0,0.777778,0.97619,0.878049,1.0,0.472222,4.521449,0.783333,3.437794,0.810355,3.779233,0.541562,1.0,0.814815,0.977273,0.953488,1.0,0.012195,4.573619,0.802191,3.494853,0.836509,,,0.314815,0.009259,27,benchmark
27 / nlvo / benchmark,nlvo,252.0,0.098812,0.001984,0.0,0.996032,0.408367,0.985366,0.792079,1.0,0.311258,4.757916,0.539627,3.507857,1.094755,3.771072,0.611003,0.996032,0.521912,0.973282,0.835294,1.0,0.004695,4.962829,0.618197,3.654148,1.121638,,,0.098812,0.001984,27,benchmark
27 / other / benchmark,other,44.0,0.0,0.0,,1.0,0.693182,0.95082,0.913793,1.0,0.0,4.703204,0.474409,3.274262,0.922389,,,1.0,0.738636,0.969231,0.920635,1.0,0.0,4.766509,0.523005,3.357375,0.983881,,,0.0,0.0,27,benchmark
27 / mixed / benchmark,mixed,350.0,0.122857,0.002857,0.5,0.997143,0.501433,0.977143,0.833333,1.0,0.301754,4.691629,0.603665,3.451443,1.005937,3.774453,0.579183,0.997143,0.594556,0.973494,0.873762,1.0,0.005666,4.849549,0.66621,3.57396,1.049848,,,0.122857,0.002857,27,benchmark
27 / lvo / onset,lvo,54.0,0.268519,0.009259,1.0,1.0,0.777778,0.97619,0.878049,1.0,0.402778,4.521449,0.783333,3.437794,0.810355,3.779233,0.541562,1.0,0.814815,0.977273,0.953488,1.0,0.012195,4.573619,0.802191,3.494853,0.836509,,,0.268519,0.009259,27,onset
27 / nlvo / onset,nlvo,252.0,0.081349,0.001984,0.0,0.996032,0.408367,0.985366,0.792079,1.0,0.25625,4.757916,0.539627,3.507857,1.094755,3.771072,0.611003,0.996032,0.521912,0.973282,0.835294,1.0,0.004695,4.962829,0.618197,3.654148,1.121638,,,0.081349,0.001984,27,onset
27 / other / onset,other,44.0,0.0,0.0,,1.0,0.693182,0.95082,0.913793,1.0,0.0,4.703204,0.474409,3.274262,0.922389,,,1.0,0.738636,0.969231,0.920635,1.0,0.0,4.766509,0.523005,3.357375,0.983881,,,0.0,0.0,27,onset
27 / mixed / onset,mixed,350.0,0.1,0.002857,0.5,0.997143,0.501433,0.977143,0.833333,1.0,0.245614,4.691629,0.603665,3.451443,1.005937,3.774453,0.579183,0.997143,0.594556,0.973494,0.873762,1.0,0.005666,4.849549,0.66621,3.57396,1.049848,,,0.1,0.002857,27,onset
27 / lvo / speed,lvo,54.0,0.261315,0.009001,1.0,1.0,0.777778,0.95,0.878049,1.0,0.402778,4.521449,0.783333,2.70805,0.0,3.779233,0.541562,1.0,0.814815,0.95,0.953488,1.0,0.012195,4.573619,0.802191,2.70805,0.0,,,0.261315,0.009001,27,speed
27 / nlvo / speed,nlvo,252.0,0.07843,0.001937,0.0,0.996032,0.408367,0.95,0.792079,1.0,0.25625,4.757916,0.539627,2.70805,0.0,3.771072,0.611003,0.996032,0.521912,0.95,0.835294,1.0,0.004695,4.962829,0.618197,2.70805,0.0,,,0.07843,0.001937,27,speed
27 / other / speed,other,44.0,0.0,0.0,,1.0,0.693182,0.95,0.913793,1.0,0.0,4.703204,0.474409,2.70805,0.0,,,1.0,0.738636,0.95,0.920635,1.0,0.0,4.766509,0.523005,2.70805,0.0,,,0.0,0.0,27,speed
27 / mixed / speed,mixed,350.0,0.097222,0.002788,0.5,0.997143,0.501433,0.95,0.833333,1.0,0.245614,4.691629,0.603665,2.70805,0.0,3.774453,0.579183,0.997143,0.594556,0.95,0.873762,1.0,0.005666,4.849549,0.66621,2.70805,0.0,,,0.097222,0.002788,27,speed
27 / lvo / onset + benchmark,lvo,54.0,0.314815,0.009259,1.0,1.0,0.777778,0.97619,0.878049,1.0,0.472222,4.521449,0.783333,3.437794,0.810355,3.779233,0.541562,1.0,0.814815,0.977273,0.953488,1.0,0.012195,4.573619,0.802191,3.494853,0.836509,,,0.314815,0.009259,27,onset + benchmark
27 / nlvo / onset + benchmark,nlvo,252.0,0.098812,0.001984,0.0,0.996032,0.408367,0.985366,0.792079,1.0,0.311258,4.757916,0.539627,3.507857,1.094755,3.771072,0.611003,0.996032,0.521912,0.973282,0.835294,1.0,0.004695,4.962829,0.618197,3.654148,1.121638,,,0.098812,0.001984,27,onset + benchmark
27 / other / onset + benchmark,other,44.0,0.0,0.0,,1.0,0.693182,0.95082,0.913793,1.0,0.0,4.703204,0.474409,3.274262,0.922389,,,1.0,0.738636,0.969231,0.920635,1.0,0.0,4.766509,0.523005,3.357375,0.983881,,,0.0,0.0,27,onset + benchmark
27 / mixed / onset + benchmark,mixed,350.0,0.122857,0.002857,0.5,0.997143,0.501433,0.977143,0.833333,1.0,0.301754,4.691629,0.603665,3.451443,1.005937,3.774453,0.579183,0.997143,0.594556,0.973494,0.873762,1.0,0.005666,4.849549,0.66621,3.57396,1.049848,,,0.122857,0.002857,27,onset + benchmark
27 / lvo / speed + benchmark,lvo,54.0,0.306369,0.009001,1.0,1.0,0.777778,0.95,0.878049,1.0,0.472222,4.521449,0.783333,2.70805,0.0,3.779233,0.541562,1.0,0.814815,0.95,0.953488,1.0,0.012195,4.573619,0.802191,2.70805,0.0,,,0.306369,0.009001,27,speed + benchmark
27 / nlvo / speed + benchmark,nlvo,252.0,0.095266,0.001937,0.0,0.996032,0.408367,0.95,0.792079,1.0,0.311258,4.757916,0.539627,2.70805,0.0,3.771072,0.611003,0.996032,0.521912,0.95,0.835294,1.0,0.004695,4.962829,0.618197,2.70805,0.0,,,0.095266,0.001937,27,speed + benchmark
27 / other / speed + benchmark,other,44.0,0.0,0.0,,1.0,0.693182,0.95,0.913793,1.0,0.0,4.703204,0.474409,2.70805,0.0,,,1.0,0.738636,0.95,0.920635,1.0,0.0,4.766509,0.523005,2.70805,0.0,,,0.0,0.0,27,speed + benchmark
27 / mixed / speed + benchmark,mixed,350.0,0.119444,0.002788,0.5,0.997143,0.501433,0.95,0.833333,1.0,0.301754,4.691629,0.603665,2.70805,0.0,3.774453,0.579183,0.997143,0.594556,0.95,0.873762,1.0,0.005666,4.849549,0.66621,2.70805,0.0,,,0.119444,0.002788,27,speed + benchmark
27 / lvo / speed + onset,lvo,54.0,0.261315,0.009001,1.0,1.0,0.777778,0.95,0.878049,1.0,0.402778,4.521449,0.783333,2.70805,0.0,3.779233,0.541562,1.0,0.814815,0.95,0.953488,1.0,0.012195,4.573619,0.802191,2.70805,0.0,,,0.261315,0.009001,27,speed + onset
27 / nlvo / speed + onset,nlvo,252.0,0.07843,0.001937,0.0,0.996032,0.408367,0.95,0.792079,1.0,0.25625,4.757916,0.539627,2.70805,0.0,3.771072,0.611003,0.996032,0.521912,0.95,0.835294,1.0,0.004695,4.962829,0.618197,2.70805,0.0,,,0.07843,0.001937,27,speed + onset
27 / other / speed + onset,other,44.0,0.0,0.0,,1.0,0.693182,0.95,0.913793,1.0,0.0,4.703204,0.474409,2.70805,0.0,,,1.0,0.738636,0.95,0.920635,1.0,0.0,4.766509,0.523005,2.70805,0.0,,,0.0,0.0,27,speed + onset
27 / mixed / speed + onset,mixed,350.0,0.097222,0.002788,0.5,0.997143,0.501433,0.95,0.833333,1.0,0.245614,4.691629,0.603665,2.70805,0.0,3.774453,0.579183,0.997143,0.594556,0.95,0.873762,1.0,0.005666,4.849549,0.66621,2.70805,0.0,,,0.097222,0.002788,27,speed + onset
27 / lvo / speed + onset + benchmark,lvo,54.0,0.306369,0.009001,1.0,1.0,0.777778,0.95,0.878049,1.0,0.472222,4.521449,0.783333,2.70805,0.0,3.779233,0.541562,1.0,0.814815,0.95,0.953488,1.0,0.012195,4.573619,0.802191,2.70805,0.0,,,0.306369,0.009001,27,speed + onset + benchmark
27 / nlvo / speed + onset + benchmark,nlvo,252.0,0.095266,0.001937,0.0,0.996032,0.408367,0.95,0.792079,1.0,0.311258,4.757916,0.539627,2.70805,0.0,3.771072,0.611003,0.996032,0.521912,0.95,0.835294,1.0,0.004695,4.962829,0.618197,2.70805,0.0,,,0.095266,0.001937,27,speed + onset + benchmark
27 / other / speed + onset + benchmark,other,44.0,0.0,0.0,,1.0,0.693182,0.95,0.913793,1.0,0.0,4.703204,0.474409,2.70805,0.0,,,1.0,0.738636,0.95,0.920635,1.0,0.0,4.766509,0.523005,2.70805,0.0,,,0.0,0.0,27,speed + onset + benchmark
27 / mixed / speed + onset + benchmark,mixed,350.0,0.119444,0.002788,0.5,0.997143,0.501433,0.95,0.833333,1.0,0.301754,4.691629,0.603665,2.70805,0.0,3.774453,0.579183,0.997143,0.594556,0.95,0.873762,1.0,0.005666,4.849549,0.66621,2.70805,0.0,,,0.119444,0.002788,27,speed + onset + benchmark
28 / lvo / base,lvo,113.0,0.327434,0.079646,0.777778,0.902655,0.622549,1.0,0.889764,1.0,0.637168,4.56226,0.460077,3.332522,0.772756,3.497262,0.650425,0.902655,0.72549,0.97973,0.931034,1.0,0.125926,4.720071,0.578503,3.440276,0.825306,5.164806,0.676543,0.318584,0.075221,28,base
28 / nlvo / base,nlvo,365.5,0.102599,0.010944,0.625,0.80301,0.454855,0.958801,0.8125,1.0,0.355769,4.71668,0.482252,3.757592,0.776191,3.516655,0.703574,0.80301,0.558773,0.972561,0.827586,1.0,0.022727,4.898919,0.580922,3.900241,0.817938,,,0.101231,0.008208,28,base
28 / other / base,other,73.5,0.0,0.0,,0.795918,0.581197,0.985294,0.791045,1.0,0.0,4.580069,0.515272,3.766346,0.763048,,,0.795918,0.675214,1.0,0.898734,1.0,0.0,4.731601,0.611365,3.851615,0.771078,,,0.0,0.0,28,base
28 / mixed / base,mixed,552.0,0.134964,0.023551,0.730769,0.822464,0.508811,0.974026,0.831111,1.0,0.390374,4.654124,0.485834,3.638931,0.795191,3.507091,0.675618,0.822464,0.611233,0.978378,0.865562,1.0,0.048936,4.82741,0.589943,3.77034,0.836118,5.231696,0.634009,0.132246,0.020833,28,base
28 / lvo / benchmark,lvo,113.0,0.327434,0.075221,0.777778,0.902655,0.622549,1.0,0.889764,1.0,0.654867,4.56226,0.460077,3.332522,0.772756,3.497262,0.650425,0.902655,0.72549,0.97973,0.931034,1.0,0.125926,4.720071,0.578503,3.440276,0.825306,5.164806,0.676543,0.327434,0.075221,28,benchmark
28 / nlvo / benchmark,nlvo,365.5,0.104525,0.008208,0.625,0.80301,0.454855,0.958801,0.8125,1.0,0.367347,4.71668,0.482252,3.757592,0.776191,3.516655,0.703574,0.80301,0.558773,0.972561,0.827586,1.0,0.022727,4.898919,0.580922,3.900241,0.817938,,,0.104525,0.008208,28,benchmark
28 / other / benchmark,other,73.5,0.0,0.0,,0.795918,0.581197,0.985294,0.791045,1.0,0.0,4.580069,0.515272,3.766346,0.763048,,,0.795918,0.675214,1.0,0.898734,1.0,0.0,4.731601,0.611365,3.851615,0.771078,,,0.0,0.0,28,benchmark
28 / mixed / benchmark,mixed,552.0,0.138587,0.020833,0.730769,0.822464,0.508811,0.974026,0.831111,1.0,0.409091,4.654124,0.485834,3.638931,0.795191,3.507091,0.675618,0.822464,0.611233,0.978378,0.865562,1.0,0.048936,4.82741,0.589943,3.77034,0.836118,5.231696,0.634009,0.138587,0.020833,28,benchmark
28 / lvo / onset,lvo,113.0,0.318584,0.075221,0.777778,0.902655,0.622549,1.0,0.889764,1.0,0.637168,4.56226,0.460077,3.332522,0.772756,3.497262,0.650425,0.902655,0.72549,0.97973,0.931034,1.0,0.125926,4.720071,0.578503,3.440276,0.825306,5.164806,0.676543,0.318584,0.075221,28,onset
28 / nlvo / onset,nlvo,365.5,0.101231,0.008208,0.625,0.80301,0.454855,0.958801,0.8125,1.0,0.355769,4.71668,0.482252,3.757592,0.776191,3.516655,0.703574,0.80301,0.558773,0.972561,0.827586,1.0,0.022727,4.898919,0.580922,3.900241,0.817938,,,0.101231,0.008208,28,onset
28 / other / onset,other,73.5,0.0,0.0,,0.795918,0.581197,0.985294,0.791045,1.0,0.0,4.580069,0.515272,3.766346,0.763048,,,0.795918,0.675214,1.0,0.898734,1.0,0.0,4.731601,0.611365,3.851615,0.771078,,,0.0,0.0,28,onset
28 / mixed / onset,mixed,552.0,0.132246,0.020833,0.730769,0.822464,0.508811,0.974026,0.831111,1.0,0.390374,4.654124,0.485834,3.638931,0.795191,3.507091,0.675618,0.822464,0.611233,0.978378,0.865562,1.0,0.048936,4.82741,0.589943,3.77034,0.836118,5.231696,0.634009,0.132246,0.020833,28,onset
28 / lvo / speed,lvo,113.0,0.302655,0.072939,0.777778,0.902655,0.622549,0.95,0.889764,1.0,0.637168,4.56226,0.460077,2.70805,0.0,3.497262,0.650425,0.902655,0.72549,0.95,0.931034,1.0,0.125926,4.720071,0.578503,2.70805,0.0,5.164806,0.676543,0.302655,0.072939,28,speed
28 / nlvo / speed,nlvo,365.5,0.100302,0.008017,0.625,0.80301,0.454855,0.95,0.8125,1.0,0.355769,4.71668,0.482252,2.70805,0.0,3.516655,0.703574,0.80301,0.558773,0.95,0.827586,1.0,0.022727,4.898919,0.580922,2.70805,0.0,,,0.100302,0.008017,28,speed
28 / other / speed,other,73.5,0.0,0.0,,0.795918,0.581197,0.95,0.791045,1.0,0.0,4.580069,0.515272,2.70805,0.0,,,0.795918,0.675214,0.95,0.898734,1.0,0.0,4.731601,0.611365,2.70805,0.0,,,0.0,0.0,28,speed
28 / mixed / speed,mixed,552.0,0.128984,0.020229,0.730769,0.822464,0.508811,0.95,0.831111,1.0,0.390374,4.654124,0.485834,2.70805,0.0,3.507091,0.675618,0.822464,0.611233,0.95,0.865562,1.0,0.048936,4.82741,0.589943,2.70805,0.0,5.231696,0.634009,0.128984,0.020229,28,speed
28 / lvo / onset + benchmark,lvo,113.0,0.327434,0.075221,0.777778,0.902655,0.622549,1.0,0.889764,1.0,0.654867,4.56226,0.460077,3.332522,0.772756,3.497262,0.650425,0.902655,0.72549,0.97973,0.931034,1.0,0.125926,4.720071,0.578503,3.440276,0.825306,5.164806,0.676543,0.327434,0.075221,28,onset + benchmark
28 / nlvo / onset + benchmark,nlvo,365.5,0.104525,0.008208,0.625,0.80301,0.454855,0.958801,0.8125,1.0,0.367347,4.71668,0.482252,3.757592,0.776191,3.516655,0.703574,0.80301,0.558773,0.972561,0.827586,1.0,0.022727,4.898919,0.580922,3.900241,0.817938,,,0.104525,0.008208,28,onset + benchmark
28 / other / onset + benchmark,other,73.5,0.0,0.0,,0.795918,0.581197,0.985294,0.791045,1.0,0.0,4.580069,0.515272,3.766346,0.763048,,,0.795918,0.675214,1.0,0.898734,1.0,0.0,4.731601,0.611365,3.851615,0.771078,,,0.0,0.0,28,onset + benchmark
28 / mixed / onset + benchmark,mixed,552.0,0.138587,0.020833,0.730769,0.822464,0.508811,0.974026,0.831111,1.0,0.409091,4.654124,0.485834,3.638931,0.795191,3.507091,0.675618,0.822464,0.611233,0.978378,0.865562,1.0,0.048936,4.82741,0.589943,3.77034,0.836118,5.231696,0.634009,0.138587,0.020833,28,onset + benchmark
28 / lvo / speed + benchmark,lvo,113.0,0.311062,0.072939,0.777778,0.902655,0.622549,0.95,0.889764,1.0,0.654867,4.56226,0.460077,2.70805,0.0,3.497262,0.650425,0.902655,0.72549,0.95,0.931034,1.0,0.125926,4.720071,0.578503,2.70805,0.0,5.164806,0.676543,0.311062,0.072939,28,speed + benchmark
28 / nlvo / speed + benchmark,nlvo,365.5,0.103566,0.008017,0.625,0.80301,0.454855,0.95,0.8125,1.0,0.367347,4.71668,0.482252,2.70805,0.0,3.516655,0.703574,0.80301,0.558773,0.95,0.827586,1.0,0.022727,4.898919,0.580922,2.70805,0.0,,,0.103566,0.008017,28,speed + benchmark
28 / other / speed + benchmark,other,73.5,0.0,0.0,,0.795918,0.581197,0.95,0.791045,1.0,0.0,4.580069,0.515272,2.70805,0.0,,,0.795918,0.675214,0.95,0.898734,1.0,0.0,4.731601,0.611365,2.70805,0.0,,,0.0,0.0,28,speed + benchmark
28 / mixed / speed + benchmark,mixed,552.0,0.135169,0.020229,0.730769,0.822464,0.508811,0.95,0.831111,1.0,0.409091,4.654124,0.485834,2.70805,0.0,3.507091,0.675618,0.822464,0.611233,0.95,0.865562,1.0,0.048936,4.82741,0.589943,2.70805,0.0,5.231696,0.634009,0.135169,0.020229,28,speed + benchmark
28 / lvo / speed + onset,lvo,113.0,0.302655,0.072939,0.777778,0.902655,0.622549,0.95,0.889764,1.0,0.637168,4.56226,0.460077,2.70805,0.0,3.497262,0.650425,0.902655,0.72549,0.95,0.931034,1.0,0.125926,4.720071,0.578503,2.70805,0.0,5.164806,0.676543,0.302655,0.072939,28,speed + onset
28 / nlvo / speed + onset,nlvo,365.5,0.100302,0.008017,0.625,0.80301,0.454855,0.95,0.8125,1.0,0.355769,4.71668,0.482252,2.70805,0.0,3.516655,0.703574,0.80301,0.558773,0.95,0.827586,1.0,0.022727,4.898919,0.580922,2.70805,0.0,,,0.100302,0.008017,28,speed + onset
28 / other / speed + onset,other,73.5,0.0,0.0,,0.795918,0.581197,0.95,0.791045,1.0,0.0,4.580069,0.515272,2.70805,0.0,,,0.795918,0.675214,0.95,0.898734,1.0,0.0,4.731601,0.611365,2.70805,0.0,,,0.0,0.0,28,speed + onset
28 / mixed / speed + onset,mixed,552.0,0.128984,0.020229,0.730769,0.822464,0.508811,0.95,0.831111,1.0,0.390374,4.654124,0.485834,2.70805,0.0,3.507091,0.675618,0.822464,0.611233,0.95,0.865562,1.0,0.048936,4.82741,0.589943,2.70805,0.0,5.231696,0.634009,0.128984,0.020229,28,speed + onset
28 / lvo / speed + onset + benchmark,lvo,113.0,0.311062,0.072939,0.777778,0.902655,0.622549,0.95,0.889764,1.0,0.654867,4.56226,0.460077,2.70805,0.0,3.497262,0.650425,0.902655,0.72549,0.95,0.931034,1.0,0.125926,4.720071,0.578503,2.70805,0.0,5.164806,0.676543,0.311062,0.072939,28,speed + onset + benchmark
28 / nlvo / speed + onset + benchmark,nlvo,365.5,0.103566,0.008017,0.625,0.80301,0.454855,0.95,0.8125,1.0,0.367347,4.71668,0.482252,2.70805,0.0,3.516655,0.703574,0.80301,0.558773,0.95,0.827586,1.0,0.022727,4.898919,0.580922,2.70805,0.0,,,0.103566,0.008017,28,speed + onset + benchmark
28 / other / speed + onset + benchmark,other,73.5,0.0,0.0,,0.795918,0.581197,0.95,0.791045,1.0,0.0,4.580069,0.515272,2.70805,0.0,,,0.795918,0.675214,0.95,0.898734,1.0,0.0,4.731601,0.611365,2.70805,0.0,,,0.0,0.0,28,speed + onset + benchmark
28 / mixed / speed + onset + benchmark,mixed,552.0,0.135169,0.020229,0.730769,0.822464,0.508811,0.95,0.831111,1.0,0.409091,4.654124,0.485834,2.70805,0.0,3.507091,0.675618,0.822464,0.611233,0.95,0.865562,1.0,0.048936,4.82741,0.589943,2.70805,0.0,5.231696,0.634009,0.135169,0.020229,28,speed + onset + benchmark
29 / lvo / base,lvo,144.0,0.184028,0.017361,0.8,0.427083,0.886179,0.981651,0.925234,1.0,0.474747,4.520703,0.432933,3.622407,0.806385,3.700339,0.723122,0.427083,0.926829,0.991228,0.973451,1.0,0.045455,4.571555,0.486247,3.658425,0.81613,,,0.163194,0.017361,29,base
29 / nlvo / base,nlvo,460.0,0.059783,0.0,,0.406522,0.566845,0.938679,0.798995,1.0,0.320755,4.599699,0.501697,3.848267,0.835955,4.049904,0.55494,0.406522,0.671123,0.964143,0.85124,1.0,0.0,4.769894,0.610175,3.994606,0.96668,,,0.055435,0.0,29,base
29 / other / base,other,91.5,0.0,0.0,,0.480874,0.727273,0.96875,0.854839,1.0,0.0,4.555169,0.468284,3.727135,0.735965,,,0.480874,0.829545,0.986301,0.916667,1.0,0.0,4.700913,0.588559,3.694049,0.990462,,,0.0,0.0,29,base
29 / mixed / base,mixed,695.5,0.077642,0.003595,0.8,0.420561,0.65812,0.955844,0.845109,1.0,0.315113,4.569932,0.477713,3.762188,0.815343,3.882255,0.66146,0.420561,0.748718,0.974886,0.894614,1.0,0.013089,4.706775,0.581609,3.854961,0.944974,,,0.070453,0.003595,29,base
29 / lvo / benchmark,lvo,144.0,0.211805,0.017361,0.8,0.427083,0.886179,0.981651,0.925234,1.0,0.616162,4.520703,0.432933,3.622407,0.806385,3.700339,0.723122,0.427083,0.926829,0.991228,0.973451,1.0,0.045455,4.571555,0.486247,3.658425,0.81613,,,0.211805,0.017361,29,benchmark
29 / nlvo / benchmark,nlvo,460.0,0.095391,0.0,,0.406522,0.566845,0.938679,0.798995,1.0,0.551948,4.599699,0.501697,3.848267,0.835955,4.049904,0.55494,0.406522,0.671123,0.964143,0.85124,1.0,0.0,4.769894,0.610175,3.994606,0.96668,,,0.095391,0.0,29,benchmark
29 / other / benchmark,other,91.5,0.0,0.0,,0.480874,0.727273,0.96875,0.854839,1.0,0.0,4.555169,0.468284,3.727135,0.735965,,,0.480874,0.829545,0.986301,0.916667,1.0,0.0,4.700913,0.588559,3.694049,0.990462,,,0.0,0.0,29,benchmark
29 / mixed / benchmark,mixed,695.5,0.107836,0.003595,0.8,0.420561,0.65812,0.955844,0.845109,1.0,0.482315,4.569932,0.477713,3.762188,0.815343,3.882255,0.66146,0.420561,0.748718,0.974886,0.894614,1.0,0.013089,4.706775,0.581609,3.854961,0.944974,,,0.107836,0.003595,29,benchmark
29 / lvo / onset,lvo,144.0,0.316723,0.033694,0.8,0.828872,0.886179,0.981651,0.925234,1.0,0.474747,4.520703,0.432933,3.622407,0.806385,3.700339,0.723122,0.828872,0.926829,0.991228,0.973451,1.0,0.045455,4.571555,0.486247,3.658425,0.81613,,,0.316723,0.033694,29,onset
29 / nlvo / onset,nlvo,460.0,0.103899,0.0,,0.761925,0.566845,0.938679,0.798995,1.0,0.320755,4.599699,0.501697,3.848267,0.835955,4.049904,0.55494,0.761925,0.671123,0.964143,0.85124,1.0,0.0,4.769894,0.610175,3.994606,0.96668,,,0.103899,0.0,29,onset
29 / other / onset,other,91.5,0.0,0.0,,0.785804,0.727273,0.96875,0.854839,1.0,0.0,4.555169,0.468284,3.727135,0.735965,,,0.785804,0.829545,0.986301,0.916667,1.0,0.0,4.700913,0.588559,3.694049,0.990462,,,0.0,0.0,29,onset
29 / mixed / onset,mixed,695.5,0.131304,0.006699,0.8,0.783802,0.65812,0.955844,0.845109,1.0,0.315113,4.569932,0.477713,3.762188,0.815343,3.882255,0.66146,0.783802,0.748718,0.974886,0.894614,1.0,0.013089,4.706775,0.581609,3.854961,0.944974,,,0.131304,0.006699,29,onset
29 / lvo / speed,lvo,144.0,0.157932,0.016639,0.8,0.427083,0.886179,0.95,0.925234,1.0,0.474747,4.520703,0.432933,2.70805,0.0,3.700339,0.723122,0.427083,0.926829,0.95,0.973451,1.0,0.045455,4.571555,0.486247,2.70805,0.0,,,0.157932,0.016639,29,speed
29 / nlvo / speed,nlvo,460.0,0.056103,0.0,,0.406522,0.566845,0.95,0.798995,1.0,0.320755,4.599699,0.501697,2.70805,0.0,4.049904,0.55494,0.406522,0.671123,0.95,0.85124,1.0,0.0,4.769894,0.610175,2.70805,0.0,,,0.056103,0.0,29,speed
29 / other / speed,other,91.5,0.0,0.0,,0.480874,0.727273,0.95,0.854839,1.0,0.0,4.555169,0.468284,2.70805,0.0,,,0.480874,0.829545,0.95,0.916667,1.0,0.0,4.700913,0.588559,2.70805,0.0,,,0.0,0.0,29,speed
29 / mixed / speed,mixed,695.5,0.070022,0.003503,0.8,0.420561,0.65812,0.95,0.845109,1.0,0.315113,4.569932,0.477713,2.70805,0.0,3.882255,0.66146,0.420561,0.748718,0.95,0.894614,1.0,0.013089,4.706775,0.581609,2.70805,0.0,,,0.070022,0.003503,29,speed
29 / lvo / onset + benchmark,lvo,144.0,0.411067,0.033694,0.8,0.828872,0.886179,0.981651,0.925234,1.0,0.616162,4.520703,0.432933,3.622407,0.806385,3.700339,0.723122,0.828872,0.926829,0.991228,0.973451,1.0,0.045455,4.571555,0.486247,3.658425,0.81613,,,0.411067,0.033694,29,onset + benchmark
29 / nlvo / onset + benchmark,nlvo,460.0,0.178787,0.0,,0.761925,0.566845,0.938679,0.798995,1.0,0.551948,4.599699,0.501697,3.848267,0.835955,4.049904,0.55494,0.761925,0.671123,0.964143,0.85124,1.0,0.0,4.769894,0.610175,3.994606,0.96668,,,0.178787,0.0,29,onset + benchmark
29 / other / onset + benchmark,other,91.5,0.0,0.0,,0.785804,0.727273,0.96875,0.854839,1.0,0.0,4.555169,0.468284,3.727135,0.735965,,,0.785804,0.829545,0.986301,0.916667,1.0,0.0,4.700913,0.588559,3.694049,0.990462,,,0.0,0.0,29,onset + benchmark
29 / mixed / onset + benchmark,mixed,695.5,0.200975,0.006699,0.8,0.783802,0.65812,0.955844,0.845109,1.0,0.482315,4.569932,0.477713,3.762188,0.815343,3.882255,0.66146,0.783802,0.748718,0.974886,0.894614,1.0,0.013089,4.706775,0.581609,3.854961,0.944974,,,0.200975,0.006699,29,onset + benchmark
29 / lvo / speed + benchmark,lvo,144.0,0.204976,0.016639,0.8,0.427083,0.886179,0.95,0.925234,1.0,0.616162,4.520703,0.432933,2.70805,0.0,3.700339,0.723122,0.427083,0.926829,0.95,0.973451,1.0,0.045455,4.571555,0.486247,2.70805,0.0,,,0.204976,0.016639,29,speed + benchmark
29 / nlvo / speed + benchmark,nlvo,460.0,0.096542,0.0,,0.406522,0.566845,0.95,0.798995,1.0,0.551948,4.599699,0.501697,2.70805,0.0,4.049904,0.55494,0.406522,0.671123,0.95,0.85124,1.0,0.0,4.769894,0.610175,2.70805,0.0,,,0.096542,0.0,29,speed + benchmark
29 / other / speed + benchmark,other,91.5,0.0,0.0,,0.480874,0.727273,0.95,0.854839,1.0,0.0,4.555169,0.468284,2.70805,0.0,,,0.480874,0.829545,0.95,0.916667,1.0,0.0,4.700913,0.588559,2.70805,0.0,,,0.0,0.0,29,speed + benchmark
29 / mixed / speed + benchmark,mixed,695.5,0.107177,0.003503,0.8,0.420561,0.65812,0.95,0.845109,1.0,0.482315,4.569932,0.477713,2.70805,0.0,3.882255,0.66146,0.420561,0.748718,0.95,0.894614,1.0,0.013089,4.706775,0.581609,2.70805,0.0,,,0.107177,0.003503,29,speed + benchmark
29 / lvo / speed + onset,lvo,144.0,0.306511,0.032293,0.8,0.828872,0.886179,0.95,0.925234,1.0,0.474747,4.520703,0.432933,2.70805,0.0,3.700339,0.723122,0.828872,0.926829,0.95,0.973451,1.0,0.045455,4.571555,0.486247,2.70805,0.0,,,0.306511,0.032293,29,speed + onset
29 / nlvo / speed + onset,nlvo,460.0,0.105152,0.0,,0.761925,0.566845,0.95,0.798995,1.0,0.320755,4.599699,0.501697,2.70805,0.0,4.049904,0.55494,0.761925,0.671123,0.95,0.85124,1.0,0.0,4.769894,0.610175,2.70805,0.0,,,0.105152,0.0,29,speed + onset
29 / other / speed + onset,other,91.5,0.0,0.0,,0.785804,0.727273,0.95,0.854839,1.0,0.0,4.555169,0.468284,2.70805,0.0,,,0.785804,0.829545,0.95,0.916667,1.0,0.0,4.700913,0.588559,2.70805,0.0,,,0.0,0.0,29,speed + onset
29 / mixed / speed + onset,mixed,695.5,0.130501,0.006528,0.8,0.783802,0.65812,0.95,0.845109,1.0,0.315113,4.569932,0.477713,2.70805,0.0,3.882255,0.66146,0.783802,0.748718,0.95,0.894614,1.0,0.013089,4.706775,0.581609,2.70805,0.0,,,0.130501,0.006528,29,speed + onset
29 / lvo / speed + onset + benchmark,lvo,144.0,0.397813,0.032293,0.8,0.828872,0.886179,0.95,0.925234,1.0,0.616162,4.520703,0.432933,2.70805,0.0,3.700339,0.723122,0.828872,0.926829,0.95,0.973451,1.0,0.045455,4.571555,0.486247,2.70805,0.0,,,0.397813,0.032293,29,speed + onset + benchmark
29 / nlvo / speed + onset + benchmark,nlvo,460.0,0.180943,0.0,,0.761925,0.566845,0.95,0.798995,1.0,0.551948,4.599699,0.501697,2.70805,0.0,4.049904,0.55494,0.761925,0.671123,0.95,0.85124,1.0,0.0,4.769894,0.610175,2.70805,0.0,,,0.180943,0.0,29,speed + onset + benchmark
29 / other / speed + onset + benchmark,other,91.5,0.0,0.0,,0.785804,0.727273,0.95,0.854839,1.0,0.0,4.555169,0.468284,2.70805,0.0,,,0.785804,0.829545,0.95,0.916667,1.0,0.0,4.700913,0.588559,2.70805,0.0,,,0.0,0.0,29,speed + onset + benchmark
29 / mixed / speed + onset + benchmark,mixed,695.5,0.199746,0.006528,0.8,0.783802,0.65812,0.95,0.845109,1.0,0.482315,4.569932,0.477713,2.70805,0.0,3.882255,0.66146,0.783802,0.748718,0.95,0.894614,1.0,0.013089,4.706775,0.581609,2.70805,0.0,,,0.199746,0.006528,29,speed + onset + benchmark
30 / lvo / base,lvo,46.5,0.258065,0.010753,1.0,0.645161,0.9,1.0,0.944444,1.0,0.352941,4.530941,0.421996,3.353956,0.909552,3.726397,0.663627,0.645161,0.983333,1.0,1.0,1.0,0.016949,4.625056,0.510972,3.35129,0.879983,,,0.193548,0.010753,30,base
30 / nlvo / base,nlvo,146.0,0.123288,0.0,,0.5,0.678082,0.939394,0.870968,1.0,0.320988,4.593687,0.48458,3.48143,0.680414,2.905,0.916289,0.5,0.80137,0.965812,0.929204,1.0,0.0,4.763747,0.600773,3.538568,0.732774,,,0.089041,0.0,30,base
30 / other / base,other,23.5,0.0,0.0,,0.531915,0.8,1.0,0.9,1.0,0.0,4.40807,0.378331,3.636788,0.725955,,,0.531915,0.84,1.0,0.952381,1.0,0.0,4.472844,0.473378,3.642713,0.708094,,,0.0,0.0,30,base
30 / mixed / base,mixed,216.0,0.138889,0.002315,1.0,0.534722,0.748918,0.965318,0.898204,1.0,0.293333,4.552643,0.456097,3.458817,0.767278,3.241026,0.910567,0.534722,0.852814,0.979695,0.953368,1.0,0.005435,4.6912,0.5686,3.492649,0.780527,,,0.101852,0.002315,30,base
30 / lvo / benchmark,lvo,46.5,0.225806,0.010753,1.0,0.645161,0.9,1.0,0.944444,1.0,0.411765,4.530941,0.421996,3.353956,0.909552,3.726397,0.663627,0.645161,0.983333,1.0,1.0,1.0,0.016949,4.625056,0.510972,3.35129,0.879983,,,0.225806,0.010753,30,benchmark
30 / nlvo / benchmark,nlvo,146.0,0.106691,0.0,,0.5,0.678082,0.939394,0.870968,1.0,0.384615,4.593687,0.48458,3.48143,0.680414,2.905,0.916289,0.5,0.80137,0.965812,0.929204,1.0,0.0,4.763747,0.600773,3.538568,0.732774,,,0.106691,0.0,30,benchmark
30 / other / benchmark,other,23.5,0.0,0.0,,0.531915,0.8,1.0,0.9,1.0,0.0,4.40807,0.378331,3.636788,0.725955,,,0.531915,0.84,1.0,0.952381,1.0,0.0,4.472844,0.473378,3.642713,0.708094,,,0.0,0.0,30,benchmark
30 / mixed / benchmark,mixed,216.0,0.12037,0.002315,1.0,0.534722,0.748918,0.965318,0.898204,1.0,0.346667,4.552643,0.456097,3.458817,0.767278,3.241026,0.910567,0.534722,0.852814,0.979695,0.953368,1.0,0.005435,4.6912,0.5686,3.492649,0.780527,,,0.12037,0.002315,30,benchmark
30 / lvo / onset,lvo,46.5,0.248661,0.013814,1.0,0.828872,0.9,1.0,0.944444,1.0,0.352941,4.530941,0.421996,3.353956,0.909552,3.726397,0.663627,0.828872,0.983333,1.0,1.0,1.0,0.016949,4.625056,0.510972,3.35129,0.879983,,,0.248661,0.013814,30,onset
30 / nlvo / onset,nlvo,146.0,0.135685,0.0,,0.761925,0.678082,0.939394,0.870968,1.0,0.320988,4.593687,0.48458,3.48143,0.680414,2.905,0.916289,0.761925,0.80137,0.965812,0.929204,1.0,0.0,4.763747,0.600773,3.538568,0.732774,,,0.135685,0.0,30,onset
30 / other / onset,other,23.5,0.0,0.0,,0.785804,0.8,1.0,0.9,1.0,0.0,4.40807,0.378331,3.636788,0.725955,,,0.785804,0.84,1.0,0.952381,1.0,0.0,4.472844,0.473378,3.642713,0.708094,,,0.0,0.0,30,onset
30 / mixed / onset,mixed,216.0,0.149295,0.003393,1.0,0.783802,0.748918,0.965318,0.898204,1.0,0.293333,4.552643,0.456097,3.458817,0.767278,3.241026,0.910567,0.783802,0.852814,0.979695,0.953368,1.0,0.005435,4.6912,0.5686,3.492649,0.780527,,,0.149295,0.003393,30,onset
30 / lvo / speed,lvo,46.5,0.183871,0.010215,1.0,0.645161,0.9,0.95,0.944444,1.0,0.352941,4.530941,0.421996,2.70805,0.0,3.726397,0.663627,0.645161,0.983333,0.95,1.0,1.0,0.016949,4.625056,0.510972,2.70805,0.0,,,0.183871,0.010215,30,speed
30 / nlvo / speed,nlvo,146.0,0.090046,0.0,,0.5,0.678082,0.95,0.870968,1.0,0.320988,4.593687,0.48458,2.70805,0.0,2.905,0.916289,0.5,0.80137,0.95,0.929204,1.0,0.0,4.763747,0.600773,2.70805,0.0,,,0.090046,0.0,30,speed
30 / other / speed,other,23.5,0.0,0.0,,0.531915,0.8,0.95,0.9,1.0,0.0,4.40807,0.378331,2.70805,0.0,,,0.531915,0.84,0.95,0.952381,1.0,0.0,4.472844,0.473378,2.70805,0.0,,,0.0,0.0,30,speed
30 / mixed / speed,mixed,216.0,0.100236,0.002245,1.0,0.534722,0.748918,0.95,0.898204,1.0,0.293333,4.552643,0.456097,2.70805,0.0,3.241026,0.910567,0.534722,0.852814,0.95,0.953368,1.0,0.005435,4.6912,0.5686,2.70805,0.0,,,0.100236,0.002245,30,speed
30 / lvo / onset + benchmark,lvo,46.5,0.290105,0.013814,1.0,0.828872,0.9,1.0,0.944444,1.0,0.411765,4.530941,0.421996,3.353956,0.909552,3.726397,0.663627,0.828872,0.983333,1.0,1.0,1.0,0.016949,4.625056,0.510972,3.35129,0.879983,,,0.290105,0.013814,30,onset + benchmark
30 / nlvo / onset + benchmark,nlvo,146.0,0.162581,0.0,,0.761925,0.678082,0.939394,0.870968,1.0,0.384615,4.593687,0.48458,3.48143,0.680414,2.905,0.916289,0.761925,0.80137,0.965812,0.929204,1.0,0.0,4.763747,0.600773,3.538568,0.732774,,,0.162581,0.0,30,onset + benchmark
30 / other / onset + benchmark,other,23.5,0.0,0.0,,0.785804,0.8,1.0,0.9,1.0,0.0,4.40807,0.378331,3.636788,0.725955,,,0.785804,0.84,1.0,0.952381,1.0,0.0,4.472844,0.473378,3.642713,0.708094,,,0.0,0.0,30,onset + benchmark
30 / mixed / onset + benchmark,mixed,216.0,0.17644,0.003393,1.0,0.783802,0.748918,0.965318,0.898204,1.0,0.346667,4.552643,0.456097,3.458817,0.767278,3.241026,0.910567,0.783802,0.852814,0.979695,0.953368,1.0,0.005435,4.6912,0.5686,3.492649,0.780527,,,0.17644,0.003393,30,onset + benchmark
30 / lvo / speed + benchmark,lvo,46.5,0.214516,0.010215,1.0,0.645161,0.9,0.95,0.944444,1.0,0.411765,4.530941,0.421996,2.70805,0.0,3.726397,0.663627,0.645161,0.983333,0.95,1.0,1.0,0.016949,4.625056,0.510972,2.70805,0.0,,,0.214516,0.010215,30,speed + benchmark
30 / nlvo / speed + benchmark,nlvo,146.0,0.107896,0.0,,0.5,0.678082,0.95,0.870968,1.0,0.384615,4.593687,0.48458,2.70805,0.0,2.905,0.916289,0.5,0.80137,0.95,0.929204,1.0,0.0,4.763747,0.600773,2.70805,0.0,,,0.107896,0.0,30,speed + benchmark
30 / other / speed + benchmark,other,23.5,0.0,0.0,,0.531915,0.8,0.95,0.9,1.0,0.0,4.40807,0.378331,2.70805,0.0,,,0.531915,0.84,0.95,0.952381,1.0,0.0,4.472844,0.473378,2.70805,0.0,,,0.0,0.0,30,speed + benchmark
30 / mixed / speed + benchmark,mixed,216.0,0.11846,0.002245,1.0,0.534722,0.748918,0.95,0.898204,1.0,0.346667,4.552643,0.456097,2.70805,0.0,3.241026,0.910567,0.534722,0.852814,0.95,0.953368,1.0,0.005435,4.6912,0.5686,2.70805,0.0,,,0.11846,0.002245,30,speed + benchmark
30 / lvo / speed + onset,lvo,46.5,0.236228,0.013124,1.0,0.828872,0.9,0.95,0.944444,1.0,0.352941,4.530941,0.421996,2.70805,0.0,3.726397,0.663627,0.828872,0.983333,0.95,1.0,1.0,0.016949,4.625056,0.510972,2.70805,0.0,,,0.236228,0.013124,30,speed + onset
30 / nlvo / speed + onset,nlvo,146.0,0.137217,0.0,,0.761925,0.678082,0.95,0.870968,1.0,0.320988,4.593687,0.48458,2.70805,0.0,2.905,0.916289,0.761925,0.80137,0.95,0.929204,1.0,0.0,4.763747,0.600773,2.70805,0.0,,,0.137217,0.0,30,speed + onset
30 / other / speed + onset,other,23.5,0.0,0.0,,0.785804,0.8,0.95,0.9,1.0,0.0,4.40807,0.378331,2.70805,0.0,,,0.785804,0.84,0.95,0.952381,1.0,0.0,4.472844,0.473378,2.70805,0.0,,,0.0,0.0,30,speed + onset
30 / mixed / speed + onset,mixed,216.0,0.146926,0.00329,1.0,0.783802,0.748918,0.95,0.898204,1.0,0.293333,4.552643,0.456097,2.70805,0.0,3.241026,0.910567,0.783802,0.852814,0.95,0.953368,1.0,0.005435,4.6912,0.5686,2.70805,0.0,,,0.146926,0.00329,30,speed + onset
30 / lvo / speed + onset + benchmark,lvo,46.5,0.2756,0.013124,1.0,0.828872,0.9,0.95,0.944444,1.0,0.411765,4.530941,0.421996,2.70805,0.0,3.726397,0.663627,0.828872,0.983333,0.95,1.0,1.0,0.016949,4.625056,0.510972,2.70805,0.0,,,0.2756,0.013124,30,speed + onset + benchmark
30 / nlvo / speed + onset + benchmark,nlvo,146.0,0.164417,0.0,,0.761925,0.678082,0.95,0.870968,1.0,0.384615,4.593687,0.48458,2.70805,0.0,2.905,0.916289,0.761925,0.80137,0.95,0.929204,1.0,0.0,4.763747,0.600773,2.70805,0.0,,,0.164417,0.0,30,speed + onset + benchmark
30 / other / speed + onset + benchmark,other,23.5,0.0,0.0,,0.785804,0.8,0.95,0.9,1.0,0.0,4.40807,0.378331,2.70805,0.0,,,0.785804,0.84,0.95,0.952381,1.0,0.0,4.472844,0.473378,2.70805,0.0,,,0.0,0.0,30,speed + onset + benchmark
30 / mixed / speed + onset + benchmark,mixed,216.0,0.173641,0.00329,1.0,0.783802,0.748918,0.95,0.898204,1.0,0.346667,4.552643,0.456097,2.70805,0.0,3.241026,0.910567,0.783802,0.852814,0.95,0.953368,1.0,0.005435,4.6912,0.5686,2.70805,0.0,,,0.173641,0.00329,30,speed + onset + benchmark
31 / lvo / base,lvo,51.0,0.27451,0.029412,0.666667,0.686275,0.757143,1.0,0.943396,1.0,0.5,4.643579,0.522273,2.749605,0.977356,2.700518,0.566544,0.686275,0.871429,0.983607,0.983333,1.0,0.050847,4.772467,0.591536,2.781295,0.981292,,,0.245098,0.029412,31,base
31 / nlvo / base,nlvo,396.0,0.132576,0.0,,0.628788,0.473896,0.966102,0.894737,1.0,0.5,4.716278,0.587174,3.115055,0.805346,2.768314,0.670941,0.628788,0.572289,0.989474,0.911348,1.0,0.0,4.88072,0.646778,3.258417,0.991542,,,0.128788,0.0,31,base
31 / other / base,other,47.0,0.0,0.0,,0.755319,0.647887,1.0,0.934783,1.0,0.0,4.586733,0.420218,3.063418,0.864644,,,0.755319,0.760563,1.0,0.962963,1.0,0.0,4.745801,0.546857,3.072264,0.942197,,,0.0,0.0,31,base
31 / mixed / base,mixed,494.0,0.134615,0.003036,0.666667,0.646761,0.524257,0.976119,0.908257,1.0,0.427609,4.686988,0.557788,3.048559,0.851375,2.754968,0.650165,0.646761,0.625978,0.99,0.929293,1.0,0.008152,4.845997,0.62701,3.160741,0.996045,,,0.128542,0.003036,31,base
31 / lvo / benchmark,lvo,51.0,0.352941,0.029412,0.666667,0.686275,0.757143,1.0,0.943396,1.0,0.72,4.643579,0.522273,2.749605,0.977356,2.700518,0.566544,0.686275,0.871429,0.983607,0.983333,1.0,0.050847,4.772467,0.591536,2.781295,0.981292,,,0.352941,0.029412,31,benchmark
31 / nlvo / benchmark,nlvo,396.0,0.127487,0.0,,0.628788,0.473896,0.966102,0.894737,1.0,0.494949,4.716278,0.587174,3.115055,0.805346,2.768314,0.670941,0.628788,0.572289,0.989474,0.911348,1.0,0.0,4.88072,0.646778,3.258417,0.991542,,,0.127487,0.0,31,benchmark
31 / other / benchmark,other,47.0,0.0,0.0,,0.755319,0.647887,1.0,0.934783,1.0,0.0,4.586733,0.420218,3.063418,0.864644,,,0.755319,0.760563,1.0,0.962963,1.0,0.0,4.745801,0.546857,3.072264,0.942197,,,0.0,0.0,31,benchmark
31 / mixed / benchmark,mixed,494.0,0.139676,0.003036,0.666667,0.646761,0.524257,0.976119,0.908257,1.0,0.464646,4.686988,0.557788,3.048559,0.851375,2.754968,0.650165,0.646761,0.625978,0.99,0.929293,1.0,0.008152,4.845997,0.62701,3.160741,0.996045,,,0.139676,0.003036,31,benchmark
31 / lvo / onset,lvo,51.0,0.296026,0.035523,0.666667,0.828872,0.757143,1.0,0.943396,1.0,0.5,4.643579,0.522273,2.749605,0.977356,2.700518,0.566544,0.828872,0.871429,0.983607,0.983333,1.0,0.050847,4.772467,0.591536,2.781295,0.981292,,,0.296026,0.035523,31,onset
31 / nlvo / onset,nlvo,396.0,0.156057,0.0,,0.761925,0.473896,0.966102,0.894737,1.0,0.5,4.716278,0.587174,3.115055,0.805346,2.768314,0.670941,0.761925,0.572289,0.989474,0.911348,1.0,0.0,4.88072,0.646778,3.258417,0.991542,,,0.156057,0.0,31,onset
31 / other / onset,other,47.0,0.0,0.0,,0.785804,0.647887,1.0,0.934783,1.0,0.0,4.586733,0.420218,3.063418,0.864644,,,0.785804,0.760563,1.0,0.962963,1.0,0.0,4.745801,0.546857,3.072264,0.942197,,,0.0,0.0,31,onset
31 / mixed / onset,mixed,494.0,0.155779,0.00368,0.666667,0.783802,0.524257,0.976119,0.908257,1.0,0.427609,4.686988,0.557788,3.048559,0.851375,2.754968,0.650165,0.783802,0.625978,0.99,0.929293,1.0,0.008152,4.845997,0.62701,3.160741,0.996045,,,0.155779,0.00368,31,onset
31 / lvo / speed,lvo,51.0,0.232843,0.028407,0.666667,0.686275,0.757143,0.95,0.943396,1.0,0.5,4.643579,0.522273,2.70805,0.0,2.700518,0.566544,0.686275,0.871429,0.95,0.983333,1.0,0.050847,4.772467,0.591536,2.70805,0.0,,,0.232843,0.028407,31,speed
31 / nlvo / speed,nlvo,396.0,0.126642,0.0,,0.628788,0.473896,0.95,0.894737,1.0,0.5,4.716278,0.587174,2.70805,0.0,2.768314,0.670941,0.628788,0.572289,0.95,0.911348,1.0,0.0,4.88072,0.646778,2.70805,0.0,,,0.126642,0.0,31,speed
31 / other / speed,other,47.0,0.0,0.0,,0.755319,0.647887,0.95,0.934783,1.0,0.0,4.586733,0.420218,2.70805,0.0,,,0.755319,0.760563,0.95,0.962963,1.0,0.0,4.745801,0.546857,2.70805,0.0,,,0.0,0.0,31,speed
31 / mixed / speed,mixed,494.0,0.125103,0.002914,0.666667,0.646761,0.524257,0.95,0.908257,1.0,0.427609,4.686988,0.557788,2.70805,0.0,2.754968,0.650165,0.646761,0.625978,0.95,0.929293,1.0,0.008152,4.845997,0.62701,2.70805,0.0,,,0.125103,0.002914,31,speed
31 / lvo / onset + benchmark,lvo,51.0,0.426277,0.035523,0.666667,0.828872,0.757143,1.0,0.943396,1.0,0.72,4.643579,0.522273,2.749605,0.977356,2.700518,0.566544,0.828872,0.871429,0.983607,0.983333,1.0,0.050847,4.772467,0.591536,2.781295,0.981292,,,0.426277,0.035523,31,onset + benchmark
31 / nlvo / onset + benchmark,nlvo,396.0,0.154481,0.0,,0.761925,0.473896,0.966102,0.894737,1.0,0.494949,4.716278,0.587174,3.115055,0.805346,2.768314,0.670941,0.761925,0.572289,0.989474,0.911348,1.0,0.0,4.88072,0.646778,3.258417,0.991542,,,0.154481,0.0,31,onset + benchmark
31 / other / onset + benchmark,other,47.0,0.0,0.0,,0.785804,0.647887,1.0,0.934783,1.0,0.0,4.586733,0.420218,3.063418,0.864644,,,0.785804,0.760563,1.0,0.962963,1.0,0.0,4.745801,0.546857,3.072264,0.942197,,,0.0,0.0,31,onset + benchmark
31 / mixed / onset + benchmark,mixed,494.0,0.169272,0.00368,0.666667,0.783802,0.524257,0.976119,0.908257,1.0,0.464646,4.686988,0.557788,3.048559,0.851375,2.754968,0.650165,0.783802,0.625978,0.99,0.929293,1.0,0.008152,4.845997,0.62701,3.160741,0.996045,,,0.169272,0.00368,31,onset + benchmark
31 / lvo / speed + benchmark,lvo,51.0,0.335294,0.028407,0.666667,0.686275,0.757143,0.95,0.943396,1.0,0.72,4.643579,0.522273,2.70805,0.0,2.700518,0.566544,0.686275,0.871429,0.95,0.983333,1.0,0.050847,4.772467,0.591536,2.70805,0.0,,,0.335294,0.028407,31,speed + benchmark
31 / nlvo / speed + benchmark,nlvo,396.0,0.125362,0.0,,0.628788,0.473896,0.95,0.894737,1.0,0.494949,4.716278,0.587174,2.70805,0.0,2.768314,0.670941,0.628788,0.572289,0.95,0.911348,1.0,0.0,4.88072,0.646778,2.70805,0.0,,,0.125362,0.0,31,speed + benchmark
31 / other / speed + benchmark,other,47.0,0.0,0.0,,0.755319,0.647887,0.95,0.934783,1.0,0.0,4.586733,0.420218,2.70805,0.0,,,0.755319,0.760563,0.95,0.962963,1.0,0.0,4.745801,0.546857,2.70805,0.0,,,0.0,0.0,31,speed + benchmark
31 / mixed / speed + benchmark,mixed,494.0,0.135939,0.002914,0.666667,0.646761,0.524257,0.95,0.908257,1.0,0.464646,4.686988,0.557788,2.70805,0.0,2.754968,0.650165,0.646761,0.625978,0.95,0.929293,1.0,0.008152,4.845997,0.62701,2.70805,0.0,,,0.135939,0.002914,31,speed + benchmark
31 / lvo / speed + onset,lvo,51.0,0.281224,0.034309,0.666667,0.828872,0.757143,0.95,0.943396,1.0,0.5,4.643579,0.522273,2.70805,0.0,2.700518,0.566544,0.828872,0.871429,0.95,0.983333,1.0,0.050847,4.772467,0.591536,2.70805,0.0,,,0.281224,0.034309,31,speed + onset
31 / nlvo / speed + onset,nlvo,396.0,0.153456,0.0,,0.761925,0.473896,0.95,0.894737,1.0,0.5,4.716278,0.587174,2.70805,0.0,2.768314,0.670941,0.761925,0.572289,0.95,0.911348,1.0,0.0,4.88072,0.646778,2.70805,0.0,,,0.153456,0.0,31,speed + onset
31 / other / speed + onset,other,47.0,0.0,0.0,,0.785804,0.647887,0.95,0.934783,1.0,0.0,4.586733,0.420218,2.70805,0.0,,,0.785804,0.760563,0.95,0.962963,1.0,0.0,4.745801,0.546857,2.70805,0.0,,,0.0,0.0,31,speed + onset
31 / mixed / speed + onset,mixed,494.0,0.151611,0.003531,0.666667,0.783802,0.524257,0.95,0.908257,1.0,0.427609,4.686988,0.557788,2.70805,0.0,2.754968,0.650165,0.783802,0.625978,0.95,0.929293,1.0,0.008152,4.845997,0.62701,2.70805,0.0,,,0.151611,0.003531,31,speed + onset
31 / lvo / speed + onset + benchmark,lvo,51.0,0.404963,0.034309,0.666667,0.828872,0.757143,0.95,0.943396,1.0,0.72,4.643579,0.522273,2.70805,0.0,2.700518,0.566544,0.828872,0.871429,0.95,0.983333,1.0,0.050847,4.772467,0.591536,2.70805,0.0,,,0.404963,0.034309,31,speed + onset + benchmark
31 / nlvo / speed + onset + benchmark,nlvo,396.0,0.151906,0.0,,0.761925,0.473896,0.95,0.894737,1.0,0.494949,4.716278,0.587174,2.70805,0.0,2.768314,0.670941,0.761925,0.572289,0.95,0.911348,1.0,0.0,4.88072,0.646778,2.70805,0.0,,,0.151906,0.0,31,speed + onset + benchmark
31 / other / speed + onset + benchmark,other,47.0,0.0,0.0,,0.785804,0.647887,0.95,0.934783,1.0,0.0,4.586733,0.420218,2.70805,0.0,,,0.785804,0.760563,0.95,0.962963,1.0,0.0,4.745801,0.546857,2.70805,0.0,,,0.0,0.0,31,speed + onset + benchmark
31 / mixed / speed + onset + benchmark,mixed,494.0,0.164742,0.003531,0.666667,0.783802,0.524257,0.95,0.908257,1.0,0.464646,4.686988,0.557788,2.70805,0.0,2.754968,0.650165,0.783802,0.625978,0.95,0.929293,1.0,0.008152,4.845997,0.62701,2.70805,0.0,,,0.164742,0.003531,31,speed + onset + benchmark
32 / lvo / base,lvo,57.5,0.26087,0.008696,1.0,0.495652,0.877193,0.96,0.958333,1.0,0.369565,4.403726,0.790397,3.471094,0.516314,3.503518,0.867553,0.495652,0.929825,0.981132,0.980769,1.0,0.019608,4.474227,0.820839,3.506443,0.597715,,,0.147826,0.008696,32,base
32 / nlvo / base,nlvo,202.5,0.103704,0.002469,1.0,0.560494,0.674009,0.901961,0.811594,1.0,0.294643,4.746987,0.451118,3.827003,0.657749,3.245453,0.971474,0.560494,0.77533,0.948864,0.91018,1.0,0.006579,4.869721,0.528555,3.894159,0.735005,,,0.081482,0.002469,32,base
32 / other / base,other,22.5,0.0,0.0,,0.644444,0.862069,1.0,0.92,1.0,0.0,4.405356,1.019704,3.615038,0.558183,,,0.644444,0.862069,1.0,1.0,1.0,0.0,4.405356,1.019704,3.615038,0.558183,,,0.0,0.0,32,base
32 / mixed / base,mixed,282.5,0.127434,0.00354,1.0,0.553982,0.728435,0.925439,0.85782,1.0,0.276243,4.634251,0.638043,3.720924,0.632858,3.333195,0.936667,0.553982,0.811502,0.96063,0.934426,1.0,0.008772,4.741491,0.684052,3.782933,0.708916,,,0.088496,0.00354,32,base
32 / lvo / benchmark,lvo,57.5,0.191304,0.008696,1.0,0.495652,0.877193,0.96,0.958333,1.0,0.478261,4.403726,0.790397,3.471094,0.516314,3.503518,0.867553,0.495652,0.929825,0.981132,0.980769,1.0,0.019608,4.474227,0.820839,3.506443,0.597715,,,0.191304,0.008696,32,benchmark
32 / nlvo / benchmark,nlvo,202.5,0.091286,0.002469,1.0,0.560494,0.674009,0.901961,0.811594,1.0,0.330097,4.746987,0.451118,3.827003,0.657749,3.245453,0.971474,0.560494,0.77533,0.948864,0.91018,1.0,0.006579,4.869721,0.528555,3.894159,0.735005,,,0.091286,0.002469,32,benchmark
32 / other / benchmark,other,22.5,0.0,0.0,,0.644444,0.862069,1.0,0.92,1.0,0.0,4.405356,1.019704,3.615038,0.558183,,,0.644444,0.862069,1.0,1.0,1.0,0.0,4.405356,1.019704,3.615038,0.558183,,,0.0,0.0,32,benchmark
32 / mixed / benchmark,mixed,282.5,0.107965,0.00354,1.0,0.553982,0.728435,0.925439,0.85782,1.0,0.337017,4.634251,0.638043,3.720924,0.632858,3.333195,0.936667,0.553982,0.811502,0.96063,0.934426,1.0,0.008772,4.741491,0.684052,3.782933,0.708916,,,0.107965,0.00354,32,benchmark
32 / lvo / onset,lvo,57.5,0.247207,0.014542,1.0,0.828872,0.877193,0.96,0.958333,1.0,0.369565,4.403726,0.790397,3.471094,0.516314,3.503518,0.867553,0.828872,0.929825,0.981132,0.980769,1.0,0.019608,4.474227,0.820839,3.506443,0.597715,,,0.247207,0.014542,32,onset
32 / nlvo / onset,nlvo,202.5,0.110765,0.003357,1.0,0.761925,0.674009,0.901961,0.811594,1.0,0.294643,4.746987,0.451118,3.827003,0.657749,3.245453,0.971474,0.761925,0.77533,0.948864,0.91018,1.0,0.006579,4.869721,0.528555,3.894159,0.735005,,,0.110765,0.003357,32,onset
32 / other / onset,other,22.5,0.0,0.0,,0.785804,0.862069,1.0,0.92,1.0,0.0,4.405356,1.019704,3.615038,0.558183,,,0.785804,0.862069,1.0,1.0,1.0,0.0,4.405356,1.019704,3.615038,0.558183,,,0.0,0.0,32,onset
32 / mixed / onset,mixed,282.5,0.125208,0.005008,1.0,0.783802,0.728435,0.925439,0.85782,1.0,0.276243,4.634251,0.638043,3.720924,0.632858,3.333195,0.936667,0.783802,0.811502,0.96063,0.934426,1.0,0.008772,4.741491,0.684052,3.782933,0.708916,,,0.125208,0.005008,32,onset
32 / lvo / speed,lvo,57.5,0.146286,0.00842,1.0,0.495652,0.877193,0.95,0.958333,1.0,0.369565,4.403726,0.790397,2.70805,0.0,3.503518,0.867553,0.495652,0.929825,0.95,0.980769,1.0,0.019608,4.474227,0.820839,2.70805,0.0,,,0.146286,0.00842,32,speed
32 / nlvo / speed,nlvo,202.5,0.085821,0.002472,1.0,0.560494,0.674009,0.95,0.811594,1.0,0.294643,4.746987,0.451118,2.70805,0.0,3.245453,0.971474,0.560494,0.77533,0.95,0.91018,1.0,0.006579,4.869721,0.528555,2.70805,0.0,,,0.085821,0.002472,32,speed
32 / other / speed,other,22.5,0.0,0.0,,0.644444,0.862069,0.95,0.92,1.0,0.0,4.405356,1.019704,2.70805,0.0,,,0.644444,0.862069,0.95,1.0,1.0,0.0,4.405356,1.019704,2.70805,0.0,,,0.0,0.0,32,speed
32 / mixed / speed,mixed,282.5,0.090844,0.003501,1.0,0.553982,0.728435,0.95,0.85782,1.0,0.276243,4.634251,0.638043,2.70805,0.0,3.333195,0.936667,0.553982,0.811502,0.95,0.934426,1.0,0.008772,4.741491,0.684052,2.70805,0.0,,,0.090844,0.003501,32,speed
32 / lvo / onset + benchmark,lvo,57.5,0.319915,0.014542,1.0,0.828872,0.877193,0.96,0.958333,1.0,0.478261,4.403726,0.790397,3.471094,0.516314,3.503518,0.867553,0.828872,0.929825,0.981132,0.980769,1.0,0.019608,4.474227,0.820839,3.506443,0.597715,,,0.319915,0.014542,32,onset + benchmark
32 / nlvo / onset + benchmark,nlvo,202.5,0.124093,0.003357,1.0,0.761925,0.674009,0.901961,0.811594,1.0,0.330097,4.746987,0.451118,3.827003,0.657749,3.245453,0.971474,0.761925,0.77533,0.948864,0.91018,1.0,0.006579,4.869721,0.528555,3.894159,0.735005,,,0.124093,0.003357,32,onset + benchmark
32 / other / onset + benchmark,other,22.5,0.0,0.0,,0.785804,0.862069,1.0,0.92,1.0,0.0,4.405356,1.019704,3.615038,0.558183,,,0.785804,0.862069,1.0,1.0,1.0,0.0,4.405356,1.019704,3.615038,0.558183,,,0.0,0.0,32,onset + benchmark
32 / mixed / onset + benchmark,mixed,282.5,0.152754,0.005008,1.0,0.783802,0.728435,0.925439,0.85782,1.0,0.337017,4.634251,0.638043,3.720924,0.632858,3.333195,0.936667,0.783802,0.811502,0.96063,0.934426,1.0,0.008772,4.741491,0.684052,3.782933,0.708916,,,0.152754,0.005008,32,onset + benchmark
32 / lvo / speed + benchmark,lvo,57.5,0.189311,0.00842,1.0,0.495652,0.877193,0.95,0.958333,1.0,0.478261,4.403726,0.790397,2.70805,0.0,3.503518,0.867553,0.495652,0.929825,0.95,0.980769,1.0,0.019608,4.474227,0.820839,2.70805,0.0,,,0.189311,0.00842,32,speed + benchmark
32 / nlvo / speed + benchmark,nlvo,202.5,0.096148,0.002472,1.0,0.560494,0.674009,0.95,0.811594,1.0,0.330097,4.746987,0.451118,2.70805,0.0,3.245453,0.971474,0.560494,0.77533,0.95,0.91018,1.0,0.006579,4.869721,0.528555,2.70805,0.0,,,0.096148,0.002472,32,speed + benchmark
32 / other / speed + benchmark,other,22.5,0.0,0.0,,0.644444,0.862069,0.95,0.92,1.0,0.0,4.405356,1.019704,2.70805,0.0,,,0.644444,0.862069,0.95,1.0,1.0,0.0,4.405356,1.019704,2.70805,0.0,,,0.0,0.0,32,speed + benchmark
32 / mixed / speed + benchmark,mixed,282.5,0.11083,0.003501,1.0,0.553982,0.728435,0.95,0.85782,1.0,0.337017,4.634251,0.638043,2.70805,0.0,3.333195,0.936667,0.553982,0.811502,0.95,0.934426,1.0,0.008772,4.741491,0.684052,2.70805,0.0,,,0.11083,0.003501,32,speed + benchmark
32 / lvo / speed + onset,lvo,57.5,0.244632,0.01408,1.0,0.828872,0.877193,0.95,0.958333,1.0,0.369565,4.403726,0.790397,2.70805,0.0,3.503518,0.867553,0.828872,0.929825,0.95,0.980769,1.0,0.019608,4.474227,0.820839,2.70805,0.0,,,0.244632,0.01408,32,speed + onset
32 / nlvo / speed + onset,nlvo,202.5,0.116664,0.003361,1.0,0.761925,0.674009,0.95,0.811594,1.0,0.294643,4.746987,0.451118,2.70805,0.0,3.245453,0.971474,0.761925,0.77533,0.95,0.91018,1.0,0.006579,4.869721,0.528555,2.70805,0.0,,,0.116664,0.003361,32,speed + onset
32 / other / speed + onset,other,22.5,0.0,0.0,,0.785804,0.862069,0.95,0.92,1.0,0.0,4.405356,1.019704,2.70805,0.0,,,0.785804,0.862069,0.95,1.0,1.0,0.0,4.405356,1.019704,2.70805,0.0,,,0.0,0.0,32,speed + onset
32 / mixed / speed + onset,mixed,282.5,0.128531,0.004953,1.0,0.783802,0.728435,0.95,0.85782,1.0,0.276243,4.634251,0.638043,2.70805,0.0,3.333195,0.936667,0.783802,0.811502,0.95,0.934426,1.0,0.008772,4.741491,0.684052,2.70805,0.0,,,0.128531,0.004953,32,speed + onset
32 / lvo / speed + onset + benchmark,lvo,57.5,0.316583,0.01408,1.0,0.828872,0.877193,0.95,0.958333,1.0,0.478261,4.403726,0.790397,2.70805,0.0,3.503518,0.867553,0.828872,0.929825,0.95,0.980769,1.0,0.019608,4.474227,0.820839,2.70805,0.0,,,0.316583,0.01408,32,speed + onset + benchmark
32 / nlvo / speed + onset + benchmark,nlvo,202.5,0.130702,0.003361,1.0,0.761925,0.674009,0.95,0.811594,1.0,0.330097,4.746987,0.451118,2.70805,0.0,3.245453,0.971474,0.761925,0.77533,0.95,0.91018,1.0,0.006579,4.869721,0.528555,2.70805,0.0,,,0.130702,0.003361,32,speed + onset + benchmark
32 / other / speed + onset + benchmark,other,22.5,0.0,0.0,,0.785804,0.862069,0.95,0.92,1.0,0.0,4.405356,1.019704,2.70805,0.0,,,0.785804,0.862069,0.95,1.0,1.0,0.0,4.405356,1.019704,2.70805,0.0,,,0.0,0.0,32,speed + onset + benchmark
32 / mixed / speed + onset + benchmark,mixed,282.5,0.156808,0.004953,1.0,0.783802,0.728435,0.95,0.85782,1.0,0.337017,4.634251,0.638043,2.70805,0.0,3.333195,0.936667,0.783802,0.811502,0.95,0.934426,1.0,0.008772,4.741491,0.684052,2.70805,0.0,,,0.156808,0.004953,32,speed + onset + benchmark
33 / lvo / base,lvo,60.0,0.283333,0.066667,0.375,0.741667,0.674157,1.0,0.95,1.0,0.596491,4.619758,0.382921,2.696321,1.174665,3.741853,0.510328,0.741667,0.775281,1.0,0.956522,1.0,0.075758,4.75964,0.510865,2.796272,1.152542,,,0.283333,0.041667,33,base
33 / nlvo / base,nlvo,342.5,0.055474,0.005839,0.75,0.564964,0.488372,0.94709,0.865922,1.0,0.23871,4.741508,0.42939,3.012441,1.200141,3.782486,0.451644,0.564964,0.617571,0.962343,0.878261,1.0,0.019802,4.937661,0.542604,3.216808,1.320294,,,0.054015,0.005839,33,base
33 / other / base,other,73.0,0.0,0.0,,0.705479,0.601942,0.951613,0.847458,1.0,0.0,4.797672,0.377014,3.28873,1.075582,,,0.705479,0.737864,0.986842,0.893333,1.0,0.0,4.954699,0.479007,3.403702,1.210969,,,0.0,0.0,33,base
33 / mixed / base,mixed,475.5,0.07571,0.012618,0.5,0.608833,0.537133,0.958199,0.879195,1.0,0.270992,4.729216,0.413569,3.003494,1.182598,3.763028,0.477597,0.608833,0.663212,0.973958,0.895722,1.0,0.026866,4.909045,0.528364,3.176702,1.281183,,,0.074658,0.009464,33,base
33 / lvo / benchmark,lvo,60.0,0.341667,0.041667,0.375,0.741667,0.674157,1.0,0.95,1.0,0.719298,4.619758,0.382921,2.696321,1.174665,3.741853,0.510328,0.741667,0.775281,1.0,0.956522,1.0,0.075758,4.75964,0.510865,2.796272,1.152542,,,0.341667,0.041667,33,benchmark
33 / nlvo / benchmark,nlvo,342.5,0.094942,0.005839,0.75,0.564964,0.488372,0.94709,0.865922,1.0,0.41958,4.741508,0.42939,3.012441,1.200141,3.782486,0.451644,0.564964,0.617571,0.962343,0.878261,1.0,0.019802,4.937661,0.542604,3.216808,1.320294,,,0.094942,0.005839,33,benchmark
33 / other / benchmark,other,73.0,0.0,0.0,,0.705479,0.601942,0.951613,0.847458,1.0,0.0,4.797672,0.377014,3.28873,1.075582,,,0.705479,0.737864,0.986842,0.893333,1.0,0.0,4.954699,0.479007,3.403702,1.210969,,,0.0,0.0,33,benchmark
33 / mixed / benchmark,mixed,475.5,0.116719,0.009464,0.5,0.608833,0.537133,0.958199,0.879195,1.0,0.423664,4.729216,0.413569,3.003494,1.182598,3.763028,0.477597,0.608833,0.663212,0.973958,0.895722,1.0,0.026866,4.909045,0.528364,3.176702,1.281183,,,0.116719,0.009464,33,benchmark
33 / lvo / onset,lvo,60.0,0.316647,0.046566,0.375,0.828872,0.674157,1.0,0.95,1.0,0.596491,4.619758,0.382921,2.696321,1.174665,3.741853,0.510328,0.828872,0.775281,1.0,0.956522,1.0,0.075758,4.75964,0.510865,2.796272,1.152542,,,0.316647,0.046566,33,onset
33 / nlvo / onset,nlvo,342.5,0.072846,0.007875,0.75,0.761925,0.488372,0.94709,0.865922,1.0,0.23871,4.741508,0.42939,3.012441,1.200141,3.782486,0.451644,0.761925,0.617571,0.962343,0.878261,1.0,0.019802,4.937661,0.542604,3.216808,1.320294,,,0.072846,0.007875,33,onset
33 / other / onset,other,73.0,0.0,0.0,,0.785804,0.601942,0.951613,0.847458,1.0,0.0,4.797672,0.377014,3.28873,1.075582,,,0.785804,0.737864,0.986842,0.893333,1.0,0.0,4.954699,0.479007,3.403702,1.210969,,,0.0,0.0,33,onset
33 / mixed / onset,mixed,475.5,0.096114,0.012184,0.5,0.783802,0.537133,0.958199,0.879195,1.0,0.270992,4.729216,0.413569,3.003494,1.182598,3.763028,0.477597,0.783802,0.663212,0.973958,0.895722,1.0,0.026866,4.909045,0.528364,3.176702,1.281183,,,0.096114,0.012184,33,onset
33 / lvo / speed,lvo,60.0,0.269167,0.039584,0.375,0.741667,0.674157,0.95,0.95,1.0,0.596491,4.619758,0.382921,2.696321,0.0,3.741853,0.510328,0.741667,0.775281,0.95,0.956522,1.0,0.075758,4.75964,0.510865,2.70805,0.0,,,0.269167,0.039584,33,speed
33 / nlvo / speed,nlvo,342.5,0.054181,0.005765,0.75,0.564964,0.488372,0.95,0.865922,1.0,0.23871,4.741508,0.42939,2.70805,0.0,3.782486,0.451644,0.564964,0.617571,0.95,0.878261,1.0,0.019802,4.937661,0.542604,2.70805,0.0,,,0.054181,0.005765,33,speed
33 / other / speed,other,73.0,0.0,0.0,,0.705479,0.601942,0.95,0.847458,1.0,0.0,4.797672,0.377014,2.70805,0.0,,,0.705479,0.737864,0.95,0.893333,1.0,0.0,4.954699,0.479007,2.70805,0.0,,,0.0,0.0,33,speed
33 / mixed / speed,mixed,475.5,0.074019,0.009231,0.5,0.608833,0.537133,0.95,0.879195,1.0,0.270992,4.729216,0.413569,2.70805,0.0,3.763028,0.477597,0.608833,0.663212,0.95,0.895722,1.0,0.026866,4.909045,0.528364,2.70805,0.0,,,0.074019,0.009231,33,speed
33 / lvo / onset + benchmark,lvo,60.0,0.38184,0.046566,0.375,0.828872,0.674157,1.0,0.95,1.0,0.719298,4.619758,0.382921,2.696321,1.174665,3.741853,0.510328,0.828872,0.775281,1.0,0.956522,1.0,0.075758,4.75964,0.510865,2.796272,1.152542,,,0.38184,0.046566,33,onset + benchmark
33 / nlvo / onset + benchmark,nlvo,342.5,0.128041,0.007875,0.75,0.761925,0.488372,0.94709,0.865922,1.0,0.41958,4.741508,0.42939,3.012441,1.200141,3.782486,0.451644,0.761925,0.617571,0.962343,0.878261,1.0,0.019802,4.937661,0.542604,3.216808,1.320294,,,0.128041,0.007875,33,onset + benchmark
33 / other / onset + benchmark,other,73.0,0.0,0.0,,0.785804,0.601942,0.951613,0.847458,1.0,0.0,4.797672,0.377014,3.28873,1.075582,,,0.785804,0.737864,0.986842,0.893333,1.0,0.0,4.954699,0.479007,3.403702,1.210969,,,0.0,0.0,33,onset + benchmark
33 / mixed / onset + benchmark,mixed,475.5,0.150262,0.012184,0.5,0.783802,0.537133,0.958199,0.879195,1.0,0.423664,4.729216,0.413569,3.003494,1.182598,3.763028,0.477597,0.783802,0.663212,0.973958,0.895722,1.0,0.026866,4.909045,0.528364,3.176702,1.281183,,,0.150262,0.012184,33,onset + benchmark
33 / lvo / speed + benchmark,lvo,60.0,0.324583,0.039584,0.375,0.741667,0.674157,0.95,0.95,1.0,0.719298,4.619758,0.382921,2.696321,0.0,3.741853,0.510328,0.741667,0.775281,0.95,0.956522,1.0,0.075758,4.75964,0.510865,2.70805,0.0,,,0.324583,0.039584,33,speed + benchmark
33 / nlvo / speed + benchmark,nlvo,342.5,0.095233,0.005765,0.75,0.564964,0.488372,0.95,0.865922,1.0,0.41958,4.741508,0.42939,2.70805,0.0,3.782486,0.451644,0.564964,0.617571,0.95,0.878261,1.0,0.019802,4.937661,0.542604,2.70805,0.0,,,0.095233,0.005765,33,speed + benchmark
33 / other / speed + benchmark,other,73.0,0.0,0.0,,0.705479,0.601942,0.95,0.847458,1.0,0.0,4.797672,0.377014,2.70805,0.0,,,0.705479,0.737864,0.95,0.893333,1.0,0.0,4.954699,0.479007,2.70805,0.0,,,0.0,0.0,33,speed + benchmark
33 / mixed / speed + benchmark,mixed,475.5,0.115721,0.009231,0.5,0.608833,0.537133,0.95,0.879195,1.0,0.423664,4.729216,0.413569,2.70805,0.0,3.763028,0.477597,0.608833,0.663212,0.95,0.895722,1.0,0.026866,4.909045,0.528364,2.70805,0.0,,,0.115721,0.009231,33,speed + benchmark
33 / lvo / speed + onset,lvo,60.0,0.300815,0.044238,0.375,0.828872,0.674157,0.95,0.95,1.0,0.596491,4.619758,0.382921,2.696321,0.0,3.741853,0.510328,0.828872,0.775281,0.95,0.956522,1.0,0.075758,4.75964,0.510865,2.70805,0.0,,,0.300815,0.044238,33,speed + onset
33 / nlvo / speed + onset,nlvo,342.5,0.073069,0.007774,0.75,0.761925,0.488372,0.95,0.865922,1.0,0.23871,4.741508,0.42939,2.70805,0.0,3.782486,0.451644,0.761925,0.617571,0.95,0.878261,1.0,0.019802,4.937661,0.542604,2.70805,0.0,,,0.073069,0.007774,33,speed + onset
33 / other / speed + onset,other,73.0,0.0,0.0,,0.785804,0.601942,0.95,0.847458,1.0,0.0,4.797672,0.377014,2.70805,0.0,,,0.785804,0.737864,0.95,0.893333,1.0,0.0,4.954699,0.479007,2.70805,0.0,,,0.0,0.0,33,speed + onset
33 / mixed / speed + onset,mixed,475.5,0.095291,0.011884,0.5,0.783802,0.537133,0.95,0.879195,1.0,0.270992,4.729216,0.413569,2.70805,0.0,3.763028,0.477597,0.783802,0.663212,0.95,0.895722,1.0,0.026866,4.909045,0.528364,2.70805,0.0,,,0.095291,0.011884,33,speed + onset
33 / lvo / speed + onset + benchmark,lvo,60.0,0.362748,0.044238,0.375,0.828872,0.674157,0.95,0.95,1.0,0.719298,4.619758,0.382921,2.696321,0.0,3.741853,0.510328,0.828872,0.775281,0.95,0.956522,1.0,0.075758,4.75964,0.510865,2.70805,0.0,,,0.362748,0.044238,33,speed + onset + benchmark
33 / nlvo / speed + onset + benchmark,nlvo,342.5,0.128434,0.007774,0.75,0.761925,0.488372,0.95,0.865922,1.0,0.41958,4.741508,0.42939,2.70805,0.0,3.782486,0.451644,0.761925,0.617571,0.95,0.878261,1.0,0.019802,4.937661,0.542604,2.70805,0.0,,,0.128434,0.007774,33,speed + onset + benchmark
33 / other / speed + onset + benchmark,other,73.0,0.0,0.0,,0.785804,0.601942,0.95,0.847458,1.0,0.0,4.797672,0.377014,2.70805,0.0,,,0.785804,0.737864,0.95,0.893333,1.0,0.0,4.954699,0.479007,2.70805,0.0,,,0.0,0.0,33,speed + onset + benchmark
33 / mixed / speed + onset + benchmark,mixed,475.5,0.148977,0.011884,0.5,0.783802,0.537133,0.95,0.879195,1.0,0.423664,4.729216,0.413569,2.70805,0.0,3.763028,0.477597,0.783802,0.663212,0.95,0.895722,1.0,0.026866,4.909045,0.528364,2.70805,0.0,,,0.148977,0.011884,33,speed + onset + benchmark
34 / lvo / base,lvo,79.0,0.360759,0.113924,0.833333,0.78481,0.862903,0.962617,0.941748,1.0,0.57732,4.429105,0.406327,3.109637,0.805716,3.221333,0.858275,0.78481,0.903226,0.982143,0.990909,1.0,0.165138,4.487636,0.48199,3.174097,0.88217,4.550022,0.64537,0.354431,0.113924,34,base
34 / nlvo / base,nlvo,260.5,0.184261,0.005758,0.666667,0.642994,0.701493,0.93617,0.909091,1.0,0.47,4.612877,0.554865,3.298449,0.816769,3.279878,0.751015,0.642994,0.779104,0.954023,0.895582,1.0,0.013453,4.716858,0.613763,3.432861,0.917078,,,0.180422,0.005758,34,base
34 / other / base,other,72.5,0.0,0.0,,0.703448,0.764706,0.948718,0.891892,1.0,0.0,4.487428,0.732188,3.330125,0.864016,,,0.703448,0.833333,0.952941,0.938272,1.0,0.0,4.58894,0.779965,3.380932,0.880312,,,0.0,0.0,34,base
34 / mixed / base,mixed,412.0,0.18568,0.025485,0.809524,0.680825,0.748663,0.945238,0.914358,1.0,0.413223,4.542761,0.564671,3.255367,0.825447,3.258021,0.790418,0.680825,0.816399,0.960699,0.927273,1.0,0.051471,4.637063,0.62618,3.358611,0.906263,4.543405,0.634446,0.182039,0.025486,34,base
34 / lvo / benchmark,lvo,79.0,0.36076,0.113924,0.833333,0.78481,0.862903,0.962617,0.941748,1.0,0.587629,4.429105,0.406327,3.109637,0.805716,3.221333,0.858275,0.78481,0.903226,0.982143,0.990909,1.0,0.165138,4.487636,0.48199,3.174097,0.88217,4.550022,0.64537,0.36076,0.113924,34,benchmark
34 / nlvo / benchmark,nlvo,260.5,0.197016,0.005758,0.666667,0.642994,0.701493,0.93617,0.909091,1.0,0.513228,4.612877,0.554865,3.298449,0.816769,3.279878,0.751015,0.642994,0.779104,0.954023,0.895582,1.0,0.013453,4.716858,0.613763,3.432861,0.917078,,,0.197016,0.005758,34,benchmark
34 / other / benchmark,other,72.5,0.0,0.0,,0.703448,0.764706,0.948718,0.891892,1.0,0.0,4.487428,0.732188,3.330125,0.864016,,,0.703448,0.833333,0.952941,0.938272,1.0,0.0,4.58894,0.779965,3.380932,0.880312,,,0.0,0.0,34,benchmark
34 / mixed / benchmark,mixed,412.0,0.197815,0.025486,0.809524,0.680825,0.748663,0.945238,0.914358,1.0,0.449036,4.542761,0.564671,3.255367,0.825447,3.258021,0.790418,0.680825,0.816399,0.960699,0.927273,1.0,0.051471,4.637063,0.62618,3.358611,0.906263,4.543405,0.634446,0.197815,0.025486,34,benchmark
34 / lvo / onset,lvo,79.0,0.37433,0.12032,0.833333,0.828872,0.862903,0.962617,0.941748,1.0,0.57732,4.429105,0.406327,3.109637,0.805716,3.221333,0.858275,0.828872,0.903226,0.982143,0.990909,1.0,0.165138,4.487636,0.48199,3.174097,0.88217,4.550022,0.64537,0.37433,0.12032,34,onset
34 / nlvo / onset,nlvo,260.5,0.213794,0.006823,0.666667,0.761925,0.701493,0.93617,0.909091,1.0,0.47,4.612877,0.554865,3.298449,0.816769,3.279878,0.751015,0.761925,0.779104,0.954023,0.895582,1.0,0.013453,4.716858,0.613763,3.432861,0.917078,,,0.213794,0.006823,34,onset
34 / other / onset,other,72.5,0.0,0.0,,0.785804,0.764706,0.948718,0.891892,1.0,0.0,4.487428,0.732188,3.330125,0.864016,,,0.785804,0.833333,0.952941,0.938272,1.0,0.0,4.58894,0.779965,3.380932,0.880312,,,0.0,0.0,34,onset
34 / mixed / onset,mixed,412.0,0.209573,0.02934,0.809524,0.783802,0.748663,0.945238,0.914358,1.0,0.413223,4.542761,0.564671,3.255367,0.825447,3.258021,0.790418,0.783802,0.816399,0.960699,0.927273,1.0,0.051471,4.637063,0.62618,3.358611,0.906263,4.543405,0.634446,0.209573,0.02934,34,onset
34 / lvo / speed,lvo,79.0,0.349785,0.110196,0.833333,0.78481,0.862903,0.95,0.941748,1.0,0.57732,4.429105,0.406327,2.70805,0.0,3.221333,0.858275,0.78481,0.903226,0.95,0.990909,1.0,0.165138,4.487636,0.48199,2.70805,0.0,4.550022,0.64537,0.349785,0.110196,34,speed
34 / nlvo / speed,nlvo,260.5,0.183088,0.005734,0.666667,0.642994,0.701493,0.95,0.909091,1.0,0.47,4.612877,0.554865,2.70805,0.0,3.279878,0.751015,0.642994,0.779104,0.95,0.895582,1.0,0.013453,4.716858,0.613763,2.70805,0.0,,,0.183088,0.005734,34,speed
34 / other / speed,other,72.5,0.0,0.0,,0.703448,0.764706,0.95,0.891892,1.0,0.0,4.487428,0.732188,2.70805,0.0,,,0.703448,0.833333,0.95,0.938272,1.0,0.0,4.58894,0.779965,2.70805,0.0,,,0.0,0.0,34,speed
34 / mixed / speed,mixed,412.0,0.182956,0.025202,0.809524,0.680825,0.748663,0.95,0.914358,1.0,0.413223,4.542761,0.564671,2.70805,0.0,3.258021,0.790418,0.680825,0.816399,0.95,0.927273,1.0,0.051471,4.637063,0.62618,2.70805,0.0,4.543405,0.634446,0.182956,0.025202,34,speed
34 / lvo / onset + benchmark,lvo,79.0,0.381014,0.12032,0.833333,0.828872,0.862903,0.962617,0.941748,1.0,0.587629,4.429105,0.406327,3.109637,0.805716,3.221333,0.858275,0.828872,0.903226,0.982143,0.990909,1.0,0.165138,4.487636,0.48199,3.174097,0.88217,4.550022,0.64537,0.381014,0.12032,34,onset + benchmark
34 / nlvo / onset + benchmark,nlvo,260.5,0.233457,0.006823,0.666667,0.761925,0.701493,0.93617,0.909091,1.0,0.513228,4.612877,0.554865,3.298449,0.816769,3.279878,0.751015,0.761925,0.779104,0.954023,0.895582,1.0,0.013453,4.716858,0.613763,3.432861,0.917078,,,0.233457,0.006823,34,onset + benchmark
34 / other / onset + benchmark,other,72.5,0.0,0.0,,0.785804,0.764706,0.948718,0.891892,1.0,0.0,4.487428,0.732188,3.330125,0.864016,,,0.785804,0.833333,0.952941,0.938272,1.0,0.0,4.58894,0.779965,3.380932,0.880312,,,0.0,0.0,34,onset + benchmark
34 / mixed / onset + benchmark,mixed,412.0,0.227736,0.02934,0.809524,0.783802,0.748663,0.945238,0.914358,1.0,0.449036,4.542761,0.564671,3.255367,0.825447,3.258021,0.790418,0.783802,0.816399,0.960699,0.927273,1.0,0.051471,4.637063,0.62618,3.358611,0.906263,4.543405,0.634446,0.227736,0.02934,34,onset + benchmark
34 / lvo / speed + benchmark,lvo,79.0,0.356031,0.110196,0.833333,0.78481,0.862903,0.95,0.941748,1.0,0.587629,4.429105,0.406327,2.70805,0.0,3.221333,0.858275,0.78481,0.903226,0.95,0.990909,1.0,0.165138,4.487636,0.48199,2.70805,0.0,4.550022,0.64537,0.356031,0.110196,34,speed + benchmark
34 / nlvo / speed + benchmark,nlvo,260.5,0.199927,0.005734,0.666667,0.642994,0.701493,0.95,0.909091,1.0,0.513228,4.612877,0.554865,2.70805,0.0,3.279878,0.751015,0.642994,0.779104,0.95,0.895582,1.0,0.013453,4.716858,0.613763,2.70805,0.0,,,0.199927,0.005734,34,speed + benchmark
34 / other / speed + benchmark,other,72.5,0.0,0.0,,0.703448,0.764706,0.95,0.891892,1.0,0.0,4.487428,0.732188,2.70805,0.0,,,0.703448,0.833333,0.95,0.938272,1.0,0.0,4.58894,0.779965,2.70805,0.0,,,0.0,0.0,34,speed + benchmark
34 / mixed / speed + benchmark,mixed,412.0,0.198812,0.025202,0.809524,0.680825,0.748663,0.95,0.914358,1.0,0.449036,4.542761,0.564671,2.70805,0.0,3.258021,0.790418,0.680825,0.816399,0.95,0.927273,1.0,0.051471,4.637063,0.62618,2.70805,0.0,4.543405,0.634446,0.198812,0.025202,34,speed + benchmark
34 / lvo / speed + onset,lvo,79.0,0.369423,0.116383,0.833333,0.828872,0.862903,0.95,0.941748,1.0,0.57732,4.429105,0.406327,2.70805,0.0,3.221333,0.858275,0.828872,0.903226,0.95,0.990909,1.0,0.165138,4.487636,0.48199,2.70805,0.0,4.550022,0.64537,0.369423,0.116383,34,speed + onset
34 / nlvo / speed + onset,nlvo,260.5,0.216952,0.006794,0.666667,0.761925,0.701493,0.95,0.909091,1.0,0.47,4.612877,0.554865,2.70805,0.0,3.279878,0.751015,0.761925,0.779104,0.95,0.895582,1.0,0.013453,4.716858,0.613763,2.70805,0.0,,,0.216952,0.006794,34,speed + onset
34 / other / speed + onset,other,72.5,0.0,0.0,,0.785804,0.764706,0.95,0.891892,1.0,0.0,4.487428,0.732188,2.70805,0.0,,,0.785804,0.833333,0.95,0.938272,1.0,0.0,4.58894,0.779965,2.70805,0.0,,,0.0,0.0,34,speed + onset
34 / mixed / speed + onset,mixed,412.0,0.210628,0.029014,0.809524,0.783802,0.748663,0.95,0.914358,1.0,0.413223,4.542761,0.564671,2.70805,0.0,3.258021,0.790418,0.783802,0.816399,0.95,0.927273,1.0,0.051471,4.637063,0.62618,2.70805,0.0,4.543405,0.634446,0.210628,0.029014,34,speed + onset
34 / lvo / speed + onset + benchmark,lvo,79.0,0.37602,0.116383,0.833333,0.828872,0.862903,0.95,0.941748,1.0,0.587629,4.429105,0.406327,2.70805,0.0,3.221333,0.858275,0.828872,0.903226,0.95,0.990909,1.0,0.165138,4.487636,0.48199,2.70805,0.0,4.550022,0.64537,0.37602,0.116383,34,speed + onset + benchmark
34 / nlvo / speed + onset + benchmark,nlvo,260.5,0.236906,0.006794,0.666667,0.761925,0.701493,0.95,0.909091,1.0,0.513228,4.612877,0.554865,2.70805,0.0,3.279878,0.751015,0.761925,0.779104,0.95,0.895582,1.0,0.013453,4.716858,0.613763,2.70805,0.0,,,0.236906,0.006794,34,speed + onset + benchmark
34 / other / speed + onset + benchmark,other,72.5,0.0,0.0,,0.785804,0.764706,0.95,0.891892,1.0,0.0,4.487428,0.732188,2.70805,0.0,,,0.785804,0.833333,0.95,0.938272,1.0,0.0,4.58894,0.779965,2.70805,0.0,,,0.0,0.0,34,speed + onset + benchmark
34 / mixed / speed + onset + benchmark,mixed,412.0,0.228883,0.029014,0.809524,0.783802,0.748663,0.95,0.914358,1.0,0.449036,4.542761,0.564671,2.70805,0.0,3.258021,0.790418,0.783802,0.816399,0.95,0.927273,1.0,0.051471,4.637063,0.62618,2.70805,0.0,4.543405,0.634446,0.228883,0.029014,34,speed + onset + benchmark
35 / lvo / base,lvo,95.0,0.221053,0.026316,0.0,0.6,0.798246,1.0,0.945055,1.0,0.476744,4.545276,0.409514,2.89828,0.971172,3.58214,0.569165,0.6,0.850877,1.0,0.979381,1.0,0.021053,4.613243,0.478299,2.954793,0.992757,,,0.21579,0.010526,35,base
35 / nlvo / base,nlvo,449.0,0.07461,0.001114,0.0,0.54343,0.508197,0.931452,0.852814,1.0,0.335025,4.665511,0.527835,3.269058,1.046959,3.593726,0.849649,0.54343,0.633197,0.961165,0.858586,1.0,0.0,4.867195,0.625785,3.488999,1.149514,,,0.073497,0.0,35,base
35 / other / base,other,90.0,0.0,0.0,,0.594444,0.728972,0.974359,0.855263,1.0,0.0,4.677874,0.599052,3.26286,1.031483,,,0.594444,0.785047,0.988095,0.951807,1.0,0.0,4.746635,0.629325,3.307413,1.077231,,,0.0,0.0,35,base
35 / mixed / base,mixed,634.0,0.085962,0.004732,0.0,0.559148,0.588152,0.954436,0.874372,1.0,0.307471,4.641585,0.520334,3.183098,1.036322,3.589287,0.751634,0.559148,0.691114,0.973469,0.899371,1.0,0.004662,4.796256,0.607485,3.348769,1.124533,,,0.084385,0.001577,35,base
35 / lvo / benchmark,lvo,95.0,0.321053,0.010526,0.0,0.6,0.798246,1.0,0.945055,1.0,0.709302,4.545276,0.409514,2.89828,0.971172,3.58214,0.569165,0.6,0.850877,1.0,0.979381,1.0,0.021053,4.613243,0.478299,2.954793,0.992757,,,0.321053,0.010526,35,benchmark
35 / nlvo / benchmark,nlvo,449.0,0.106112,0.0,0.0,0.54343,0.508197,0.931452,0.852814,1.0,0.483696,4.665511,0.527835,3.269058,1.046959,3.593726,0.849649,0.54343,0.633197,0.961165,0.858586,1.0,0.0,4.867195,0.625785,3.488999,1.149514,,,0.106112,0.0,35,benchmark
35 / other / benchmark,other,90.0,0.0,0.0,,0.594444,0.728972,0.974359,0.855263,1.0,0.0,4.677874,0.599052,3.26286,1.031483,,,0.594444,0.785047,0.988095,0.951807,1.0,0.0,4.746635,0.629325,3.307413,1.077231,,,0.0,0.0,35,benchmark
35 / mixed / benchmark,mixed,634.0,0.125394,0.001577,0.0,0.559148,0.588152,0.954436,0.874372,1.0,0.456897,4.641585,0.520334,3.183098,1.036322,3.589287,0.751634,0.559148,0.691114,0.973469,0.899371,1.0,0.004662,4.796256,0.607485,3.348769,1.124533,,,0.125394,0.001577,35,benchmark
35 / lvo / onset,lvo,95.0,0.298103,0.014542,0.0,0.828872,0.798246,1.0,0.945055,1.0,0.476744,4.545276,0.409514,2.89828,0.971172,3.58214,0.569165,0.828872,0.850877,1.0,0.979381,1.0,0.021053,4.613243,0.478299,2.954793,0.992757,,,0.298103,0.014542,35,onset
35 / nlvo / onset,nlvo,449.0,0.103047,0.0,0.0,0.761925,0.508197,0.931452,0.852814,1.0,0.335025,4.665511,0.527835,3.269058,1.046959,3.593726,0.849649,0.761925,0.633197,0.961165,0.858586,1.0,0.0,4.867195,0.625785,3.488999,1.149514,,,0.103047,0.0,35,onset
35 / other / onset,other,90.0,0.0,0.0,,0.785804,0.728972,0.974359,0.855263,1.0,0.0,4.677874,0.599052,3.26286,1.031483,,,0.785804,0.785047,0.988095,0.951807,1.0,0.0,4.746635,0.629325,3.307413,1.077231,,,0.0,0.0,35,onset
35 / mixed / onset,mixed,634.0,0.118289,0.002211,0.0,0.783802,0.588152,0.954436,0.874372,1.0,0.307471,4.641585,0.520334,3.183098,1.036322,3.589287,0.751634,0.783802,0.691114,0.973469,0.899371,1.0,0.004662,4.796256,0.607485,3.348769,1.124533,,,0.118289,0.002211,35,onset
35 / lvo / speed,lvo,95.0,0.205,0.01,0.0,0.6,0.798246,0.95,0.945055,1.0,0.476744,4.545276,0.409514,2.70805,0.0,3.58214,0.569165,0.6,0.850877,0.95,0.979381,1.0,0.021053,4.613243,0.478299,2.70805,0.0,,,0.205,0.01,35,speed
35 / nlvo / speed,nlvo,449.0,0.07496,0.0,0.0,0.54343,0.508197,0.95,0.852814,1.0,0.335025,4.665511,0.527835,2.70805,0.0,3.593726,0.849649,0.54343,0.633197,0.95,0.858586,1.0,0.0,4.867195,0.625785,2.70805,0.0,,,0.07496,0.0,35,speed
35 / other / speed,other,90.0,0.0,0.0,,0.594444,0.728972,0.95,0.855263,1.0,0.0,4.677874,0.599052,2.70805,0.0,,,0.594444,0.785047,0.95,0.951807,1.0,0.0,4.746635,0.629325,2.70805,0.0,,,0.0,0.0,35,speed
35 / mixed / speed,mixed,634.0,0.083992,0.001539,0.0,0.559148,0.588152,0.95,0.874372,1.0,0.307471,4.641585,0.520334,2.70805,0.0,3.589287,0.751634,0.559148,0.691114,0.95,0.899371,1.0,0.004662,4.796256,0.607485,2.70805,0.0,,,0.083992,0.001539,35,speed
35 / lvo / onset + benchmark,lvo,95.0,0.443519,0.014542,0.0,0.828872,0.798246,1.0,0.945055,1.0,0.709302,4.545276,0.409514,2.89828,0.971172,3.58214,0.569165,0.828872,0.850877,1.0,0.979381,1.0,0.021053,4.613243,0.478299,2.954793,0.992757,,,0.443519,0.014542,35,onset + benchmark
35 / nlvo / onset + benchmark,nlvo,449.0,0.148775,0.0,0.0,0.761925,0.508197,0.931452,0.852814,1.0,0.483696,4.665511,0.527835,3.269058,1.046959,3.593726,0.849649,0.761925,0.633197,0.961165,0.858586,1.0,0.0,4.867195,0.625785,3.488999,1.149514,,,0.148775,0.0,35,onset + benchmark
35 / other / onset + benchmark,other,90.0,0.0,0.0,,0.785804,0.728972,0.974359,0.855263,1.0,0.0,4.677874,0.599052,3.26286,1.031483,,,0.785804,0.785047,0.988095,0.951807,1.0,0.0,4.746635,0.629325,3.307413,1.077231,,,0.0,0.0,35,onset + benchmark
35 / mixed / onset + benchmark,mixed,634.0,0.175775,0.002211,0.0,0.783802,0.588152,0.954436,0.874372,1.0,0.456897,4.641585,0.520334,3.183098,1.036322,3.589287,0.751634,0.783802,0.691114,0.973469,0.899371,1.0,0.004662,4.796256,0.607485,3.348769,1.124533,,,0.175775,0.002211,35,onset + benchmark
35 / lvo / speed + benchmark,lvo,95.0,0.305,0.01,0.0,0.6,0.798246,0.95,0.945055,1.0,0.709302,4.545276,0.409514,2.70805,0.0,3.58214,0.569165,0.6,0.850877,0.95,0.979381,1.0,0.021053,4.613243,0.478299,2.70805,0.0,,,0.305,0.01,35,speed + benchmark
35 / nlvo / speed + benchmark,nlvo,449.0,0.108225,0.0,0.0,0.54343,0.508197,0.95,0.852814,1.0,0.483696,4.665511,0.527835,2.70805,0.0,3.593726,0.849649,0.54343,0.633197,0.95,0.858586,1.0,0.0,4.867195,0.625785,2.70805,0.0,,,0.108225,0.0,35,speed + benchmark
35 / other / speed + benchmark,other,90.0,0.0,0.0,,0.594444,0.728972,0.95,0.855263,1.0,0.0,4.677874,0.599052,2.70805,0.0,,,0.594444,0.785047,0.95,0.951807,1.0,0.0,4.746635,0.629325,2.70805,0.0,,,0.0,0.0,35,speed + benchmark
35 / mixed / speed + benchmark,mixed,634.0,0.124811,0.001539,0.0,0.559148,0.588152,0.95,0.874372,1.0,0.456897,4.641585,0.520334,2.70805,0.0,3.589287,0.751634,0.559148,0.691114,0.95,0.899371,1.0,0.004662,4.796256,0.607485,2.70805,0.0,,,0.124811,0.001539,35,speed + benchmark
35 / lvo / speed + onset,lvo,95.0,0.283198,0.013815,0.0,0.828872,0.798246,0.95,0.945055,1.0,0.476744,4.545276,0.409514,2.70805,0.0,3.58214,0.569165,0.828872,0.850877,0.95,0.979381,1.0,0.021053,4.613243,0.478299,2.70805,0.0,,,0.283198,0.013815,35,speed + onset
35 / nlvo / speed + onset,nlvo,449.0,0.105099,0.0,0.0,0.761925,0.508197,0.95,0.852814,1.0,0.335025,4.665511,0.527835,2.70805,0.0,3.593726,0.849649,0.761925,0.633197,0.95,0.858586,1.0,0.0,4.867195,0.625785,2.70805,0.0,,,0.105099,0.0,35,speed + onset
35 / other / speed + onset,other,90.0,0.0,0.0,,0.785804,0.728972,0.95,0.855263,1.0,0.0,4.677874,0.599052,2.70805,0.0,,,0.785804,0.785047,0.95,0.951807,1.0,0.0,4.746635,0.629325,2.70805,0.0,,,0.0,0.0,35,speed + onset
35 / mixed / speed + onset,mixed,634.0,0.117739,0.002158,0.0,0.783802,0.588152,0.95,0.874372,1.0,0.307471,4.641585,0.520334,2.70805,0.0,3.589287,0.751634,0.783802,0.691114,0.95,0.899371,1.0,0.004662,4.796256,0.607485,2.70805,0.0,,,0.117739,0.002158,35,speed + onset
35 / lvo / speed + onset + benchmark,lvo,95.0,0.421343,0.013815,0.0,0.828872,0.798246,0.95,0.945055,1.0,0.709302,4.545276,0.409514,2.70805,0.0,3.58214,0.569165,0.828872,0.850877,0.95,0.979381,1.0,0.021053,4.613243,0.478299,2.70805,0.0,,,0.421343,0.013815,35,speed + onset + benchmark
35 / nlvo / speed + onset + benchmark,nlvo,449.0,0.151738,0.0,0.0,0.761925,0.508197,0.95,0.852814,1.0,0.483696,4.665511,0.527835,2.70805,0.0,3.593726,0.849649,0.761925,0.633197,0.95,0.858586,1.0,0.0,4.867195,0.625785,2.70805,0.0,,,0.151738,0.0,35,speed + onset + benchmark
35 / other / speed + onset + benchmark,other,90.0,0.0,0.0,,0.785804,0.728972,0.95,0.855263,1.0,0.0,4.677874,0.599052,2.70805,0.0,,,0.785804,0.785047,0.95,0.951807,1.0,0.0,4.746635,0.629325,2.70805,0.0,,,0.0,0.0,35,speed + onset + benchmark
35 / mixed / speed + onset + benchmark,mixed,634.0,0.174958,0.002158,0.0,0.783802,0.588152,0.95,0.874372,1.0,0.456897,4.641585,0.520334,2.70805,0.0,3.589287,0.751634,0.783802,0.691114,0.95,0.899371,1.0,0.004662,4.796256,0.607485,2.70805,0.0,,,0.174958,0.002158,35,speed + onset + benchmark
36 / lvo / base,lvo,118.5,0.21097,0.037975,0.777778,0.810127,0.65625,0.992063,0.96,1.0,0.408333,4.564741,0.514968,3.234845,0.620987,3.440529,0.385332,0.810127,0.739583,0.985915,0.971429,1.0,0.066176,4.692359,0.604516,3.267329,0.645946,,,0.206751,0.037974,36,base
36 / nlvo / base,nlvo,364.5,0.080933,0.004115,0.666667,0.720165,0.409524,0.95814,0.854369,1.0,0.329545,4.604563,0.533792,3.557212,0.783886,3.47262,0.456653,0.720165,0.502857,0.981061,0.895753,1.0,0.012931,4.800892,0.635591,3.653536,0.852444,,,0.079561,0.004115,36,base
36 / other / base,other,97.0,0.0,0.0,,0.768041,0.590604,0.965909,0.905882,1.0,0.0,4.585587,0.619937,3.363696,0.778521,,,0.768041,0.677852,0.980198,0.929293,1.0,0.0,4.727634,0.688565,3.398762,0.802287,,,0.0,0.0,36,base
36 / mixed / base,mixed,580.0,0.093966,0.010345,0.75,0.746552,0.495381,0.969697,0.896635,1.0,0.286863,4.588975,0.546202,3.420806,0.749506,3.457924,0.423828,0.746552,0.58545,0.982249,0.923695,1.0,0.026087,4.7559,0.638633,3.494316,0.80646,5.309581,0.214383,0.092241,0.010345,36,base
36 / lvo / benchmark,lvo,118.5,0.329114,0.037974,0.777778,0.810127,0.65625,0.992063,0.96,1.0,0.65,4.564741,0.514968,3.234845,0.620987,3.440529,0.385332,0.810127,0.739583,0.985915,0.971429,1.0,0.066176,4.692359,0.604516,3.267329,0.645946,,,0.329114,0.037974,36,benchmark
36 / nlvo / benchmark,nlvo,364.5,0.091271,0.004115,0.666667,0.720165,0.409524,0.95814,0.854369,1.0,0.378049,4.604563,0.533792,3.557212,0.783886,3.47262,0.456653,0.720165,0.502857,0.981061,0.895753,1.0,0.012931,4.800892,0.635591,3.653536,0.852444,,,0.091271,0.004115,36,benchmark
36 / other / benchmark,other,97.0,0.0,0.0,,0.768041,0.590604,0.965909,0.905882,1.0,0.0,4.585587,0.619937,3.363696,0.778521,,,0.768041,0.677852,0.980198,0.929293,1.0,0.0,4.727634,0.688565,3.398762,0.802287,,,0.0,0.0,36,benchmark
36 / mixed / benchmark,mixed,580.0,0.126724,0.010345,0.75,0.746552,0.495381,0.969697,0.896635,1.0,0.394102,4.588975,0.546202,3.420806,0.749506,3.457924,0.423828,0.746552,0.58545,0.982249,0.923695,1.0,0.026087,4.7559,0.638633,3.494316,0.80646,5.309581,0.214383,0.126724,0.010345,36,benchmark
36 / lvo / onset,lvo,118.5,0.211535,0.038853,0.777778,0.828872,0.65625,0.992063,0.96,1.0,0.408333,4.564741,0.514968,3.234845,0.620987,3.440529,0.385332,0.828872,0.739583,0.985915,0.971429,1.0,0.066176,4.692359,0.604516,3.267329,0.645946,,,0.211535,0.038853,36,onset
36 / nlvo / onset,nlvo,364.5,0.084175,0.004354,0.666667,0.761925,0.409524,0.95814,0.854369,1.0,0.329545,4.604563,0.533792,3.557212,0.783886,3.47262,0.456653,0.761925,0.502857,0.981061,0.895753,1.0,0.012931,4.800892,0.635591,3.653536,0.852444,,,0.084175,0.004354,36,onset
36 / other / onset,other,97.0,0.0,0.0,,0.785804,0.590604,0.965909,0.905882,1.0,0.0,4.585587,0.619937,3.363696,0.778521,,,0.785804,0.677852,0.980198,0.929293,1.0,0.0,4.727634,0.688565,3.398762,0.802287,,,0.0,0.0,36,onset
36 / mixed / onset,mixed,580.0,0.096844,0.010861,0.75,0.783802,0.495381,0.969697,0.896635,1.0,0.286863,4.588975,0.546202,3.420806,0.749506,3.457924,0.423828,0.783802,0.58545,0.982249,0.923695,1.0,0.026087,4.7559,0.638633,3.494316,0.80646,5.309581,0.214383,0.096844,0.010861,36,onset
36 / lvo / speed,lvo,118.5,0.197985,0.036591,0.777778,0.810127,0.65625,0.95,0.96,1.0,0.408333,4.564741,0.514968,2.70805,0.0,3.440529,0.385332,0.810127,0.739583,0.95,0.971429,1.0,0.066176,4.692359,0.604516,2.70805,0.0,,,0.197985,0.036591,36,speed
36 / nlvo / speed,nlvo,364.5,0.078885,0.003985,0.666667,0.720165,0.409524,0.95,0.854369,1.0,0.329545,4.604563,0.533792,2.70805,0.0,3.47262,0.456653,0.720165,0.502857,0.95,0.895753,1.0,0.012931,4.800892,0.635591,2.70805,0.0,,,0.078885,0.003985,36,speed
36 / other / speed,other,97.0,0.0,0.0,,0.768041,0.590604,0.95,0.905882,1.0,0.0,4.585587,0.619937,2.70805,0.0,,,0.768041,0.677852,0.95,0.929293,1.0,0.0,4.727634,0.688565,2.70805,0.0,,,0.0,0.0,36,speed
36 / mixed / speed,mixed,580.0,0.090368,0.010005,0.75,0.746552,0.495381,0.95,0.896635,1.0,0.286863,4.588975,0.546202,2.70805,0.0,3.457924,0.423828,0.746552,0.58545,0.95,0.923695,1.0,0.026087,4.7559,0.638633,2.70805,0.0,5.309581,0.214383,0.090368,0.010005,36,speed
36 / lvo / onset + benchmark,lvo,118.5,0.336729,0.038853,0.777778,0.828872,0.65625,0.992063,0.96,1.0,0.65,4.564741,0.514968,3.234845,0.620987,3.440529,0.385332,0.828872,0.739583,0.985915,0.971429,1.0,0.066176,4.692359,0.604516,3.267329,0.645946,,,0.336729,0.038853,36,onset + benchmark
36 / nlvo / onset + benchmark,nlvo,364.5,0.096564,0.004354,0.666667,0.761925,0.409524,0.95814,0.854369,1.0,0.378049,4.604563,0.533792,3.557212,0.783886,3.47262,0.456653,0.761925,0.502857,0.981061,0.895753,1.0,0.012931,4.800892,0.635591,3.653536,0.852444,,,0.096564,0.004354,36,onset + benchmark
36 / other / onset + benchmark,other,97.0,0.0,0.0,,0.785804,0.590604,0.965909,0.905882,1.0,0.0,4.585587,0.619937,3.363696,0.778521,,,0.785804,0.677852,0.980198,0.929293,1.0,0.0,4.727634,0.688565,3.398762,0.802287,,,0.0,0.0,36,onset + benchmark
36 / mixed / onset + benchmark,mixed,580.0,0.133047,0.010861,0.75,0.783802,0.495381,0.969697,0.896635,1.0,0.394102,4.588975,0.546202,3.420806,0.749506,3.457924,0.423828,0.783802,0.58545,0.982249,0.923695,1.0,0.026087,4.7559,0.638633,3.494316,0.80646,5.309581,0.214383,0.133047,0.010861,36,onset + benchmark
36 / lvo / speed + benchmark,lvo,118.5,0.31516,0.036591,0.777778,0.810127,0.65625,0.95,0.96,1.0,0.65,4.564741,0.514968,2.70805,0.0,3.440529,0.385332,0.810127,0.739583,0.95,0.971429,1.0,0.066176,4.692359,0.604516,2.70805,0.0,,,0.31516,0.036591,36,speed + benchmark
36 / nlvo / speed + benchmark,nlvo,364.5,0.090496,0.003985,0.666667,0.720165,0.409524,0.95,0.854369,1.0,0.378049,4.604563,0.533792,2.70805,0.0,3.47262,0.456653,0.720165,0.502857,0.95,0.895753,1.0,0.012931,4.800892,0.635591,2.70805,0.0,,,0.090496,0.003985,36,speed + benchmark
36 / other / speed + benchmark,other,97.0,0.0,0.0,,0.768041,0.590604,0.95,0.905882,1.0,0.0,4.585587,0.619937,2.70805,0.0,,,0.768041,0.677852,0.95,0.929293,1.0,0.0,4.727634,0.688565,2.70805,0.0,,,0.0,0.0,36,speed + benchmark
36 / mixed / speed + benchmark,mixed,580.0,0.12415,0.010005,0.75,0.746552,0.495381,0.95,0.896635,1.0,0.394102,4.588975,0.546202,2.70805,0.0,3.457924,0.423828,0.746552,0.58545,0.95,0.923695,1.0,0.026087,4.7559,0.638633,2.70805,0.0,5.309581,0.214383,0.12415,0.010005,36,speed + benchmark
36 / lvo / speed + onset,lvo,118.5,0.202566,0.037438,0.777778,0.828872,0.65625,0.95,0.96,1.0,0.408333,4.564741,0.514968,2.70805,0.0,3.440529,0.385332,0.828872,0.739583,0.95,0.971429,1.0,0.066176,4.692359,0.604516,2.70805,0.0,,,0.202566,0.037438,36,speed + onset
36 / nlvo / speed + onset,nlvo,364.5,0.083459,0.004216,0.666667,0.761925,0.409524,0.95,0.854369,1.0,0.329545,4.604563,0.533792,2.70805,0.0,3.47262,0.456653,0.761925,0.502857,0.95,0.895753,1.0,0.012931,4.800892,0.635591,2.70805,0.0,,,0.083459,0.004216,36,speed + onset
36 / other / speed + onset,other,97.0,0.0,0.0,,0.785804,0.590604,0.95,0.905882,1.0,0.0,4.585587,0.619937,2.70805,0.0,,,0.785804,0.677852,0.95,0.929293,1.0,0.0,4.727634,0.688565,2.70805,0.0,,,0.0,0.0,36,speed + onset
36 / mixed / speed + onset,mixed,580.0,0.094877,0.010504,0.75,0.783802,0.495381,0.95,0.896635,1.0,0.286863,4.588975,0.546202,2.70805,0.0,3.457924,0.423828,0.783802,0.58545,0.95,0.923695,1.0,0.026087,4.7559,0.638633,2.70805,0.0,5.309581,0.214383,0.094877,0.010504,36,speed + onset
36 / lvo / speed + onset + benchmark,lvo,118.5,0.322452,0.037438,0.777778,0.828872,0.65625,0.95,0.96,1.0,0.65,4.564741,0.514968,2.70805,0.0,3.440529,0.385332,0.828872,0.739583,0.95,0.971429,1.0,0.066176,4.692359,0.604516,2.70805,0.0,,,0.322452,0.037438,36,speed + onset + benchmark
36 / nlvo / speed + onset + benchmark,nlvo,364.5,0.095743,0.004216,0.666667,0.761925,0.409524,0.95,0.854369,1.0,0.378049,4.604563,0.533792,2.70805,0.0,3.47262,0.456653,0.761925,0.502857,0.95,0.895753,1.0,0.012931,4.800892,0.635591,2.70805,0.0,,,0.095743,0.004216,36,speed + onset + benchmark
36 / other / speed + onset + benchmark,other,97.0,0.0,0.0,,0.785804,0.590604,0.95,0.905882,1.0,0.0,4.585587,0.619937,2.70805,0.0,,,0.785804,0.677852,0.95,0.929293,1.0,0.0,4.727634,0.688565,2.70805,0.0,,,0.0,0.0,36,speed + onset + benchmark
36 / mixed / speed + onset + benchmark,mixed,580.0,0.130345,0.010504,0.75,0.783802,0.495381,0.95,0.896635,1.0,0.394102,4.588975,0.546202,2.70805,0.0,3.457924,0.423828,0.783802,0.58545,0.95,0.923695,1.0,0.026087,4.7559,0.638633,2.70805,0.0,5.309581,0.214383,0.130345,0.010504,36,speed + onset + benchmark
37 / lvo / base,lvo,82.5,0.430303,0.127273,0.714286,0.757576,0.816,1.0,0.95098,1.0,0.659794,4.463835,0.493779,3.590304,0.566537,2.648476,1.222187,0.757576,0.848,1.0,0.971698,1.0,0.194175,4.509052,0.536235,3.634015,0.602111,5.151112,0.198988,0.387879,0.121212,37,base
37 / nlvo / base,nlvo,268.0,0.139925,0.003731,1.0,0.735075,0.527919,0.966346,0.865672,1.0,0.390805,4.638265,0.591854,3.7497,0.700625,2.690579,1.256099,0.735075,0.639594,0.968254,0.885246,1.0,0.009259,4.821257,0.670526,3.867846,0.785649,,,0.126866,0.003731,37,base
37 / other / base,other,52.5,0.0,0.0,,0.72381,0.710526,0.981481,0.849057,1.0,0.0,4.554176,0.428801,3.82632,0.691255,,,0.72381,0.763158,1.0,0.931034,1.0,0.0,4.630654,0.50224,3.891749,0.733944,,,0.0,0.0,37,base
37 / mixed / base,mixed,403.0,0.181141,0.028536,0.73913,0.738213,0.611765,0.978022,0.88764,1.0,0.417722,4.576912,0.547964,3.715437,0.666977,2.670165,1.23522,0.738213,0.69916,0.980769,0.914216,1.0,0.058981,4.71513,0.630882,3.810494,0.740622,5.165652,0.197281,0.163772,0.027295,37,base
37 / lvo / benchmark,lvo,82.5,0.321212,0.121212,0.714286,0.757576,0.816,1.0,0.95098,1.0,0.546392,4.463835,0.493779,3.590304,0.566537,2.648476,1.222187,0.757576,0.848,1.0,0.971698,1.0,0.194175,4.509052,0.536235,3.634015,0.602111,5.151112,0.198988,0.321212,0.121212,37,benchmark
37 / nlvo / benchmark,nlvo,268.0,0.119706,0.003731,1.0,0.735075,0.527919,0.966346,0.865672,1.0,0.36875,4.638265,0.591854,3.7497,0.700625,2.690579,1.256099,0.735075,0.639594,0.968254,0.885246,1.0,0.009259,4.821257,0.670526,3.867846,0.785649,,,0.119706,0.003731,37,benchmark
37 / other / benchmark,other,52.5,0.0,0.0,,0.72381,0.710526,0.981481,0.849057,1.0,0.0,4.554176,0.428801,3.82632,0.691255,,,0.72381,0.763158,1.0,0.931034,1.0,0.0,4.630654,0.50224,3.891749,0.733944,,,0.0,0.0,37,benchmark
37 / mixed / benchmark,mixed,403.0,0.152605,0.027295,0.73913,0.738213,0.611765,0.978022,0.88764,1.0,0.389241,4.576912,0.547964,3.715437,0.666977,2.670165,1.23522,0.738213,0.69916,0.980769,0.914216,1.0,0.058981,4.71513,0.630882,3.810494,0.740622,5.165652,0.197281,0.152605,0.027295,37,benchmark
37 / lvo / onset,lvo,82.5,0.424382,0.13262,0.714286,0.828872,0.816,1.0,0.95098,1.0,0.659794,4.463835,0.493779,3.590304,0.566537,2.648476,1.222187,0.828872,0.848,1.0,0.971698,1.0,0.194175,4.509052,0.536235,3.634015,0.602111,5.151112,0.198988,0.424382,0.13262,37,onset
37 / nlvo / onset,nlvo,268.0,0.1315,0.003868,1.0,0.761925,0.527919,0.966346,0.865672,1.0,0.390805,4.638265,0.591854,3.7497,0.700625,2.690579,1.256099,0.761925,0.639594,0.968254,0.885246,1.0,0.009259,4.821257,0.670526,3.867846,0.785649,,,0.1315,0.003868,37,onset
37 / other / onset,other,52.5,0.0,0.0,,0.785804,0.710526,0.981481,0.849057,1.0,0.0,4.554176,0.428801,3.82632,0.691255,,,0.785804,0.763158,1.0,0.931034,1.0,0.0,4.630654,0.50224,3.891749,0.733944,,,0.0,0.0,37,onset
37 / mixed / onset,mixed,403.0,0.173886,0.028981,0.73913,0.783802,0.611765,0.978022,0.88764,1.0,0.417722,4.576912,0.547964,3.715437,0.666977,2.670165,1.23522,0.783802,0.69916,0.980769,0.914216,1.0,0.058981,4.71513,0.630882,3.810494,0.740622,5.165652,0.197281,0.173886,0.028981,37,onset
37 / lvo / speed,lvo,82.5,0.368485,0.115152,0.714286,0.757576,0.816,0.95,0.95098,1.0,0.659794,4.463835,0.493779,2.70805,0.0,2.648476,1.222187,0.757576,0.848,0.95,0.971698,1.0,0.194175,4.509052,0.536235,2.70805,0.0,5.151112,0.198988,0.368485,0.115152,37,speed
37 / nlvo / speed,nlvo,268.0,0.12472,0.003661,1.0,0.735075,0.527919,0.95,0.865672,1.0,0.390805,4.638265,0.591854,2.70805,0.0,2.690579,1.256099,0.735075,0.639594,0.95,0.885246,1.0,0.009259,4.821257,0.670526,2.70805,0.0,,,0.12472,0.003661,37,speed
37 / other / speed,other,52.5,0.0,0.0,,0.72381,0.710526,0.95,0.849057,1.0,0.0,4.554176,0.428801,2.70805,0.0,,,0.72381,0.763158,0.95,0.931034,1.0,0.0,4.630654,0.50224,2.70805,0.0,,,0.0,0.0,37,speed
37 / mixed / speed,mixed,403.0,0.159079,0.026439,0.73913,0.738213,0.611765,0.95,0.88764,1.0,0.417722,4.576912,0.547964,2.70805,0.0,2.670165,1.23522,0.738213,0.69916,0.95,0.914216,1.0,0.058981,4.71513,0.630882,2.70805,0.0,5.165652,0.197281,0.159079,0.026439,37,speed
37 / lvo / onset + benchmark,lvo,82.5,0.351442,0.13262,0.714286,0.828872,0.816,1.0,0.95098,1.0,0.546392,4.463835,0.493779,3.590304,0.566537,2.648476,1.222187,0.828872,0.848,1.0,0.971698,1.0,0.194175,4.509052,0.536235,3.634015,0.602111,5.151112,0.198988,0.351442,0.13262,37,onset + benchmark
37 / nlvo / onset + benchmark,nlvo,268.0,0.124079,0.003868,1.0,0.761925,0.527919,0.966346,0.865672,1.0,0.36875,4.638265,0.591854,3.7497,0.700625,2.690579,1.256099,0.761925,0.639594,0.968254,0.885246,1.0,0.009259,4.821257,0.670526,3.867846,0.785649,,,0.124079,0.003868,37,onset + benchmark
37 / other / onset + benchmark,other,52.5,0.0,0.0,,0.785804,0.710526,0.981481,0.849057,1.0,0.0,4.554176,0.428801,3.82632,0.691255,,,0.785804,0.763158,1.0,0.931034,1.0,0.0,4.630654,0.50224,3.891749,0.733944,,,0.0,0.0,37,onset + benchmark
37 / mixed / onset + benchmark,mixed,403.0,0.16203,0.028981,0.73913,0.783802,0.611765,0.978022,0.88764,1.0,0.389241,4.576912,0.547964,3.715437,0.666977,2.670165,1.23522,0.783802,0.69916,0.980769,0.914216,1.0,0.058981,4.71513,0.630882,3.810494,0.740622,5.165652,0.197281,0.16203,0.028981,37,onset + benchmark
37 / lvo / speed + benchmark,lvo,82.5,0.305151,0.115152,0.714286,0.757576,0.816,0.95,0.95098,1.0,0.546392,4.463835,0.493779,2.70805,0.0,2.648476,1.222187,0.757576,0.848,0.95,0.971698,1.0,0.194175,4.509052,0.536235,2.70805,0.0,5.151112,0.198988,0.305151,0.115152,37,speed + benchmark
37 / nlvo / speed + benchmark,nlvo,268.0,0.117681,0.003661,1.0,0.735075,0.527919,0.95,0.865672,1.0,0.36875,4.638265,0.591854,2.70805,0.0,2.690579,1.256099,0.735075,0.639594,0.95,0.885246,1.0,0.009259,4.821257,0.670526,2.70805,0.0,,,0.117681,0.003661,37,speed + benchmark
37 / other / speed + benchmark,other,52.5,0.0,0.0,,0.72381,0.710526,0.95,0.849057,1.0,0.0,4.554176,0.428801,2.70805,0.0,,,0.72381,0.763158,0.95,0.931034,1.0,0.0,4.630654,0.50224,2.70805,0.0,,,0.0,0.0,37,speed + benchmark
37 / mixed / speed + benchmark,mixed,403.0,0.148233,0.026439,0.73913,0.738213,0.611765,0.95,0.88764,1.0,0.389241,4.576912,0.547964,2.70805,0.0,2.670165,1.23522,0.738213,0.69916,0.95,0.914216,1.0,0.058981,4.71513,0.630882,2.70805,0.0,5.165652,0.197281,0.148233,0.026439,37,speed + benchmark
37 / lvo / speed + onset,lvo,82.5,0.403163,0.125989,0.714286,0.828872,0.816,0.95,0.95098,1.0,0.659794,4.463835,0.493779,2.70805,0.0,2.648476,1.222187,0.828872,0.848,0.95,0.971698,1.0,0.194175,4.509052,0.536235,2.70805,0.0,5.151112,0.198988,0.403163,0.125989,37,speed + onset
37 / nlvo / speed + onset,nlvo,268.0,0.129276,0.003795,1.0,0.761925,0.527919,0.95,0.865672,1.0,0.390805,4.638265,0.591854,2.70805,0.0,2.690579,1.256099,0.761925,0.639594,0.95,0.885246,1.0,0.009259,4.821257,0.670526,2.70805,0.0,,,0.129276,0.003795,37,speed + onset
37 / other / speed + onset,other,52.5,0.0,0.0,,0.785804,0.710526,0.95,0.849057,1.0,0.0,4.554176,0.428801,2.70805,0.0,,,0.785804,0.763158,0.95,0.931034,1.0,0.0,4.630654,0.50224,2.70805,0.0,,,0.0,0.0,37,speed + onset
37 / mixed / speed + onset,mixed,403.0,0.168903,0.028072,0.73913,0.783802,0.611765,0.95,0.88764,1.0,0.417722,4.576912,0.547964,2.70805,0.0,2.670165,1.23522,0.783802,0.69916,0.95,0.914216,1.0,0.058981,4.71513,0.630882,2.70805,0.0,5.165652,0.197281,0.168903,0.028072,37,speed + onset
37 / lvo / speed + onset + benchmark,lvo,82.5,0.33387,0.125989,0.714286,0.828872,0.816,0.95,0.95098,1.0,0.546392,4.463835,0.493779,2.70805,0.0,2.648476,1.222187,0.828872,0.848,0.95,0.971698,1.0,0.194175,4.509052,0.536235,2.70805,0.0,5.151112,0.198988,0.33387,0.125989,37,speed + onset + benchmark
37 / nlvo / speed + onset + benchmark,nlvo,268.0,0.12198,0.003795,1.0,0.761925,0.527919,0.95,0.865672,1.0,0.36875,4.638265,0.591854,2.70805,0.0,2.690579,1.256099,0.761925,0.639594,0.95,0.885246,1.0,0.009259,4.821257,0.670526,2.70805,0.0,,,0.12198,0.003795,37,speed + onset + benchmark
37 / other / speed + onset + benchmark,other,52.5,0.0,0.0,,0.785804,0.710526,0.95,0.849057,1.0,0.0,4.554176,0.428801,2.70805,0.0,,,0.785804,0.763158,0.95,0.931034,1.0,0.0,4.630654,0.50224,2.70805,0.0,,,0.0,0.0,37,speed + onset + benchmark
37 / mixed / speed + onset + benchmark,mixed,403.0,0.157387,0.028072,0.73913,0.783802,0.611765,0.95,0.88764,1.0,0.389241,4.576912,0.547964,2.70805,0.0,2.670165,1.23522,0.783802,0.69916,0.95,0.914216,1.0,0.058981,4.71513,0.630882,2.70805,0.0,5.165652,0.197281,0.157387,0.028072,37,speed + onset + benchmark
38 / lvo / base,lvo,72.0,0.291667,0.034722,1.0,0.958333,0.557971,1.0,0.974026,1.0,0.533333,4.516383,0.536215,2.942412,0.902677,3.392867,1.005266,0.958333,0.637681,0.988636,0.977011,1.0,0.058824,4.659711,0.63052,3.018375,0.901239,,,0.277778,0.034722,38,base
38 / nlvo / base,nlvo,288.5,0.126516,0.0,,0.942808,0.371324,0.905941,0.852459,1.0,0.448718,4.758111,0.503975,3.274581,0.983282,3.521537,0.644611,0.942808,0.472426,0.945525,0.847737,1.0,0.0,4.959268,0.593274,3.536886,1.118193,,,0.121317,0.0,38,base
38 / other / base,other,45.0,0.0,0.0,,0.977778,0.613636,0.981481,0.924528,1.0,0.0,4.736261,0.412777,3.044868,0.90706,,,0.977778,0.681818,0.983333,0.949153,1.0,0.0,4.83707,0.497586,3.16284,0.966458,,,0.0,0.0,38,base
38 / mixed / base,mixed,405.5,0.1418,0.006165,1.0,0.949445,0.432468,0.93994,0.894569,1.0,0.392857,4.698672,0.50683,3.153968,0.959792,3.474748,0.792767,0.949445,0.525974,0.960494,0.892031,1.0,0.014409,4.876075,0.599691,3.364189,1.072928,,,0.135635,0.006165,38,base
38 / lvo / benchmark,lvo,72.0,0.340278,0.034722,1.0,0.958333,0.557971,1.0,0.974026,1.0,0.653333,4.516383,0.536215,2.942412,0.902677,3.392867,1.005266,0.958333,0.637681,0.988636,0.977011,1.0,0.058824,4.659711,0.63052,3.018375,0.901239,,,0.340278,0.034722,38,benchmark
38 / nlvo / benchmark,nlvo,288.5,0.126906,0.0,,0.942808,0.371324,0.905941,0.852459,1.0,0.469388,4.758111,0.503975,3.274581,0.983282,3.521537,0.644611,0.942808,0.472426,0.945525,0.847737,1.0,0.0,4.959268,0.593274,3.536886,1.118193,,,0.126906,0.0,38,benchmark
38 / other / benchmark,other,45.0,0.0,0.0,,0.977778,0.613636,0.981481,0.924528,1.0,0.0,4.736261,0.412777,3.044868,0.90706,,,0.977778,0.681818,0.983333,0.949153,1.0,0.0,4.83707,0.497586,3.16284,0.966458,,,0.0,0.0,38,benchmark
38 / mixed / benchmark,mixed,405.5,0.155364,0.006165,1.0,0.949445,0.432468,0.93994,0.894569,1.0,0.45,4.698672,0.50683,3.153968,0.959792,3.474748,0.792767,0.949445,0.525974,0.960494,0.892031,1.0,0.014409,4.876075,0.599691,3.364189,1.072928,,,0.155364,0.006165,38,benchmark
38 / lvo / onset,lvo,72.0,0.277778,0.034722,1.0,0.958333,0.557971,1.0,0.974026,1.0,0.533333,4.516383,0.536215,2.942412,0.902677,3.392867,1.005266,0.958333,0.637681,0.988636,0.977011,1.0,0.058824,4.659711,0.63052,3.018375,0.901239,,,0.277778,0.034722,38,onset
38 / nlvo / onset,nlvo,288.5,0.121317,0.0,,0.942808,0.371324,0.905941,0.852459,1.0,0.448718,4.758111,0.503975,3.274581,0.983282,3.521537,0.644611,0.942808,0.472426,0.945525,0.847737,1.0,0.0,4.959268,0.593274,3.536886,1.118193,,,0.121317,0.0,38,onset
38 / other / onset,other,45.0,0.0,0.0,,0.977778,0.613636,0.981481,0.924528,1.0,0.0,4.736261,0.412777,3.044868,0.90706,,,0.977778,0.681818,0.983333,0.949153,1.0,0.0,4.83707,0.497586,3.16284,0.966458,,,0.0,0.0,38,onset
38 / mixed / onset,mixed,405.5,0.135635,0.006165,1.0,0.949445,0.432468,0.93994,0.894569,1.0,0.392857,4.698672,0.50683,3.153968,0.959792,3.474748,0.792767,0.949445,0.525974,0.960494,0.892031,1.0,0.014409,4.876075,0.599691,3.364189,1.072928,,,0.135635,0.006165,38,onset
38 / lvo / speed,lvo,72.0,0.263889,0.033365,1.0,0.958333,0.557971,0.95,0.974026,1.0,0.533333,4.516383,0.536215,2.70805,0.0,3.392867,1.005266,0.958333,0.637681,0.95,0.977011,1.0,0.058824,4.659711,0.63052,2.70805,0.0,,,0.263889,0.033365,38,speed
38 / nlvo / speed,nlvo,288.5,0.127218,0.0,,0.942808,0.371324,0.95,0.852459,1.0,0.448718,4.758111,0.503975,2.70805,0.0,3.521537,0.644611,0.942808,0.472426,0.95,0.847737,1.0,0.0,4.959268,0.593274,2.70805,0.0,,,0.127218,0.0,38,speed
38 / other / speed,other,45.0,0.0,0.0,,0.977778,0.613636,0.95,0.924528,1.0,0.0,4.736261,0.412777,2.70805,0.0,,,0.977778,0.681818,0.95,0.949153,1.0,0.0,4.83707,0.497586,2.70805,0.0,,,0.0,0.0,38,speed
38 / mixed / speed,mixed,405.5,0.137087,0.006098,1.0,0.949445,0.432468,0.95,0.894569,1.0,0.392857,4.698672,0.50683,2.70805,0.0,3.474748,0.792767,0.949445,0.525974,0.95,0.892031,1.0,0.014409,4.876075,0.599691,2.70805,0.0,,,0.137087,0.006098,38,speed
38 / lvo / onset + benchmark,lvo,72.0,0.340278,0.034722,1.0,0.958333,0.557971,1.0,0.974026,1.0,0.653333,4.516383,0.536215,2.942412,0.902677,3.392867,1.005266,0.958333,0.637681,0.988636,0.977011,1.0,0.058824,4.659711,0.63052,3.018375,0.901239,,,0.340278,0.034722,38,onset + benchmark
38 / nlvo / onset + benchmark,nlvo,288.5,0.126906,0.0,,0.942808,0.371324,0.905941,0.852459,1.0,0.469388,4.758111,0.503975,3.274581,0.983282,3.521537,0.644611,0.942808,0.472426,0.945525,0.847737,1.0,0.0,4.959268,0.593274,3.536886,1.118193,,,0.126906,0.0,38,onset + benchmark
38 / other / onset + benchmark,other,45.0,0.0,0.0,,0.977778,0.613636,0.981481,0.924528,1.0,0.0,4.736261,0.412777,3.044868,0.90706,,,0.977778,0.681818,0.983333,0.949153,1.0,0.0,4.83707,0.497586,3.16284,0.966458,,,0.0,0.0,38,onset + benchmark
38 / mixed / onset + benchmark,mixed,405.5,0.155364,0.006165,1.0,0.949445,0.432468,0.93994,0.894569,1.0,0.45,4.698672,0.50683,3.153968,0.959792,3.474748,0.792767,0.949445,0.525974,0.960494,0.892031,1.0,0.014409,4.876075,0.599691,3.364189,1.072928,,,0.155364,0.006165,38,onset + benchmark
38 / lvo / speed + benchmark,lvo,72.0,0.323264,0.033365,1.0,0.958333,0.557971,0.95,0.974026,1.0,0.653333,4.516383,0.536215,2.70805,0.0,3.392867,1.005266,0.958333,0.637681,0.95,0.977011,1.0,0.058824,4.659711,0.63052,2.70805,0.0,,,0.323264,0.033365,38,speed + benchmark
38 / nlvo / speed + benchmark,nlvo,288.5,0.133078,0.0,,0.942808,0.371324,0.95,0.852459,1.0,0.469388,4.758111,0.503975,2.70805,0.0,3.521537,0.644611,0.942808,0.472426,0.95,0.847737,1.0,0.0,4.959268,0.593274,2.70805,0.0,,,0.133078,0.0,38,speed + benchmark
38 / other / speed + benchmark,other,45.0,0.0,0.0,,0.977778,0.613636,0.95,0.924528,1.0,0.0,4.736261,0.412777,2.70805,0.0,,,0.977778,0.681818,0.95,0.949153,1.0,0.0,4.83707,0.497586,2.70805,0.0,,,0.0,0.0,38,speed + benchmark
38 / mixed / speed + benchmark,mixed,405.5,0.157027,0.006098,1.0,0.949445,0.432468,0.95,0.894569,1.0,0.45,4.698672,0.50683,2.70805,0.0,3.474748,0.792767,0.949445,0.525974,0.95,0.892031,1.0,0.014409,4.876075,0.599691,2.70805,0.0,,,0.157027,0.006098,38,speed + benchmark
38 / lvo / speed + onset,lvo,72.0,0.263889,0.033365,1.0,0.958333,0.557971,0.95,0.974026,1.0,0.533333,4.516383,0.536215,2.70805,0.0,3.392867,1.005266,0.958333,0.637681,0.95,0.977011,1.0,0.058824,4.659711,0.63052,2.70805,0.0,,,0.263889,0.033365,38,speed + onset
38 / nlvo / speed + onset,nlvo,288.5,0.127218,0.0,,0.942808,0.371324,0.95,0.852459,1.0,0.448718,4.758111,0.503975,2.70805,0.0,3.521537,0.644611,0.942808,0.472426,0.95,0.847737,1.0,0.0,4.959268,0.593274,2.70805,0.0,,,0.127218,0.0,38,speed + onset
38 / other / speed + onset,other,45.0,0.0,0.0,,0.977778,0.613636,0.95,0.924528,1.0,0.0,4.736261,0.412777,2.70805,0.0,,,0.977778,0.681818,0.95,0.949153,1.0,0.0,4.83707,0.497586,2.70805,0.0,,,0.0,0.0,38,speed + onset
38 / mixed / speed + onset,mixed,405.5,0.137087,0.006098,1.0,0.949445,0.432468,0.95,0.894569,1.0,0.392857,4.698672,0.50683,2.70805,0.0,3.474748,0.792767,0.949445,0.525974,0.95,0.892031,1.0,0.014409,4.876075,0.599691,2.70805,0.0,,,0.137087,0.006098,38,speed + onset
38 / lvo / speed + onset + benchmark,lvo,72.0,0.323264,0.033365,1.0,0.958333,0.557971,0.95,0.974026,1.0,0.653333,4.516383,0.536215,2.70805,0.0,3.392867,1.005266,0.958333,0.637681,0.95,0.977011,1.0,0.058824,4.659711,0.63052,2.70805,0.0,,,0.323264,0.033365,38,speed + onset + benchmark
38 / nlvo / speed + onset + benchmark,nlvo,288.5,0.133078,0.0,,0.942808,0.371324,0.95,0.852459,1.0,0.469388,4.758111,0.503975,2.70805,0.0,3.521537,0.644611,0.942808,0.472426,0.95,0.847737,1.0,0.0,4.959268,0.593274,2.70805,0.0,,,0.133078,0.0,38,speed + onset + benchmark
38 / other / speed + onset + benchmark,other,45.0,0.0,0.0,,0.977778,0.613636,0.95,0.924528,1.0,0.0,4.736261,0.412777,2.70805,0.0,,,0.977778,0.681818,0.95,0.949153,1.0,0.0,4.83707,0.497586,2.70805,0.0,,,0.0,0.0,38,speed + onset + benchmark
38 / mixed / speed + onset + benchmark,mixed,405.5,0.157027,0.006098,1.0,0.949445,0.432468,0.95,0.894569,1.0,0.45,4.698672,0.50683,2.70805,0.0,3.474748,0.792767,0.949445,0.525974,0.95,0.892031,1.0,0.014409,4.876075,0.599691,2.70805,0.0,,,0.157027,0.006098,38,speed + onset + benchmark
39 / lvo / base,lvo,39.5,0.341772,0.063291,0.4,0.78481,0.741935,1.0,0.913043,1.0,0.642857,4.606194,0.477927,3.045503,0.681728,3.72454,0.836763,0.78481,0.822581,1.0,0.980392,1.0,0.06,4.708349,0.552803,3.037665,0.676018,,,0.341772,0.037975,39,base
39 / nlvo / base,nlvo,233.5,0.126338,0.004283,0.5,0.646681,0.559603,0.982249,0.879518,1.0,0.40411,4.709883,0.563739,3.199627,0.861165,3.5866,0.814954,0.646681,0.675497,0.985294,0.885572,1.0,0.011236,4.878712,0.635395,3.294153,0.911365,,,0.126339,0.004283,39,base
39 / other / base,other,41.5,0.0,0.0,,0.73494,0.704918,0.953488,0.878049,1.0,0.0,4.537599,0.846135,3.305413,0.775696,,,0.73494,0.786885,0.979167,0.914894,1.0,0.0,4.660319,0.879148,3.406942,0.833885,,,0.0,0.0,39,base
39 / mixed / base,mixed,314.5,0.136725,0.011129,0.428571,0.675676,0.607059,0.98062,0.885375,1.0,0.383929,4.662682,0.607781,3.188747,0.818604,3.629907,0.819452,0.675676,0.712941,0.986799,0.906355,1.0,0.01845,4.81544,0.67136,3.268133,0.868356,,,0.136725,0.007949,39,base
39 / lvo / benchmark,lvo,39.5,0.35443,0.037975,0.4,0.78481,0.741935,1.0,0.913043,1.0,0.666667,4.606194,0.477927,3.045503,0.681728,3.72454,0.836763,0.78481,0.822581,1.0,0.980392,1.0,0.06,4.708349,0.552803,3.037665,0.676018,,,0.35443,0.037975,39,benchmark
39 / nlvo / benchmark,nlvo,233.5,0.150774,0.004283,0.5,0.646681,0.559603,0.982249,0.879518,1.0,0.48227,4.709883,0.563739,3.199627,0.861165,3.5866,0.814954,0.646681,0.675497,0.985294,0.885572,1.0,0.011236,4.878712,0.635395,3.294153,0.911365,,,0.150774,0.004283,39,benchmark
39 / other / benchmark,other,41.5,0.0,0.0,,0.73494,0.704918,0.953488,0.878049,1.0,0.0,4.537599,0.846135,3.305413,0.775696,,,0.73494,0.786885,0.979167,0.914894,1.0,0.0,4.660319,0.879148,3.406942,0.833885,,,0.0,0.0,39,benchmark
39 / mixed / benchmark,mixed,314.5,0.158983,0.007949,0.428571,0.675676,0.607059,0.98062,0.885375,1.0,0.446429,4.662682,0.607781,3.188747,0.818604,3.629907,0.819452,0.675676,0.712941,0.986799,0.906355,1.0,0.01845,4.81544,0.67136,3.268133,0.868356,,,0.158983,0.007949,39,benchmark
39 / lvo / onset,lvo,39.5,0.36096,0.040107,0.4,0.828872,0.741935,1.0,0.913043,1.0,0.642857,4.606194,0.477927,3.045503,0.681728,3.72454,0.836763,0.828872,0.822581,1.0,0.980392,1.0,0.06,4.708349,0.552803,3.037665,0.676018,,,0.36096,0.040107,39,onset
39 / nlvo / onset,nlvo,233.5,0.148853,0.005046,0.5,0.761925,0.559603,0.982249,0.879518,1.0,0.40411,4.709883,0.563739,3.199627,0.861165,3.5866,0.814954,0.761925,0.675497,0.985294,0.885572,1.0,0.011236,4.878712,0.635395,3.294153,0.911365,,,0.148853,0.005046,39,onset
39 / other / onset,other,41.5,0.0,0.0,,0.785804,0.704918,0.953488,0.878049,1.0,0.0,4.537599,0.846135,3.305413,0.775696,,,0.785804,0.786885,0.979167,0.914894,1.0,0.0,4.660319,0.879148,3.406942,0.833885,,,0.0,0.0,39,onset
39 / mixed / onset,mixed,314.5,0.158605,0.009221,0.428571,0.783802,0.607059,0.98062,0.885375,1.0,0.383929,4.662682,0.607781,3.188747,0.818604,3.629907,0.819452,0.783802,0.712941,0.986799,0.906355,1.0,0.01845,4.81544,0.67136,3.268133,0.868356,,,0.158605,0.009221,39,onset
39 / lvo / speed,lvo,39.5,0.324683,0.036076,0.4,0.78481,0.741935,0.95,0.913043,1.0,0.642857,4.606194,0.477927,2.70805,0.0,3.72454,0.836763,0.78481,0.822581,0.95,0.980392,1.0,0.06,4.708349,0.552803,2.70805,0.0,,,0.324683,0.036076,39,speed
39 / nlvo / speed,nlvo,233.5,0.122191,0.004129,0.5,0.646681,0.559603,0.95,0.879518,1.0,0.40411,4.709883,0.563739,2.70805,0.0,3.5866,0.814954,0.646681,0.675497,0.95,0.885572,1.0,0.011236,4.878712,0.635395,2.70805,0.0,,,0.122191,0.004129,39,speed
39 / other / speed,other,41.5,0.0,0.0,,0.73494,0.704918,0.95,0.878049,1.0,0.0,4.537599,0.846135,2.70805,0.0,,,0.73494,0.786885,0.95,0.914894,1.0,0.0,4.660319,0.879148,2.70805,0.0,,,0.0,0.0,39,speed
39 / mixed / speed,mixed,314.5,0.132456,0.007653,0.428571,0.675676,0.607059,0.95,0.885375,1.0,0.383929,4.662682,0.607781,2.70805,0.0,3.629907,0.819452,0.675676,0.712941,0.95,0.906355,1.0,0.01845,4.81544,0.67136,2.70805,0.0,,,0.132456,0.007653,39,speed
39 / lvo / onset + benchmark,lvo,39.5,0.374329,0.040107,0.4,0.828872,0.741935,1.0,0.913043,1.0,0.666667,4.606194,0.477927,3.045503,0.681728,3.72454,0.836763,0.828872,0.822581,1.0,0.980392,1.0,0.06,4.708349,0.552803,3.037665,0.676018,,,0.374329,0.040107,39,onset + benchmark
39 / nlvo / onset + benchmark,nlvo,233.5,0.177643,0.005046,0.5,0.761925,0.559603,0.982249,0.879518,1.0,0.48227,4.709883,0.563739,3.199627,0.861165,3.5866,0.814954,0.761925,0.675497,0.985294,0.885572,1.0,0.011236,4.878712,0.635395,3.294153,0.911365,,,0.177643,0.005046,39,onset + benchmark
39 / other / onset + benchmark,other,41.5,0.0,0.0,,0.785804,0.704918,0.953488,0.878049,1.0,0.0,4.537599,0.846135,3.305413,0.775696,,,0.785804,0.786885,0.979167,0.914894,1.0,0.0,4.660319,0.879148,3.406942,0.833885,,,0.0,0.0,39,onset + benchmark
39 / mixed / onset + benchmark,mixed,314.5,0.184424,0.009221,0.428571,0.783802,0.607059,0.98062,0.885375,1.0,0.446429,4.662682,0.607781,3.188747,0.818604,3.629907,0.819452,0.783802,0.712941,0.986799,0.906355,1.0,0.01845,4.81544,0.67136,3.268133,0.868356,,,0.184424,0.009221,39,onset + benchmark
39 / lvo / speed + benchmark,lvo,39.5,0.336708,0.036076,0.4,0.78481,0.741935,0.95,0.913043,1.0,0.666667,4.606194,0.477927,2.70805,0.0,3.72454,0.836763,0.78481,0.822581,0.95,0.980392,1.0,0.06,4.708349,0.552803,2.70805,0.0,,,0.336708,0.036076,39,speed + benchmark
39 / nlvo / speed + benchmark,nlvo,233.5,0.145824,0.004129,0.5,0.646681,0.559603,0.95,0.879518,1.0,0.48227,4.709883,0.563739,2.70805,0.0,3.5866,0.814954,0.646681,0.675497,0.95,0.885572,1.0,0.011236,4.878712,0.635395,2.70805,0.0,,,0.145824,0.004129,39,speed + benchmark
39 / other / speed + benchmark,other,41.5,0.0,0.0,,0.73494,0.704918,0.95,0.878049,1.0,0.0,4.537599,0.846135,2.70805,0.0,,,0.73494,0.786885,0.95,0.914894,1.0,0.0,4.660319,0.879148,2.70805,0.0,,,0.0,0.0,39,speed + benchmark
39 / mixed / speed + benchmark,mixed,314.5,0.154018,0.007653,0.428571,0.675676,0.607059,0.95,0.885375,1.0,0.446429,4.662682,0.607781,2.70805,0.0,3.629907,0.819452,0.675676,0.712941,0.95,0.906355,1.0,0.01845,4.81544,0.67136,2.70805,0.0,,,0.154018,0.007653,39,speed + benchmark
39 / lvo / speed + onset,lvo,39.5,0.342912,0.038101,0.4,0.828872,0.741935,0.95,0.913043,1.0,0.642857,4.606194,0.477927,2.70805,0.0,3.72454,0.836763,0.828872,0.822581,0.95,0.980392,1.0,0.06,4.708349,0.552803,2.70805,0.0,,,0.342912,0.038101,39,speed + onset
39 / nlvo / speed + onset,nlvo,233.5,0.143966,0.004865,0.5,0.761925,0.559603,0.95,0.879518,1.0,0.40411,4.709883,0.563739,2.70805,0.0,3.5866,0.814954,0.761925,0.675497,0.95,0.885572,1.0,0.011236,4.878712,0.635395,2.70805,0.0,,,0.143966,0.004865,39,speed + onset
39 / other / speed + onset,other,41.5,0.0,0.0,,0.785804,0.704918,0.95,0.878049,1.0,0.0,4.537599,0.846135,2.70805,0.0,,,0.785804,0.786885,0.95,0.914894,1.0,0.0,4.660319,0.879148,2.70805,0.0,,,0.0,0.0,39,speed + onset
39 / mixed / speed + onset,mixed,314.5,0.153652,0.008877,0.428571,0.783802,0.607059,0.95,0.885375,1.0,0.383929,4.662682,0.607781,2.70805,0.0,3.629907,0.819452,0.783802,0.712941,0.95,0.906355,1.0,0.01845,4.81544,0.67136,2.70805,0.0,,,0.153652,0.008877,39,speed + onset
39 / lvo / speed + onset + benchmark,lvo,39.5,0.355612,0.038101,0.4,0.828872,0.741935,0.95,0.913043,1.0,0.666667,4.606194,0.477927,2.70805,0.0,3.72454,0.836763,0.828872,0.822581,0.95,0.980392,1.0,0.06,4.708349,0.552803,2.70805,0.0,,,0.355612,0.038101,39,speed + onset + benchmark
39 / nlvo / speed + onset + benchmark,nlvo,233.5,0.171811,0.004865,0.5,0.761925,0.559603,0.95,0.879518,1.0,0.48227,4.709883,0.563739,2.70805,0.0,3.5866,0.814954,0.761925,0.675497,0.95,0.885572,1.0,0.011236,4.878712,0.635395,2.70805,0.0,,,0.171811,0.004865,39,speed + onset + benchmark
39 / other / speed + onset + benchmark,other,41.5,0.0,0.0,,0.785804,0.704918,0.95,0.878049,1.0,0.0,4.537599,0.846135,2.70805,0.0,,,0.785804,0.786885,0.95,0.914894,1.0,0.0,4.660319,0.879148,2.70805,0.0,,,0.0,0.0,39,speed + onset + benchmark
39 / mixed / speed + onset + benchmark,mixed,314.5,0.178665,0.008877,0.428571,0.783802,0.607059,0.95,0.885375,1.0,0.446429,4.662682,0.607781,2.70805,0.0,3.629907,0.819452,0.783802,0.712941,0.95,0.906355,1.0,0.01845,4.81544,0.67136,2.70805,0.0,,,0.178665,0.008877,39,speed + onset + benchmark
40 / lvo / base,lvo,99.5,0.336683,0.085427,0.941176,0.698492,0.741007,1.0,0.990291,1.0,0.656863,4.393851,0.477176,2.012457,1.048284,3.153204,0.697014,0.698492,0.791367,1.0,0.981818,1.0,0.157407,4.477029,0.562723,2.016361,1.049239,5.065903,0.354363,0.336683,0.085427,40,base
40 / nlvo / base,nlvo,450.5,0.0899,0.00444,0.75,0.620422,0.502683,0.992883,0.942652,1.0,0.304183,4.639166,0.527584,2.228338,1.268476,3.332821,0.817576,0.620422,0.611807,0.98538,0.940653,1.0,0.012618,4.831366,0.633718,2.339385,1.348195,,,0.08879,0.004439,40,base
40 / other / base,other,90.5,0.0,0.0,,0.624309,0.672566,0.973684,0.959459,1.0,0.0,4.485134,0.66323,2.236272,1.073298,,,0.624309,0.761062,0.953488,0.97561,1.0,0.0,4.630562,0.743458,2.293097,1.069769,,,0.0,0.0,40,base
40 / mixed / base,mixed,640.5,0.115535,0.016393,0.904762,0.633099,0.567201,0.991304,0.95614,1.0,0.337156,4.558788,0.550662,2.180863,1.192716,3.250954,0.7677,0.633099,0.663379,0.983271,0.954631,1.0,0.041584,4.726819,0.654225,2.265041,1.255404,5.090765,0.338887,0.114754,0.016393,40,base
40 / lvo / benchmark,lvo,99.5,0.376884,0.085427,0.941176,0.698492,0.741007,1.0,0.990291,1.0,0.735294,4.393851,0.477176,2.012457,1.048284,3.153204,0.697014,0.698492,0.791367,1.0,0.981818,1.0,0.157407,4.477029,0.562723,2.016361,1.049239,5.065903,0.354363,0.376884,0.085427,40,benchmark
40 / nlvo / benchmark,nlvo,450.5,0.11218,0.004439,0.75,0.620422,0.502683,0.992883,0.942652,1.0,0.384314,4.639166,0.527584,2.228338,1.268476,3.332821,0.817576,0.620422,0.611807,0.98538,0.940653,1.0,0.012618,4.831366,0.633718,2.339385,1.348195,,,0.11218,0.004439,40,benchmark
40 / other / benchmark,other,90.5,0.0,0.0,,0.624309,0.672566,0.973684,0.959459,1.0,0.0,4.485134,0.66323,2.236272,1.073298,,,0.624309,0.761062,0.953488,0.97561,1.0,0.0,4.630562,0.743458,2.293097,1.069769,,,0.0,0.0,40,benchmark
40 / mixed / benchmark,mixed,640.5,0.140515,0.016393,0.904762,0.633099,0.567201,0.991304,0.95614,1.0,0.412844,4.558788,0.550662,2.180863,1.192716,3.250954,0.7677,0.633099,0.663379,0.983271,0.954631,1.0,0.041584,4.726819,0.654225,2.265041,1.255404,5.090765,0.338887,0.140515,0.016393,40,benchmark
40 / lvo / onset,lvo,99.5,0.399528,0.101373,0.941176,0.828872,0.741007,1.0,0.990291,1.0,0.656863,4.393851,0.477176,2.012457,1.048284,3.153204,0.697014,0.828872,0.791367,1.0,0.981818,1.0,0.157407,4.477029,0.562723,2.016361,1.049239,5.065903,0.354363,0.399528,0.101373,40,onset
40 / nlvo / onset,nlvo,450.5,0.109041,0.005452,0.75,0.761925,0.502683,0.992883,0.942652,1.0,0.304183,4.639166,0.527584,2.228338,1.268476,3.332821,0.817576,0.761925,0.611807,0.98538,0.940653,1.0,0.012618,4.831366,0.633718,2.339385,1.348195,,,0.109041,0.005452,40,onset
40 / other / onset,other,90.5,0.0,0.0,,0.785804,0.672566,0.973684,0.959459,1.0,0.0,4.485134,0.66323,2.236272,1.073298,,,0.785804,0.761062,0.953488,0.97561,1.0,0.0,4.630562,0.743458,2.293097,1.069769,,,0.0,0.0,40,onset
40 / mixed / onset,mixed,640.5,0.14207,0.020296,0.904762,0.783802,0.567201,0.991304,0.95614,1.0,0.337156,4.558788,0.550662,2.180863,1.192716,3.250954,0.7677,0.783802,0.663379,0.983271,0.954631,1.0,0.041584,4.726819,0.654225,2.265041,1.255404,5.090765,0.338887,0.14207,0.020296,40,onset
40 / lvo / speed,lvo,99.5,0.319849,0.081156,0.941176,0.698492,0.741007,0.95,0.990291,1.0,0.656863,4.393851,0.477176,2.012457,0.0,3.153204,0.697014,0.698492,0.791367,0.95,0.981818,1.0,0.157407,4.477029,0.562723,2.016361,0.0,5.065903,0.354363,0.319849,0.081156,40,speed
40 / nlvo / speed,nlvo,450.5,0.084955,0.00428,0.75,0.620422,0.502683,0.95,0.942652,1.0,0.304183,4.639166,0.527584,2.228338,0.0,3.332821,0.817576,0.620422,0.611807,0.95,0.940653,1.0,0.012618,4.831366,0.633718,2.339385,0.0,,,0.084955,0.00428,40,speed
40 / other / speed,other,90.5,0.0,0.0,,0.624309,0.672566,0.95,0.959459,1.0,0.0,4.485134,0.66323,2.236272,0.0,,,0.624309,0.761062,0.95,0.97561,1.0,0.0,4.630562,0.743458,2.293097,0.0,,,0.0,0.0,40,speed
40 / mixed / speed,mixed,640.5,0.109973,0.015839,0.904762,0.633099,0.567201,0.95,0.95614,1.0,0.337156,4.558788,0.550662,2.180863,0.0,3.250954,0.7677,0.633099,0.663379,0.95,0.954631,1.0,0.041584,4.726819,0.654225,2.265041,0.0,5.090765,0.338887,0.109973,0.015839,40,speed
40 / lvo / onset + benchmark,lvo,99.5,0.447233,0.101373,0.941176,0.828872,0.741007,1.0,0.990291,1.0,0.735294,4.393851,0.477176,2.012457,1.048284,3.153204,0.697014,0.828872,0.791367,1.0,0.981818,1.0,0.157407,4.477029,0.562723,2.016361,1.049239,5.065903,0.354363,0.447233,0.101373,40,onset + benchmark
40 / nlvo / onset + benchmark,nlvo,450.5,0.137766,0.005452,0.75,0.761925,0.502683,0.992883,0.942652,1.0,0.384314,4.639166,0.527584,2.228338,1.268476,3.332821,0.817576,0.761925,0.611807,0.98538,0.940653,1.0,0.012618,4.831366,0.633718,2.339385,1.348195,,,0.137766,0.005452,40,onset + benchmark
40 / other / onset + benchmark,other,90.5,0.0,0.0,,0.785804,0.672566,0.973684,0.959459,1.0,0.0,4.485134,0.66323,2.236272,1.073298,,,0.785804,0.761062,0.953488,0.97561,1.0,0.0,4.630562,0.743458,2.293097,1.069769,,,0.0,0.0,40,onset + benchmark
40 / mixed / onset + benchmark,mixed,640.5,0.173963,0.020296,0.904762,0.783802,0.567201,0.991304,0.95614,1.0,0.412844,4.558788,0.550662,2.180863,1.192716,3.250954,0.7677,0.783802,0.663379,0.983271,0.954631,1.0,0.041584,4.726819,0.654225,2.265041,1.255404,5.090765,0.338887,0.173963,0.020296,40,onset + benchmark
40 / lvo / speed + benchmark,lvo,99.5,0.35804,0.081156,0.941176,0.698492,0.741007,0.95,0.990291,1.0,0.735294,4.393851,0.477176,2.012457,0.0,3.153204,0.697014,0.698492,0.791367,0.95,0.981818,1.0,0.157407,4.477029,0.562723,2.016361,0.0,5.065903,0.354363,0.35804,0.081156,40,speed + benchmark
40 / nlvo / speed + benchmark,nlvo,450.5,0.107335,0.00428,0.75,0.620422,0.502683,0.95,0.942652,1.0,0.384314,4.639166,0.527584,2.228338,0.0,3.332821,0.817576,0.620422,0.611807,0.95,0.940653,1.0,0.012618,4.831366,0.633718,2.339385,0.0,,,0.107335,0.00428,40,speed + benchmark
40 / other / speed + benchmark,other,90.5,0.0,0.0,,0.624309,0.672566,0.95,0.959459,1.0,0.0,4.485134,0.66323,2.236272,0.0,,,0.624309,0.761062,0.95,0.97561,1.0,0.0,4.630562,0.743458,2.293097,0.0,,,0.0,0.0,40,speed + benchmark
40 / mixed / speed + benchmark,mixed,640.5,0.13466,0.015839,0.904762,0.633099,0.567201,0.95,0.95614,1.0,0.412844,4.558788,0.550662,2.180863,0.0,3.250954,0.7677,0.633099,0.663379,0.95,0.954631,1.0,0.041584,4.726819,0.654225,2.265041,0.0,5.090765,0.338887,0.13466,0.015839,40,speed + benchmark
40 / lvo / speed + onset,lvo,99.5,0.379552,0.096304,0.941176,0.828872,0.741007,0.95,0.990291,1.0,0.656863,4.393851,0.477176,2.012457,0.0,3.153204,0.697014,0.828872,0.791367,0.95,0.981818,1.0,0.157407,4.477029,0.562723,2.016361,0.0,5.065903,0.354363,0.379552,0.096304,40,speed + onset
40 / nlvo / speed + onset,nlvo,450.5,0.104332,0.005256,0.75,0.761925,0.502683,0.95,0.942652,1.0,0.304183,4.639166,0.527584,2.228338,0.0,3.332821,0.817576,0.761925,0.611807,0.95,0.940653,1.0,0.012618,4.831366,0.633718,2.339385,0.0,,,0.104332,0.005256,40,speed + onset
40 / other / speed + onset,other,90.5,0.0,0.0,,0.785804,0.672566,0.95,0.959459,1.0,0.0,4.485134,0.66323,2.236272,0.0,,,0.785804,0.761062,0.95,0.97561,1.0,0.0,4.630562,0.743458,2.293097,0.0,,,0.0,0.0,40,speed + onset
40 / mixed / speed + onset,mixed,640.5,0.13615,0.019609,0.904762,0.783802,0.567201,0.95,0.95614,1.0,0.337156,4.558788,0.550662,2.180863,0.0,3.250954,0.7677,0.783802,0.663379,0.95,0.954631,1.0,0.041584,4.726819,0.654225,2.265041,0.0,5.090765,0.338887,0.13615,0.019609,40,speed + onset
40 / lvo / speed + onset + benchmark,lvo,99.5,0.424871,0.096304,0.941176,0.828872,0.741007,0.95,0.990291,1.0,0.735294,4.393851,0.477176,2.012457,0.0,3.153204,0.697014,0.828872,0.791367,0.95,0.981818,1.0,0.157407,4.477029,0.562723,2.016361,0.0,5.065903,0.354363,0.424871,0.096304,40,speed + onset + benchmark
40 / nlvo / speed + onset + benchmark,nlvo,450.5,0.131816,0.005256,0.75,0.761925,0.502683,0.95,0.942652,1.0,0.384314,4.639166,0.527584,2.228338,0.0,3.332821,0.817576,0.761925,0.611807,0.95,0.940653,1.0,0.012618,4.831366,0.633718,2.339385,0.0,,,0.131816,0.005256,40,speed + onset + benchmark
40 / other / speed + onset + benchmark,other,90.5,0.0,0.0,,0.785804,0.672566,0.95,0.959459,1.0,0.0,4.485134,0.66323,2.236272,0.0,,,0.785804,0.761062,0.95,0.97561,1.0,0.0,4.630562,0.743458,2.293097,0.0,,,0.0,0.0,40,speed + onset + benchmark
40 / mixed / speed + onset + benchmark,mixed,640.5,0.166715,0.019609,0.904762,0.783802,0.567201,0.95,0.95614,1.0,0.412844,4.558788,0.550662,2.180863,0.0,3.250954,0.7677,0.783802,0.663379,0.95,0.954631,1.0,0.041584,4.726819,0.654225,2.265041,0.0,5.090765,0.338887,0.166715,0.019609,40,speed + onset + benchmark
41 / lvo / base,lvo,118.0,0.275424,0.0,,0.766949,0.773481,0.985714,0.92029,1.0,0.496063,4.599711,0.484559,3.232702,0.787799,3.592693,0.656077,0.766949,0.850829,0.980519,0.940397,1.0,0.0,4.696259,0.55521,3.328392,0.854754,,,0.266949,0.0,41,base
41 / nlvo / base,nlvo,399.5,0.136421,0.001252,0.0,0.757196,0.555372,0.922619,0.867742,1.0,0.394052,4.695162,0.497106,3.4174,0.928295,3.357849,0.76772,0.757196,0.644628,0.95641,0.841823,1.0,0.0,4.834823,0.579673,3.67334,1.078375,,,0.132666,0.0,41,base
41 / other / base,other,65.5,0.0,0.0,,0.748092,0.72449,0.915493,0.923077,1.0,0.0,4.554667,0.55237,3.289609,0.784939,,,0.748092,0.785714,0.948052,0.931507,1.0,0.0,4.641151,0.609824,3.444303,0.912675,,,0.0,0.0,41,base
41 / mixed / base,mixed,583.0,0.149228,0.000858,0.0,0.758148,0.618778,0.937843,0.888889,1.0,0.370614,4.652496,0.503576,3.351523,0.877537,3.445394,0.73498,0.758148,0.702489,0.961353,0.877722,1.0,0.0,4.776447,0.581804,3.558086,1.016663,,,0.14494,0.0,41,base
41 / lvo / benchmark,lvo,118.0,0.398305,0.0,,0.766949,0.773481,0.985714,0.92029,1.0,0.740157,4.599711,0.484559,3.232702,0.787799,3.592693,0.656077,0.766949,0.850829,0.980519,0.940397,1.0,0.0,4.696259,0.55521,3.328392,0.854754,,,0.398305,0.0,41,benchmark
41 / nlvo / benchmark,nlvo,399.5,0.161074,0.0,0.0,0.757196,0.555372,0.922619,0.867742,1.0,0.478431,4.695162,0.497106,3.4174,0.928295,3.357849,0.76772,0.757196,0.644628,0.95641,0.841823,1.0,0.0,4.834823,0.579673,3.67334,1.078375,,,0.161074,0.0,41,benchmark
41 / other / benchmark,other,65.5,0.0,0.0,,0.748092,0.72449,0.915493,0.923077,1.0,0.0,4.554667,0.55237,3.289609,0.784939,,,0.748092,0.785714,0.948052,0.931507,1.0,0.0,4.641151,0.609824,3.444303,0.912675,,,0.0,0.0,41,benchmark
41 / mixed / benchmark,mixed,583.0,0.193825,0.0,0.0,0.758148,0.618778,0.937843,0.888889,1.0,0.495614,4.652496,0.503576,3.351523,0.877537,3.445394,0.73498,0.758148,0.702489,0.961353,0.877722,1.0,0.0,4.776447,0.581804,3.558086,1.016663,,,0.193825,0.0,41,benchmark
41 / lvo / onset,lvo,118.0,0.288503,0.0,,0.828872,0.773481,0.985714,0.92029,1.0,0.496063,4.599711,0.484559,3.232702,0.787799,3.592693,0.656077,0.828872,0.850829,0.980519,0.940397,1.0,0.0,4.696259,0.55521,3.328392,0.854754,,,0.288503,0.0,41,onset
41 / nlvo / onset,nlvo,399.5,0.133494,0.0,0.0,0.761925,0.555372,0.922619,0.867742,1.0,0.394052,4.695162,0.497106,3.4174,0.928295,3.357849,0.76772,0.761925,0.644628,0.95641,0.841823,1.0,0.0,4.834823,0.579673,3.67334,1.078375,,,0.133494,0.0,41,onset
41 / other / onset,other,65.5,0.0,0.0,,0.785804,0.72449,0.915493,0.923077,1.0,0.0,4.554667,0.55237,3.289609,0.784939,,,0.785804,0.785714,0.948052,0.931507,1.0,0.0,4.641151,0.609824,3.444303,0.912675,,,0.0,0.0,41,onset
41 / mixed / onset,mixed,583.0,0.149844,0.0,0.0,0.783802,0.618778,0.937843,0.888889,1.0,0.370614,4.652496,0.503576,3.351523,0.877537,3.445394,0.73498,0.783802,0.702489,0.961353,0.877722,1.0,0.0,4.776447,0.581804,3.558086,1.016663,,,0.149844,0.0,41,onset
41 / lvo / speed,lvo,118.0,0.257277,0.0,,0.766949,0.773481,0.95,0.92029,1.0,0.496063,4.599711,0.484559,2.70805,0.0,3.592693,0.656077,0.766949,0.850829,0.95,0.940397,1.0,0.0,4.696259,0.55521,2.70805,0.0,,,0.257277,0.0,41,speed
41 / nlvo / speed,nlvo,399.5,0.136603,0.0,0.0,0.757196,0.555372,0.95,0.867742,1.0,0.394052,4.695162,0.497106,2.70805,0.0,3.357849,0.76772,0.757196,0.644628,0.95,0.841823,1.0,0.0,4.834823,0.579673,2.70805,0.0,,,0.136603,0.0,41,speed
41 / other / speed,other,65.5,0.0,0.0,,0.748092,0.72449,0.95,0.923077,1.0,0.0,4.554667,0.55237,2.70805,0.0,,,0.748092,0.785714,0.95,0.931507,1.0,0.0,4.641151,0.609824,2.70805,0.0,,,0.0,0.0,41,speed
41 / mixed / speed,mixed,583.0,0.146819,0.0,0.0,0.758148,0.618778,0.95,0.888889,1.0,0.370614,4.652496,0.503576,2.70805,0.0,3.445394,0.73498,0.758148,0.702489,0.95,0.877722,1.0,0.0,4.776447,0.581804,2.70805,0.0,,,0.146819,0.0,41,speed
41 / lvo / onset + benchmark,lvo,118.0,0.430464,0.0,,0.828872,0.773481,0.985714,0.92029,1.0,0.740157,4.599711,0.484559,3.232702,0.787799,3.592693,0.656077,0.828872,0.850829,0.980519,0.940397,1.0,0.0,4.696259,0.55521,3.328392,0.854754,,,0.430464,0.0,41,onset + benchmark
41 / nlvo / onset + benchmark,nlvo,399.5,0.16208,0.0,0.0,0.761925,0.555372,0.922619,0.867742,1.0,0.478431,4.695162,0.497106,3.4174,0.928295,3.357849,0.76772,0.761925,0.644628,0.95641,0.841823,1.0,0.0,4.834823,0.579673,3.67334,1.078375,,,0.16208,0.0,41,onset + benchmark
41 / other / onset + benchmark,other,65.5,0.0,0.0,,0.785804,0.72449,0.915493,0.923077,1.0,0.0,4.554667,0.55237,3.289609,0.784939,,,0.785804,0.785714,0.948052,0.931507,1.0,0.0,4.641151,0.609824,3.444303,0.912675,,,0.0,0.0,41,onset + benchmark
41 / mixed / onset + benchmark,mixed,583.0,0.200384,0.0,0.0,0.783802,0.618778,0.937843,0.888889,1.0,0.495614,4.652496,0.503576,3.351523,0.877537,3.445394,0.73498,0.783802,0.702489,0.961353,0.877722,1.0,0.0,4.776447,0.581804,3.558086,1.016663,,,0.200384,0.0,41,onset + benchmark
41 / lvo / speed + benchmark,lvo,118.0,0.383874,0.0,,0.766949,0.773481,0.95,0.92029,1.0,0.740157,4.599711,0.484559,2.70805,0.0,3.592693,0.656077,0.766949,0.850829,0.95,0.940397,1.0,0.0,4.696259,0.55521,2.70805,0.0,,,0.383874,0.0,41,speed + benchmark
41 / nlvo / speed + benchmark,nlvo,399.5,0.165854,0.0,0.0,0.757196,0.555372,0.95,0.867742,1.0,0.478431,4.695162,0.497106,2.70805,0.0,3.357849,0.76772,0.757196,0.644628,0.95,0.841823,1.0,0.0,4.834823,0.579673,2.70805,0.0,,,0.165854,0.0,41,speed + benchmark
41 / other / speed + benchmark,other,65.5,0.0,0.0,,0.748092,0.72449,0.95,0.923077,1.0,0.0,4.554667,0.55237,2.70805,0.0,,,0.748092,0.785714,0.95,0.931507,1.0,0.0,4.641151,0.609824,2.70805,0.0,,,0.0,0.0,41,speed + benchmark
41 / mixed / speed + benchmark,mixed,583.0,0.196338,0.0,0.0,0.758148,0.618778,0.95,0.888889,1.0,0.495614,4.652496,0.503576,2.70805,0.0,3.445394,0.73498,0.758148,0.702489,0.95,0.877722,1.0,0.0,4.776447,0.581804,2.70805,0.0,,,0.196338,0.0,41,speed + benchmark
41 / lvo / speed + onset,lvo,118.0,0.27805,0.0,,0.828872,0.773481,0.95,0.92029,1.0,0.496063,4.599711,0.484559,2.70805,0.0,3.592693,0.656077,0.828872,0.850829,0.95,0.940397,1.0,0.0,4.696259,0.55521,2.70805,0.0,,,0.27805,0.0,41,speed + onset
41 / nlvo / speed + onset,nlvo,399.5,0.137456,0.0,0.0,0.761925,0.555372,0.95,0.867742,1.0,0.394052,4.695162,0.497106,2.70805,0.0,3.357849,0.76772,0.761925,0.644628,0.95,0.841823,1.0,0.0,4.834823,0.579673,2.70805,0.0,,,0.137456,0.0,41,speed + onset
41 / other / speed + onset,other,65.5,0.0,0.0,,0.785804,0.72449,0.95,0.923077,1.0,0.0,4.554667,0.55237,2.70805,0.0,,,0.785804,0.785714,0.95,0.931507,1.0,0.0,4.641151,0.609824,2.70805,0.0,,,0.0,0.0,41,speed + onset
41 / mixed / speed + onset,mixed,583.0,0.151787,0.0,0.0,0.783802,0.618778,0.95,0.888889,1.0,0.370614,4.652496,0.503576,2.70805,0.0,3.445394,0.73498,0.783802,0.702489,0.95,0.877722,1.0,0.0,4.776447,0.581804,2.70805,0.0,,,0.151787,0.0,41,speed + onset
41 / lvo / speed + onset + benchmark,lvo,118.0,0.414868,0.0,,0.828872,0.773481,0.95,0.92029,1.0,0.740157,4.599711,0.484559,2.70805,0.0,3.592693,0.656077,0.828872,0.850829,0.95,0.940397,1.0,0.0,4.696259,0.55521,2.70805,0.0,,,0.414868,0.0,41,speed + onset + benchmark
41 / nlvo / speed + onset + benchmark,nlvo,399.5,0.16689,0.0,0.0,0.761925,0.555372,0.95,0.867742,1.0,0.478431,4.695162,0.497106,2.70805,0.0,3.357849,0.76772,0.761925,0.644628,0.95,0.841823,1.0,0.0,4.834823,0.579673,2.70805,0.0,,,0.16689,0.0,41,speed + onset + benchmark
41 / other / speed + onset + benchmark,other,65.5,0.0,0.0,,0.785804,0.72449,0.95,0.923077,1.0,0.0,4.554667,0.55237,2.70805,0.0,,,0.785804,0.785714,0.95,0.931507,1.0,0.0,4.641151,0.609824,2.70805,0.0,,,0.0,0.0,41,speed + onset + benchmark
41 / mixed / speed + onset + benchmark,mixed,583.0,0.202981,0.0,0.0,0.783802,0.618778,0.95,0.888889,1.0,0.495614,4.652496,0.503576,2.70805,0.0,3.445394,0.73498,0.783802,0.702489,0.95,0.877722,1.0,0.0,4.776447,0.581804,2.70805,0.0,,,0.202981,0.0,41,speed + onset + benchmark
42 / lvo / base,lvo,52.0,0.384615,0.096154,0.6,0.644231,0.925373,1.0,0.935484,1.0,0.655172,4.547136,0.48505,3.076572,0.87783,3.352447,0.791539,0.644231,0.970149,1.0,1.0,1.0,0.123077,4.600325,0.533041,3.081061,0.857491,,,0.365385,0.076923,42,base
42 / nlvo / base,nlvo,355.5,0.105485,0.001406,0.0,0.655415,0.523605,0.92623,0.849558,1.0,0.380208,4.594235,0.577204,3.448309,0.745092,3.412405,0.618786,0.655415,0.60515,0.957447,0.918519,1.0,0.0,4.738148,0.650466,3.547576,0.830155,,,0.102672,0.0,42,base
42 / other / base,other,62.0,0.0,0.0,,0.604839,0.693333,0.961538,0.94,1.0,0.0,4.39958,0.857494,3.2626,0.690067,,,0.604839,0.746667,0.964286,0.981481,1.0,0.0,4.486955,0.884824,3.310686,0.732583,,,0.0,0.0,42,base
42 / mixed / base,mixed,469.5,0.122471,0.011715,0.545455,0.647497,0.588816,0.944134,0.878698,1.0,0.373737,4.557805,0.613671,3.352649,0.775074,3.391879,0.67984,0.647497,0.662829,0.965261,0.940874,1.0,0.021858,4.681013,0.67579,3.436739,0.839249,,,0.118211,0.00852,42,base
42 / lvo / benchmark,lvo,52.0,0.355769,0.076923,0.6,0.644231,0.925373,1.0,0.935484,1.0,0.637931,4.547136,0.48505,3.076572,0.87783,3.352447,0.791539,0.644231,0.970149,1.0,1.0,1.0,0.123077,4.600325,0.533041,3.081061,0.857491,,,0.355769,0.076923,42,benchmark
42 / nlvo / benchmark,nlvo,355.5,0.112149,0.0,0.0,0.655415,0.523605,0.92623,0.849558,1.0,0.415301,4.594235,0.577204,3.448309,0.745092,3.412405,0.618786,0.655415,0.60515,0.957447,0.918519,1.0,0.0,4.738148,0.650466,3.547576,0.830155,,,0.112149,0.0,42,benchmark
42 / other / benchmark,other,62.0,0.0,0.0,,0.604839,0.693333,0.961538,0.94,1.0,0.0,4.39958,0.857494,3.2626,0.690067,,,0.604839,0.746667,0.964286,0.981481,1.0,0.0,4.486955,0.884824,3.310686,0.732583,,,0.0,0.0,42,benchmark
42 / mixed / benchmark,mixed,469.5,0.129925,0.00852,0.545455,0.647497,0.588816,0.944134,0.878698,1.0,0.410774,4.557805,0.613671,3.352649,0.775074,3.391879,0.67984,0.647497,0.662829,0.965261,0.940874,1.0,0.021858,4.681013,0.67579,3.436739,0.839249,,,0.129925,0.00852,42,benchmark
42 / lvo / onset,lvo,52.0,0.470106,0.09897,0.6,0.828872,0.925373,1.0,0.935484,1.0,0.655172,4.547136,0.48505,3.076572,0.87783,3.352447,0.791539,0.828872,0.970149,1.0,1.0,1.0,0.123077,4.600325,0.533041,3.081061,0.857491,,,0.470106,0.09897,42,onset
42 / nlvo / onset,nlvo,355.5,0.119357,0.0,0.0,0.761925,0.523605,0.92623,0.849558,1.0,0.380208,4.594235,0.577204,3.448309,0.745092,3.412405,0.618786,0.761925,0.60515,0.957447,0.918519,1.0,0.0,4.738148,0.650466,3.547576,0.830155,,,0.119357,0.0,42,onset
42 / other / onset,other,62.0,0.0,0.0,,0.785804,0.693333,0.961538,0.94,1.0,0.0,4.39958,0.857494,3.2626,0.690067,,,0.785804,0.746667,0.964286,0.981481,1.0,0.0,4.486955,0.884824,3.310686,0.732583,,,0.0,0.0,42,onset
42 / mixed / onset,mixed,469.5,0.143095,0.010313,0.545455,0.783802,0.588816,0.944134,0.878698,1.0,0.373737,4.557805,0.613671,3.352649,0.775074,3.391879,0.67984,0.783802,0.662829,0.965261,0.940874,1.0,0.021858,4.681013,0.67579,3.436739,0.839249,,,0.143095,0.010313,42,onset
42 / lvo / speed,lvo,52.0,0.347115,0.073077,0.6,0.644231,0.925373,0.95,0.935484,1.0,0.655172,4.547136,0.48505,2.70805,0.0,3.352447,0.791539,0.644231,0.970149,0.95,1.0,1.0,0.123077,4.600325,0.533041,2.70805,0.0,,,0.347115,0.073077,42,speed
42 / nlvo / speed,nlvo,355.5,0.105307,0.0,0.0,0.655415,0.523605,0.95,0.849558,1.0,0.380208,4.594235,0.577204,2.70805,0.0,3.412405,0.618786,0.655415,0.60515,0.95,0.918519,1.0,0.0,4.738148,0.650466,2.70805,0.0,,,0.105307,0.0,42,speed
42 / other / speed,other,62.0,0.0,0.0,,0.604839,0.693333,0.95,0.94,1.0,0.0,4.39958,0.857494,2.70805,0.0,,,0.604839,0.746667,0.95,0.981481,1.0,0.0,4.486955,0.884824,2.70805,0.0,,,0.0,0.0,42,speed
42 / mixed / speed,mixed,469.5,0.118945,0.008385,0.545455,0.647497,0.588816,0.95,0.878698,1.0,0.373737,4.557805,0.613671,2.70805,0.0,3.391879,0.67984,0.647497,0.662829,0.95,0.940874,1.0,0.021858,4.681013,0.67579,2.70805,0.0,,,0.118945,0.008385,42,speed
42 / lvo / onset + benchmark,lvo,52.0,0.457735,0.09897,0.6,0.828872,0.925373,1.0,0.935484,1.0,0.637931,4.547136,0.48505,3.076572,0.87783,3.352447,0.791539,0.828872,0.970149,1.0,1.0,1.0,0.123077,4.600325,0.533041,3.081061,0.857491,,,0.457735,0.09897,42,onset + benchmark
42 / nlvo / onset + benchmark,nlvo,355.5,0.130374,0.0,0.0,0.761925,0.523605,0.92623,0.849558,1.0,0.415301,4.594235,0.577204,3.448309,0.745092,3.412405,0.618786,0.761925,0.60515,0.957447,0.918519,1.0,0.0,4.738148,0.650466,3.547576,0.830155,,,0.130374,0.0,42,onset + benchmark
42 / other / onset + benchmark,other,62.0,0.0,0.0,,0.785804,0.693333,0.961538,0.94,1.0,0.0,4.39958,0.857494,3.2626,0.690067,,,0.785804,0.746667,0.964286,0.981481,1.0,0.0,4.486955,0.884824,3.310686,0.732583,,,0.0,0.0,42,onset + benchmark
42 / mixed / onset + benchmark,mixed,469.5,0.157276,0.010313,0.545455,0.783802,0.588816,0.944134,0.878698,1.0,0.410774,4.557805,0.613671,3.352649,0.775074,3.391879,0.67984,0.783802,0.662829,0.965261,0.940874,1.0,0.021858,4.681013,0.67579,3.436739,0.839249,,,0.157276,0.010313,42,onset + benchmark
42 / lvo / speed + benchmark,lvo,52.0,0.337981,0.073077,0.6,0.644231,0.925373,0.95,0.935484,1.0,0.637931,4.547136,0.48505,2.70805,0.0,3.352447,0.791539,0.644231,0.970149,0.95,1.0,1.0,0.123077,4.600325,0.533041,2.70805,0.0,,,0.337981,0.073077,42,speed + benchmark
42 / nlvo / speed + benchmark,nlvo,355.5,0.115027,0.0,0.0,0.655415,0.523605,0.95,0.849558,1.0,0.415301,4.594235,0.577204,2.70805,0.0,3.412405,0.618786,0.655415,0.60515,0.95,0.918519,1.0,0.0,4.738148,0.650466,2.70805,0.0,,,0.115027,0.0,42,speed + benchmark
42 / other / speed + benchmark,other,62.0,0.0,0.0,,0.604839,0.693333,0.95,0.94,1.0,0.0,4.39958,0.857494,2.70805,0.0,,,0.604839,0.746667,0.95,0.981481,1.0,0.0,4.486955,0.884824,2.70805,0.0,,,0.0,0.0,42,speed + benchmark
42 / mixed / speed + benchmark,mixed,469.5,0.130733,0.008385,0.545455,0.647497,0.588816,0.95,0.878698,1.0,0.410774,4.557805,0.613671,2.70805,0.0,3.391879,0.67984,0.647497,0.662829,0.95,0.940874,1.0,0.021858,4.681013,0.67579,2.70805,0.0,,,0.130733,0.008385,42,speed + benchmark
42 / lvo / speed + onset,lvo,52.0,0.446601,0.094021,0.6,0.828872,0.925373,0.95,0.935484,1.0,0.655172,4.547136,0.48505,2.70805,0.0,3.352447,0.791539,0.828872,0.970149,0.95,1.0,1.0,0.123077,4.600325,0.533041,2.70805,0.0,,,0.446601,0.094021,42,speed + onset
42 / nlvo / speed + onset,nlvo,355.5,0.12242,0.0,0.0,0.761925,0.523605,0.95,0.849558,1.0,0.380208,4.594235,0.577204,2.70805,0.0,3.412405,0.618786,0.761925,0.60515,0.95,0.918519,1.0,0.0,4.738148,0.650466,2.70805,0.0,,,0.12242,0.0,42,speed + onset
42 / other / speed + onset,other,62.0,0.0,0.0,,0.785804,0.693333,0.95,0.94,1.0,0.0,4.39958,0.857494,2.70805,0.0,,,0.785804,0.746667,0.95,0.981481,1.0,0.0,4.486955,0.884824,2.70805,0.0,,,0.0,0.0,42,speed + onset
42 / mixed / speed + onset,mixed,469.5,0.143984,0.01015,0.545455,0.783802,0.588816,0.95,0.878698,1.0,0.373737,4.557805,0.613671,2.70805,0.0,3.391879,0.67984,0.783802,0.662829,0.95,0.940874,1.0,0.021858,4.681013,0.67579,2.70805,0.0,,,0.143984,0.01015,42,speed + onset
42 / lvo / speed + onset + benchmark,lvo,52.0,0.434849,0.094021,0.6,0.828872,0.925373,0.95,0.935484,1.0,0.637931,4.547136,0.48505,2.70805,0.0,3.352447,0.791539,0.828872,0.970149,0.95,1.0,1.0,0.123077,4.600325,0.533041,2.70805,0.0,,,0.434849,0.094021,42,speed + onset + benchmark
42 / nlvo / speed + onset + benchmark,nlvo,355.5,0.13372,0.0,0.0,0.761925,0.523605,0.95,0.849558,1.0,0.415301,4.594235,0.577204,2.70805,0.0,3.412405,0.618786,0.761925,0.60515,0.95,0.918519,1.0,0.0,4.738148,0.650466,2.70805,0.0,,,0.13372,0.0,42,speed + onset + benchmark
42 / other / speed + onset + benchmark,other,62.0,0.0,0.0,,0.785804,0.693333,0.95,0.94,1.0,0.0,4.39958,0.857494,2.70805,0.0,,,0.785804,0.746667,0.95,0.981481,1.0,0.0,4.486955,0.884824,2.70805,0.0,,,0.0,0.0,42,speed + onset + benchmark
42 / mixed / speed + onset + benchmark,mixed,469.5,0.158253,0.01015,0.545455,0.783802,0.588816,0.95,0.878698,1.0,0.410774,4.557805,0.613671,2.70805,0.0,3.391879,0.67984,0.783802,0.662829,0.95,0.940874,1.0,0.021858,4.681013,0.67579,2.70805,0.0,,,0.158253,0.01015,42,speed + onset + benchmark
43 / lvo / base,lvo,57.0,0.263158,0.017544,1.0,0.824561,0.712766,0.955224,0.90625,1.0,0.5,4.506875,0.492926,3.008293,0.831138,3.775271,0.873961,0.824561,0.787234,0.959459,0.943662,1.0,0.029851,4.617076,0.581886,3.035553,0.93252,,,0.254386,0.017544,43,base
43 / nlvo / base,nlvo,290.0,0.117241,0.0,,0.753448,0.567506,0.943548,0.901709,1.0,0.317536,4.618912,0.536274,3.315241,0.923044,3.84812,0.557732,0.753448,0.659039,0.958333,0.916667,1.0,0.0,4.769088,0.623867,3.441176,1.002458,,,0.115517,0.0,43,base
43 / other / base,other,42.0,0.0,0.0,,0.75,0.730159,1.0,0.913043,1.0,0.0,4.631776,0.485098,2.873529,0.989127,,,0.75,0.793651,1.0,1.0,1.0,0.0,4.713219,0.543069,2.899924,0.979101,,,0.0,0.0,43,base
43 / mixed / base,mixed,389.0,0.125964,0.002571,1.0,0.763496,0.607744,0.952909,0.90407,1.0,0.308682,4.599758,0.522751,3.199069,0.929634,3.826113,0.665102,0.763496,0.693603,0.963592,0.93199,1.0,0.005405,4.735005,0.608655,3.300466,1.008383,,,0.123393,0.002571,43,base
43 / lvo / benchmark,lvo,57.0,0.307017,0.017544,1.0,0.824561,0.712766,0.955224,0.90625,1.0,0.603448,4.506875,0.492926,3.008293,0.831138,3.775271,0.873961,0.824561,0.787234,0.959459,0.943662,1.0,0.029851,4.617076,0.581886,3.035553,0.93252,,,0.307017,0.017544,43,benchmark
43 / nlvo / benchmark,nlvo,290.0,0.15158,0.0,,0.753448,0.567506,0.943548,0.901709,1.0,0.416667,4.618912,0.536274,3.315241,0.923044,3.84812,0.557732,0.753448,0.659039,0.958333,0.916667,1.0,0.0,4.769088,0.623867,3.441176,1.002458,,,0.15158,0.0,43,benchmark
43 / other / benchmark,other,42.0,0.0,0.0,,0.75,0.730159,1.0,0.913043,1.0,0.0,4.631776,0.485098,2.873529,0.989127,,,0.75,0.793651,1.0,1.0,1.0,0.0,4.713219,0.543069,2.899924,0.979101,,,0.0,0.0,43,benchmark
43 / mixed / benchmark,mixed,389.0,0.159383,0.002571,1.0,0.763496,0.607744,0.952909,0.90407,1.0,0.398714,4.599758,0.522751,3.199069,0.929634,3.826113,0.665102,0.763496,0.693603,0.963592,0.93199,1.0,0.005405,4.735005,0.608655,3.300466,1.008383,,,0.159383,0.002571,43,benchmark
43 / lvo / onset,lvo,57.0,0.255716,0.017636,1.0,0.828872,0.712766,0.955224,0.90625,1.0,0.5,4.506875,0.492926,3.008293,0.831138,3.775271,0.873961,0.828872,0.787234,0.959459,0.943662,1.0,0.029851,4.617076,0.581886,3.035553,0.93252,,,0.255716,0.017636,43,onset
43 / nlvo / onset,nlvo,290.0,0.116817,0.0,,0.761925,0.567506,0.943548,0.901709,1.0,0.317536,4.618912,0.536274,3.315241,0.923044,3.84812,0.557732,0.761925,0.659039,0.958333,0.916667,1.0,0.0,4.769088,0.623867,3.441176,1.002458,,,0.116817,0.0,43,onset
43 / other / onset,other,42.0,0.0,0.0,,0.785804,0.730159,1.0,0.913043,1.0,0.0,4.631776,0.485098,2.873529,0.989127,,,0.785804,0.793651,1.0,1.0,1.0,0.0,4.713219,0.543069,2.899924,0.979101,,,0.0,0.0,43,onset
43 / mixed / onset,mixed,389.0,0.126675,0.002639,1.0,0.783802,0.607744,0.952909,0.90407,1.0,0.308682,4.599758,0.522751,3.199069,0.929634,3.826113,0.665102,0.783802,0.693603,0.963592,0.93199,1.0,0.005405,4.735005,0.608655,3.300466,1.008383,,,0.126675,0.002639,43,onset
43 / lvo / speed,lvo,57.0,0.252995,0.017371,1.0,0.824561,0.712766,0.95,0.90625,1.0,0.5,4.506875,0.492926,2.70805,0.0,3.775271,0.873961,0.824561,0.787234,0.95,0.943662,1.0,0.029851,4.617076,0.581886,2.70805,0.0,,,0.252995,0.017371,43,speed
43 / nlvo / speed,nlvo,290.0,0.116307,0.0,,0.753448,0.567506,0.95,0.901709,1.0,0.317536,4.618912,0.536274,2.70805,0.0,3.84812,0.557732,0.753448,0.659039,0.95,0.916667,1.0,0.0,4.769088,0.623867,2.70805,0.0,,,0.116307,0.0,43,speed
43 / other / speed,other,42.0,0.0,0.0,,0.75,0.730159,0.95,0.913043,1.0,0.0,4.631776,0.485098,2.70805,0.0,,,0.75,0.793651,0.95,1.0,1.0,0.0,4.713219,0.543069,2.70805,0.0,,,0.0,0.0,43,speed
43 / mixed / speed,mixed,389.0,0.123017,0.002534,1.0,0.763496,0.607744,0.95,0.90407,1.0,0.308682,4.599758,0.522751,2.70805,0.0,3.826113,0.665102,0.763496,0.693603,0.95,0.93199,1.0,0.005405,4.735005,0.608655,2.70805,0.0,,,0.123017,0.002534,43,speed
43 / lvo / onset + benchmark,lvo,57.0,0.308623,0.017636,1.0,0.828872,0.712766,0.955224,0.90625,1.0,0.603448,4.506875,0.492926,3.008293,0.831138,3.775271,0.873961,0.828872,0.787234,0.959459,0.943662,1.0,0.029851,4.617076,0.581886,3.035553,0.93252,,,0.308623,0.017636,43,onset + benchmark
43 / nlvo / onset + benchmark,nlvo,290.0,0.153286,0.0,,0.761925,0.567506,0.943548,0.901709,1.0,0.416667,4.618912,0.536274,3.315241,0.923044,3.84812,0.557732,0.761925,0.659039,0.958333,0.916667,1.0,0.0,4.769088,0.623867,3.441176,1.002458,,,0.153286,0.0,43,onset + benchmark
43 / other / onset + benchmark,other,42.0,0.0,0.0,,0.785804,0.730159,1.0,0.913043,1.0,0.0,4.631776,0.485098,2.873529,0.989127,,,0.785804,0.793651,1.0,1.0,1.0,0.0,4.713219,0.543069,2.899924,0.979101,,,0.0,0.0,43,onset + benchmark
43 / mixed / onset + benchmark,mixed,389.0,0.163622,0.002639,1.0,0.783802,0.607744,0.952909,0.90407,1.0,0.398714,4.599758,0.522751,3.199069,0.929634,3.826113,0.665102,0.783802,0.693603,0.963592,0.93199,1.0,0.005405,4.735005,0.608655,3.300466,1.008383,,,0.163622,0.002639,43,onset + benchmark
43 / lvo / speed + benchmark,lvo,57.0,0.305338,0.017371,1.0,0.824561,0.712766,0.95,0.90625,1.0,0.603448,4.506875,0.492926,2.70805,0.0,3.775271,0.873961,0.824561,0.787234,0.95,0.943662,1.0,0.029851,4.617076,0.581886,2.70805,0.0,,,0.305338,0.017371,43,speed + benchmark
43 / nlvo / speed + benchmark,nlvo,290.0,0.152617,0.0,,0.753448,0.567506,0.95,0.901709,1.0,0.416667,4.618912,0.536274,2.70805,0.0,3.84812,0.557732,0.753448,0.659039,0.95,0.916667,1.0,0.0,4.769088,0.623867,2.70805,0.0,,,0.152617,0.0,43,speed + benchmark
43 / other / speed + benchmark,other,42.0,0.0,0.0,,0.75,0.730159,0.95,0.913043,1.0,0.0,4.631776,0.485098,2.70805,0.0,,,0.75,0.793651,0.95,1.0,1.0,0.0,4.713219,0.543069,2.70805,0.0,,,0.0,0.0,43,speed + benchmark
43 / mixed / speed + benchmark,mixed,389.0,0.158897,0.002534,1.0,0.763496,0.607744,0.95,0.90407,1.0,0.398714,4.599758,0.522751,2.70805,0.0,3.826113,0.665102,0.763496,0.693603,0.95,0.93199,1.0,0.005405,4.735005,0.608655,2.70805,0.0,,,0.158897,0.002534,43,speed + benchmark
43 / lvo / speed + onset,lvo,57.0,0.254317,0.017462,1.0,0.828872,0.712766,0.95,0.90625,1.0,0.5,4.506875,0.492926,2.70805,0.0,3.775271,0.873961,0.828872,0.787234,0.95,0.943662,1.0,0.029851,4.617076,0.581886,2.70805,0.0,,,0.254317,0.017462,43,speed + onset
43 / nlvo / speed + onset,nlvo,290.0,0.117616,0.0,,0.761925,0.567506,0.95,0.901709,1.0,0.317536,4.618912,0.536274,2.70805,0.0,3.84812,0.557732,0.761925,0.659039,0.95,0.916667,1.0,0.0,4.769088,0.623867,2.70805,0.0,,,0.117616,0.0,43,speed + onset
43 / other / speed + onset,other,42.0,0.0,0.0,,0.785804,0.730159,0.95,0.913043,1.0,0.0,4.631776,0.485098,2.70805,0.0,,,0.785804,0.793651,0.95,1.0,1.0,0.0,4.713219,0.543069,2.70805,0.0,,,0.0,0.0,43,speed + onset
43 / mixed / speed + onset,mixed,389.0,0.126288,0.002602,1.0,0.783802,0.607744,0.95,0.90407,1.0,0.308682,4.599758,0.522751,2.70805,0.0,3.826113,0.665102,0.783802,0.693603,0.95,0.93199,1.0,0.005405,4.735005,0.608655,2.70805,0.0,,,0.126288,0.002602,43,speed + onset
43 / lvo / speed + onset + benchmark,lvo,57.0,0.306935,0.017462,1.0,0.828872,0.712766,0.95,0.90625,1.0,0.603448,4.506875,0.492926,2.70805,0.0,3.775271,0.873961,0.828872,0.787234,0.95,0.943662,1.0,0.029851,4.617076,0.581886,2.70805,0.0,,,0.306935,0.017462,43,speed + onset + benchmark
43 / nlvo / speed + onset + benchmark,nlvo,290.0,0.154334,0.0,,0.761925,0.567506,0.95,0.901709,1.0,0.416667,4.618912,0.536274,2.70805,0.0,3.84812,0.557732,0.761925,0.659039,0.95,0.916667,1.0,0.0,4.769088,0.623867,2.70805,0.0,,,0.154334,0.0,43,speed + onset + benchmark
43 / other / speed + onset + benchmark,other,42.0,0.0,0.0,,0.785804,0.730159,0.95,0.913043,1.0,0.0,4.631776,0.485098,2.70805,0.0,,,0.785804,0.793651,0.95,1.0,1.0,0.0,4.713219,0.543069,2.70805,0.0,,,0.0,0.0,43,speed + onset + benchmark
43 / mixed / speed + onset + benchmark,mixed,389.0,0.163122,0.002602,1.0,0.783802,0.607744,0.95,0.90407,1.0,0.398714,4.599758,0.522751,2.70805,0.0,3.826113,0.665102,0.783802,0.693603,0.95,0.93199,1.0,0.005405,4.735005,0.608655,2.70805,0.0,,,0.163122,0.002602,43,speed + onset + benchmark
44 / lvo / base,lvo,78.0,0.423077,0.307692,0.6875,0.903846,0.829787,0.991453,0.948276,1.0,0.581818,4.522348,0.469254,3.027215,0.689149,3.127706,0.856422,0.903846,0.886525,1.0,0.992,1.0,0.354839,4.591704,0.526643,3.048626,0.736241,4.777977,0.588501,0.410256,0.282052,44,base
44 / nlvo / base,nlvo,317.5,0.092913,0.022047,0.5,0.785827,0.478958,0.953975,0.894737,1.0,0.27451,4.65277,0.481825,3.133824,0.737557,3.193422,0.644005,0.785827,0.561122,0.971429,0.922794,1.0,0.043825,4.800706,0.572567,3.297471,0.902759,4.988406,0.517244,0.088189,0.017323,44,base
44 / other / base,other,44.5,0.0,0.0,,0.730337,0.569231,1.0,0.864865,1.0,0.0,4.491221,0.606801,3.119532,0.901029,,,0.730337,0.692308,1.0,0.888889,1.0,0.0,4.694134,0.705837,3.295502,1.020999,,,0.0,0.0,44,base
44 / mixed / base,mixed,440.0,0.142045,0.070455,0.645161,0.801136,0.557447,0.969466,0.908136,1.0,0.346821,4.598733,0.49451,3.099978,0.740232,3.158373,0.762281,0.801136,0.638298,0.982222,0.938914,1.0,0.13253,4.731992,0.581115,3.226896,0.877378,4.820063,0.576667,0.136364,0.0625,44,base
44 / lvo / benchmark,lvo,78.0,0.480769,0.282052,0.6875,0.903846,0.829787,0.991453,0.948276,1.0,0.681818,4.522348,0.469254,3.027215,0.689149,3.127706,0.856422,0.903846,0.886525,1.0,0.992,1.0,0.354839,4.591704,0.526643,3.048626,0.736241,4.777977,0.588501,0.480769,0.282052,44,benchmark
44 / nlvo / benchmark,nlvo,317.5,0.123562,0.017323,0.5,0.785827,0.478958,0.953975,0.894737,1.0,0.384615,4.65277,0.481825,3.133824,0.737557,3.193422,0.644005,0.785827,0.561122,0.971429,0.922794,1.0,0.043825,4.800706,0.572567,3.297471,0.902759,4.988406,0.517244,0.123562,0.017323,44,benchmark
44 / other / benchmark,other,44.5,0.0,0.0,,0.730337,0.569231,1.0,0.864865,1.0,0.0,4.491221,0.606801,3.119532,0.901029,,,0.730337,0.692308,1.0,0.888889,1.0,0.0,4.694134,0.705837,3.295502,1.020999,,,0.0,0.0,44,benchmark
44 / mixed / benchmark,mixed,440.0,0.180682,0.0625,0.645161,0.801136,0.557447,0.969466,0.908136,1.0,0.459538,4.598733,0.49451,3.099978,0.740232,3.158373,0.762281,0.801136,0.638298,0.982222,0.938914,1.0,0.13253,4.731992,0.581115,3.226896,0.877378,4.820063,0.576667,0.180682,0.0625,44,benchmark
44 / lvo / onset,lvo,78.0,0.410256,0.282052,0.6875,0.903846,0.829787,0.991453,0.948276,1.0,0.581818,4.522348,0.469254,3.027215,0.689149,3.127706,0.856422,0.903846,0.886525,1.0,0.992,1.0,0.354839,4.591704,0.526643,3.048626,0.736241,4.777977,0.588501,0.410256,0.282052,44,onset
44 / nlvo / onset,nlvo,317.5,0.088189,0.017323,0.5,0.785827,0.478958,0.953975,0.894737,1.0,0.27451,4.65277,0.481825,3.133824,0.737557,3.193422,0.644005,0.785827,0.561122,0.971429,0.922794,1.0,0.043825,4.800706,0.572567,3.297471,0.902759,4.988406,0.517244,0.088189,0.017323,44,onset
44 / other / onset,other,44.5,0.0,0.0,,0.785804,0.569231,1.0,0.864865,1.0,0.0,4.491221,0.606801,3.119532,0.901029,,,0.785804,0.692308,1.0,0.888889,1.0,0.0,4.694134,0.705837,3.295502,1.020999,,,0.0,0.0,44,onset
44 / mixed / onset,mixed,440.0,0.136364,0.0625,0.645161,0.801136,0.557447,0.969466,0.908136,1.0,0.346821,4.598733,0.49451,3.099978,0.740232,3.158373,0.762281,0.801136,0.638298,0.982222,0.938914,1.0,0.13253,4.731992,0.581115,3.226896,0.877378,4.820063,0.576667,0.136364,0.0625,44,onset
44 / lvo / speed,lvo,78.0,0.393103,0.267949,0.6875,0.903846,0.829787,0.95,0.948276,1.0,0.581818,4.522348,0.469254,2.70805,0.0,3.127706,0.856422,0.903846,0.886525,0.95,0.992,1.0,0.354839,4.591704,0.526643,2.70805,0.0,4.777977,0.588501,0.393103,0.267949,44,speed
44 / nlvo / speed,nlvo,317.5,0.087822,0.016941,0.5,0.785827,0.478958,0.95,0.894737,1.0,0.27451,4.65277,0.481825,2.70805,0.0,3.193422,0.644005,0.785827,0.561122,0.95,0.922794,1.0,0.043825,4.800706,0.572567,2.70805,0.0,4.988406,0.517244,0.087822,0.016941,44,speed
44 / other / speed,other,44.5,0.0,0.0,,0.730337,0.569231,0.95,0.864865,1.0,0.0,4.491221,0.606801,2.70805,0.0,,,0.730337,0.692308,0.95,0.888889,1.0,0.0,4.694134,0.705837,2.70805,0.0,,,0.0,0.0,44,speed
44 / mixed / speed,mixed,440.0,0.133626,0.06045,0.645161,0.801136,0.557447,0.95,0.908136,1.0,0.346821,4.598733,0.49451,2.70805,0.0,3.158373,0.762281,0.801136,0.638298,0.95,0.938914,1.0,0.13253,4.731992,0.581115,2.70805,0.0,4.820063,0.576667,0.133626,0.06045,44,speed
44 / lvo / onset + benchmark,lvo,78.0,0.480769,0.282052,0.6875,0.903846,0.829787,0.991453,0.948276,1.0,0.681818,4.522348,0.469254,3.027215,0.689149,3.127706,0.856422,0.903846,0.886525,1.0,0.992,1.0,0.354839,4.591704,0.526643,3.048626,0.736241,4.777977,0.588501,0.480769,0.282052,44,onset + benchmark
44 / nlvo / onset + benchmark,nlvo,317.5,0.123562,0.017323,0.5,0.785827,0.478958,0.953975,0.894737,1.0,0.384615,4.65277,0.481825,3.133824,0.737557,3.193422,0.644005,0.785827,0.561122,0.971429,0.922794,1.0,0.043825,4.800706,0.572567,3.297471,0.902759,4.988406,0.517244,0.123562,0.017323,44,onset + benchmark
44 / other / onset + benchmark,other,44.5,0.0,0.0,,0.785804,0.569231,1.0,0.864865,1.0,0.0,4.491221,0.606801,3.119532,0.901029,,,0.785804,0.692308,1.0,0.888889,1.0,0.0,4.694134,0.705837,3.295502,1.020999,,,0.0,0.0,44,onset + benchmark
44 / mixed / onset + benchmark,mixed,440.0,0.180682,0.0625,0.645161,0.801136,0.557447,0.969466,0.908136,1.0,0.459538,4.598733,0.49451,3.099978,0.740232,3.158373,0.762281,0.801136,0.638298,0.982222,0.938914,1.0,0.13253,4.731992,0.581115,3.226896,0.877378,4.820063,0.576667,0.180682,0.0625,44,onset + benchmark
44 / lvo / speed + benchmark,lvo,78.0,0.460668,0.267949,0.6875,0.903846,0.829787,0.95,0.948276,1.0,0.681818,4.522348,0.469254,2.70805,0.0,3.127706,0.856422,0.903846,0.886525,0.95,0.992,1.0,0.354839,4.591704,0.526643,2.70805,0.0,4.777977,0.588501,0.460668,0.267949,44,speed + benchmark
44 / nlvo / speed + benchmark,nlvo,317.5,0.123047,0.016941,0.5,0.785827,0.478958,0.95,0.894737,1.0,0.384615,4.65277,0.481825,2.70805,0.0,3.193422,0.644005,0.785827,0.561122,0.95,0.922794,1.0,0.043825,4.800706,0.572567,2.70805,0.0,4.988406,0.517244,0.123047,0.016941,44,speed + benchmark
44 / other / speed + benchmark,other,44.5,0.0,0.0,,0.730337,0.569231,0.95,0.864865,1.0,0.0,4.491221,0.606801,2.70805,0.0,,,0.730337,0.692308,0.95,0.888889,1.0,0.0,4.694134,0.705837,2.70805,0.0,,,0.0,0.0,44,speed + benchmark
44 / mixed / speed + benchmark,mixed,440.0,0.177054,0.06045,0.645161,0.801136,0.557447,0.95,0.908136,1.0,0.459538,4.598733,0.49451,2.70805,0.0,3.158373,0.762281,0.801136,0.638298,0.95,0.938914,1.0,0.13253,4.731992,0.581115,2.70805,0.0,4.820063,0.576667,0.177054,0.06045,44,speed + benchmark
44 / lvo / speed + onset,lvo,78.0,0.393103,0.267949,0.6875,0.903846,0.829787,0.95,0.948276,1.0,0.581818,4.522348,0.469254,2.70805,0.0,3.127706,0.856422,0.903846,0.886525,0.95,0.992,1.0,0.354839,4.591704,0.526643,2.70805,0.0,4.777977,0.588501,0.393103,0.267949,44,speed + onset
44 / nlvo / speed + onset,nlvo,317.5,0.087822,0.016941,0.5,0.785827,0.478958,0.95,0.894737,1.0,0.27451,4.65277,0.481825,2.70805,0.0,3.193422,0.644005,0.785827,0.561122,0.95,0.922794,1.0,0.043825,4.800706,0.572567,2.70805,0.0,4.988406,0.517244,0.087822,0.016941,44,speed + onset
44 / other / speed + onset,other,44.5,0.0,0.0,,0.785804,0.569231,0.95,0.864865,1.0,0.0,4.491221,0.606801,2.70805,0.0,,,0.785804,0.692308,0.95,0.888889,1.0,0.0,4.694134,0.705837,2.70805,0.0,,,0.0,0.0,44,speed + onset
44 / mixed / speed + onset,mixed,440.0,0.133626,0.06045,0.645161,0.801136,0.557447,0.95,0.908136,1.0,0.346821,4.598733,0.49451,2.70805,0.0,3.158373,0.762281,0.801136,0.638298,0.95,0.938914,1.0,0.13253,4.731992,0.581115,2.70805,0.0,4.820063,0.576667,0.133626,0.06045,44,speed + onset
44 / lvo / speed + onset + benchmark,lvo,78.0,0.460668,0.267949,0.6875,0.903846,0.829787,0.95,0.948276,1.0,0.681818,4.522348,0.469254,2.70805,0.0,3.127706,0.856422,0.903846,0.886525,0.95,0.992,1.0,0.354839,4.591704,0.526643,2.70805,0.0,4.777977,0.588501,0.460668,0.267949,44,speed + onset + benchmark
44 / nlvo / speed + onset + benchmark,nlvo,317.5,0.123047,0.016941,0.5,0.785827,0.478958,0.95,0.894737,1.0,0.384615,4.65277,0.481825,2.70805,0.0,3.193422,0.644005,0.785827,0.561122,0.95,0.922794,1.0,0.043825,4.800706,0.572567,2.70805,0.0,4.988406,0.517244,0.123047,0.016941,44,speed + onset + benchmark
44 / other / speed + onset + benchmark,other,44.5,0.0,0.0,,0.785804,0.569231,0.95,0.864865,1.0,0.0,4.491221,0.606801,2.70805,0.0,,,0.785804,0.692308,0.95,0.888889,1.0,0.0,4.694134,0.705837,2.70805,0.0,,,0.0,0.0,44,speed + onset + benchmark
44 / mixed / speed + onset + benchmark,mixed,440.0,0.177054,0.06045,0.645161,0.801136,0.557447,0.95,0.908136,1.0,0.459538,4.598733,0.49451,2.70805,0.0,3.158373,0.762281,0.801136,0.638298,0.95,0.938914,1.0,0.13253,4.731992,0.581115,2.70805,0.0,4.820063,0.576667,0.177054,0.06045,44,speed + onset + benchmark
45 / lvo / base,lvo,44.0,0.318182,0.068182,1.0,0.818182,0.722222,0.980769,0.941176,1.0,0.583333,4.427301,0.99013,2.868734,0.918558,3.699127,0.72144,0.818182,0.819444,0.983051,0.948276,1.0,0.109091,4.578773,1.018673,2.914526,0.973047,,,0.318181,0.068182,45,base
45 / nlvo / base,nlvo,274.0,0.074818,0.001825,0.0,0.596715,0.474006,0.929032,0.854167,1.0,0.325203,4.700218,0.49354,3.349612,0.916326,3.936084,0.514896,0.596715,0.599388,0.964286,0.867725,1.0,0.006098,4.905246,0.595362,3.600448,1.041582,,,0.072993,0.001825,45,base
45 / other / base,other,40.0,0.0,0.0,,0.5625,0.622222,0.892857,0.84,1.0,0.0,4.741044,0.49231,3.341951,0.75586,,,0.5625,0.711111,0.9375,0.866667,1.0,0.0,4.850713,0.548188,3.532359,0.875749,,,0.0,0.0,45,base
45 / mixed / base,mixed,358.0,0.096369,0.009777,0.857143,0.620112,0.529279,0.93617,0.872727,1.0,0.354167,4.644692,0.644666,3.237265,0.919072,3.838513,0.61471,0.620112,0.646396,0.965157,0.884477,1.0,0.028571,4.832051,0.708261,3.449451,1.044797,,,0.094972,0.009776,45,base
45 / lvo / benchmark,lvo,44.0,0.397727,0.068182,1.0,0.818182,0.722222,0.980769,0.941176,1.0,0.729167,4.427301,0.99013,2.868734,0.918558,3.699127,0.72144,0.818182,0.819444,0.983051,0.948276,1.0,0.109091,4.578773,1.018673,2.914526,0.973047,,,0.397727,0.068182,45,benchmark
45 / nlvo / benchmark,nlvo,274.0,0.114097,0.001825,0.0,0.596715,0.474006,0.929032,0.854167,1.0,0.508333,4.700218,0.49354,3.349612,0.916326,3.936084,0.514896,0.596715,0.599388,0.964286,0.867725,1.0,0.006098,4.905246,0.595362,3.600448,1.041582,,,0.114097,0.001825,45,benchmark
45 / other / benchmark,other,40.0,0.0,0.0,,0.5625,0.622222,0.892857,0.84,1.0,0.0,4.741044,0.49231,3.341951,0.75586,,,0.5625,0.711111,0.9375,0.866667,1.0,0.0,4.850713,0.548188,3.532359,0.875749,,,0.0,0.0,45,benchmark
45 / mixed / benchmark,mixed,358.0,0.135475,0.009776,0.857143,0.620112,0.529279,0.93617,0.872727,1.0,0.505208,4.644692,0.644666,3.237265,0.919072,3.838513,0.61471,0.620112,0.646396,0.965157,0.884477,1.0,0.028571,4.832051,0.708261,3.449451,1.044797,,,0.135475,0.009776,45,benchmark
45 / lvo / onset,lvo,44.0,0.322339,0.069073,1.0,0.828872,0.722222,0.980769,0.941176,1.0,0.583333,4.427301,0.99013,2.868734,0.918558,3.699127,0.72144,0.828872,0.819444,0.983051,0.948276,1.0,0.109091,4.578773,1.018673,2.914526,0.973047,,,0.322339,0.069073,45,onset
45 / nlvo / onset,nlvo,274.0,0.093202,0.00233,0.0,0.761925,0.474006,0.929032,0.854167,1.0,0.325203,4.700218,0.49354,3.349612,0.916326,3.936084,0.514896,0.761925,0.599388,0.964286,0.867725,1.0,0.006098,4.905246,0.595362,3.600448,1.041582,,,0.093202,0.00233,45,onset
45 / other / onset,other,40.0,0.0,0.0,,0.785804,0.622222,0.892857,0.84,1.0,0.0,4.741044,0.49231,3.341951,0.75586,,,0.785804,0.711111,0.9375,0.866667,1.0,0.0,4.850713,0.548188,3.532359,0.875749,,,0.0,0.0,45,onset
45 / mixed / onset,mixed,358.0,0.120042,0.012357,0.857143,0.783802,0.529279,0.93617,0.872727,1.0,0.354167,4.644692,0.644666,3.237265,0.919072,3.838513,0.61471,0.783802,0.646396,0.965157,0.884477,1.0,0.028571,4.832051,0.708261,3.449451,1.044797,,,0.120042,0.012357,45,onset
45 / lvo / speed,lvo,44.0,0.308199,0.06589,1.0,0.818182,0.722222,0.95,0.941176,1.0,0.583333,4.427301,0.99013,2.70805,0.0,3.699127,0.72144,0.818182,0.819444,0.95,0.948276,1.0,0.109091,4.578773,1.018673,2.70805,0.0,,,0.308199,0.06589,45,speed
45 / nlvo / speed,nlvo,274.0,0.07464,0.001798,0.0,0.596715,0.474006,0.95,0.854167,1.0,0.325203,4.700218,0.49354,2.70805,0.0,3.936084,0.514896,0.596715,0.599388,0.95,0.867725,1.0,0.006098,4.905246,0.595362,2.70805,0.0,,,0.07464,0.001798,45,speed
45 / other / speed,other,40.0,0.0,0.0,,0.5625,0.622222,0.95,0.84,1.0,0.0,4.741044,0.49231,2.70805,0.0,,,0.5625,0.711111,0.95,0.866667,1.0,0.0,4.850713,0.548188,2.70805,0.0,,,0.0,0.0,45,speed
45 / mixed / speed,mixed,358.0,0.096375,0.009623,0.857143,0.620112,0.529279,0.95,0.872727,1.0,0.354167,4.644692,0.644666,2.70805,0.0,3.838513,0.61471,0.620112,0.646396,0.95,0.884477,1.0,0.028571,4.832051,0.708261,2.70805,0.0,,,0.096375,0.009623,45,speed
45 / lvo / onset + benchmark,lvo,44.0,0.402923,0.069073,1.0,0.828872,0.722222,0.980769,0.941176,1.0,0.729167,4.427301,0.99013,2.868734,0.918558,3.699127,0.72144,0.828872,0.819444,0.983051,0.948276,1.0,0.109091,4.578773,1.018673,2.914526,0.973047,,,0.402923,0.069073,45,onset + benchmark
45 / nlvo / onset + benchmark,nlvo,274.0,0.145686,0.00233,0.0,0.761925,0.474006,0.929032,0.854167,1.0,0.508333,4.700218,0.49354,3.349612,0.916326,3.936084,0.514896,0.761925,0.599388,0.964286,0.867725,1.0,0.006098,4.905246,0.595362,3.600448,1.041582,,,0.145686,0.00233,45,onset + benchmark
45 / other / onset + benchmark,other,40.0,0.0,0.0,,0.785804,0.622222,0.892857,0.84,1.0,0.0,4.741044,0.49231,3.341951,0.75586,,,0.785804,0.711111,0.9375,0.866667,1.0,0.0,4.850713,0.548188,3.532359,0.875749,,,0.0,0.0,45,onset + benchmark
45 / mixed / onset + benchmark,mixed,358.0,0.171236,0.012357,0.857143,0.783802,0.529279,0.93617,0.872727,1.0,0.505208,4.644692,0.644666,3.237265,0.919072,3.838513,0.61471,0.783802,0.646396,0.965157,0.884477,1.0,0.028571,4.832051,0.708261,3.449451,1.044797,,,0.171236,0.012357,45,onset + benchmark
45 / lvo / speed + benchmark,lvo,44.0,0.385249,0.06589,1.0,0.818182,0.722222,0.95,0.941176,1.0,0.729167,4.427301,0.99013,2.70805,0.0,3.699127,0.72144,0.818182,0.819444,0.95,0.948276,1.0,0.109091,4.578773,1.018673,2.70805,0.0,,,0.385249,0.06589,45,speed + benchmark
45 / nlvo / speed + benchmark,nlvo,274.0,0.116672,0.001798,0.0,0.596715,0.474006,0.95,0.854167,1.0,0.508333,4.700218,0.49354,2.70805,0.0,3.936084,0.514896,0.596715,0.599388,0.95,0.867725,1.0,0.006098,4.905246,0.595362,2.70805,0.0,,,0.116672,0.001798,45,speed + benchmark
45 / other / speed + benchmark,other,40.0,0.0,0.0,,0.5625,0.622222,0.95,0.84,1.0,0.0,4.741044,0.49231,2.70805,0.0,,,0.5625,0.711111,0.95,0.866667,1.0,0.0,4.850713,0.548188,2.70805,0.0,,,0.0,0.0,45,speed + benchmark
45 / mixed / speed + benchmark,mixed,358.0,0.137476,0.009623,0.857143,0.620112,0.529279,0.95,0.872727,1.0,0.505208,4.644692,0.644666,2.70805,0.0,3.838513,0.61471,0.620112,0.646396,0.95,0.884477,1.0,0.028571,4.832051,0.708261,2.70805,0.0,,,0.137476,0.009623,45,speed + benchmark
45 / lvo / speed + onset,lvo,44.0,0.312226,0.06675,1.0,0.828872,0.722222,0.95,0.941176,1.0,0.583333,4.427301,0.99013,2.70805,0.0,3.699127,0.72144,0.828872,0.819444,0.95,0.948276,1.0,0.109091,4.578773,1.018673,2.70805,0.0,,,0.312226,0.06675,45,speed + onset
45 / nlvo / speed + onset,nlvo,274.0,0.095305,0.002296,0.0,0.761925,0.474006,0.95,0.854167,1.0,0.325203,4.700218,0.49354,2.70805,0.0,3.936084,0.514896,0.761925,0.599388,0.95,0.867725,1.0,0.006098,4.905246,0.595362,2.70805,0.0,,,0.095305,0.002296,45,speed + onset
45 / other / speed + onset,other,40.0,0.0,0.0,,0.785804,0.622222,0.95,0.84,1.0,0.0,4.741044,0.49231,2.70805,0.0,,,0.785804,0.711111,0.95,0.866667,1.0,0.0,4.850713,0.548188,2.70805,0.0,,,0.0,0.0,45,speed + onset
45 / mixed / speed + onset,mixed,358.0,0.121815,0.012163,0.857143,0.783802,0.529279,0.95,0.872727,1.0,0.354167,4.644692,0.644666,2.70805,0.0,3.838513,0.61471,0.783802,0.646396,0.95,0.884477,1.0,0.028571,4.832051,0.708261,2.70805,0.0,,,0.121815,0.012163,45,speed + onset
45 / lvo / speed + onset + benchmark,lvo,44.0,0.390283,0.06675,1.0,0.828872,0.722222,0.95,0.941176,1.0,0.729167,4.427301,0.99013,2.70805,0.0,3.699127,0.72144,0.828872,0.819444,0.95,0.948276,1.0,0.109091,4.578773,1.018673,2.70805,0.0,,,0.390283,0.06675,45,speed + onset + benchmark
45 / nlvo / speed + onset + benchmark,nlvo,274.0,0.148974,0.002296,0.0,0.761925,0.474006,0.95,0.854167,1.0,0.508333,4.700218,0.49354,2.70805,0.0,3.936084,0.514896,0.761925,0.599388,0.95,0.867725,1.0,0.006098,4.905246,0.595362,2.70805,0.0,,,0.148974,0.002296,45,speed + onset + benchmark
45 / other / speed + onset + benchmark,other,40.0,0.0,0.0,,0.785804,0.622222,0.95,0.84,1.0,0.0,4.741044,0.49231,2.70805,0.0,,,0.785804,0.711111,0.95,0.866667,1.0,0.0,4.850713,0.548188,2.70805,0.0,,,0.0,0.0,45,speed + onset + benchmark
45 / mixed / speed + onset + benchmark,mixed,358.0,0.173765,0.012163,0.857143,0.783802,0.529279,0.95,0.872727,1.0,0.505208,4.644692,0.644666,2.70805,0.0,3.838513,0.61471,0.783802,0.646396,0.95,0.884477,1.0,0.028571,4.832051,0.708261,2.70805,0.0,,,0.173765,0.012163,45,speed + onset + benchmark
46 / lvo / base,lvo,94.5,0.169312,0.068783,0.230769,0.539683,0.754902,1.0,0.935065,1.0,0.402778,4.366296,0.582202,3.158588,0.781814,3.663349,0.810489,0.539683,0.823529,0.97619,0.97561,1.0,0.075,4.473376,0.662918,3.213482,0.811161,,,0.153439,0.031746,46,base
46 / nlvo / base,nlvo,301.0,0.089701,0.001661,0.0,0.44186,0.62782,0.934132,0.846154,1.0,0.371212,4.546005,0.646782,3.539151,0.753592,3.413446,0.901303,0.44186,0.714286,0.973684,0.864865,1.0,0.0,4.689267,0.720358,3.708931,0.883056,,,0.081395,0.0,46,base
46 / other / base,other,56.5,0.0,0.0,,0.442478,0.7,1.0,0.971429,1.0,0.0,4.382229,0.598767,3.187473,0.595516,,,0.442478,0.8,0.975,0.948718,1.0,0.0,4.555336,0.727088,3.280337,0.659251,,,0.0,0.0,46,base
46 / mixed / base,mixed,452.0,0.095133,0.015487,0.214286,0.462389,0.667464,0.960573,0.88806,1.0,0.327731,4.475862,0.627447,3.383882,0.763286,3.506359,0.871805,0.462389,0.751196,0.974522,0.905229,1.0,0.021661,4.614451,0.710584,3.521539,0.868086,,,0.086283,0.006637,46,base
46 / lvo / benchmark,lvo,94.5,0.248677,0.031746,0.230769,0.539683,0.754902,1.0,0.935065,1.0,0.652778,4.366296,0.582202,3.158588,0.781814,3.663349,0.810489,0.539683,0.823529,0.97619,0.97561,1.0,0.075,4.473376,0.662918,3.213482,0.811161,,,0.248677,0.031746,46,benchmark
46 / nlvo / benchmark,nlvo,301.0,0.113115,0.0,0.0,0.44186,0.62782,0.934132,0.846154,1.0,0.515873,4.546005,0.646782,3.539151,0.753592,3.413446,0.901303,0.44186,0.714286,0.973684,0.864865,1.0,0.0,4.689267,0.720358,3.708931,0.883056,,,0.113115,0.0,46,benchmark
46 / other / benchmark,other,56.5,0.0,0.0,,0.442478,0.7,1.0,0.971429,1.0,0.0,4.382229,0.598767,3.187473,0.595516,,,0.442478,0.8,0.975,0.948718,1.0,0.0,4.555336,0.727088,3.280337,0.659251,,,0.0,0.0,46,benchmark
46 / mixed / benchmark,mixed,452.0,0.129425,0.006637,0.214286,0.462389,0.667464,0.960573,0.88806,1.0,0.491597,4.475862,0.627447,3.383882,0.763286,3.506359,0.871805,0.462389,0.751196,0.974522,0.905229,1.0,0.021661,4.614451,0.710584,3.521539,0.868086,,,0.129425,0.006637,46,benchmark
46 / lvo / onset,lvo,94.5,0.23566,0.048757,0.230769,0.828872,0.754902,1.0,0.935065,1.0,0.402778,4.366296,0.582202,3.158588,0.781814,3.663349,0.810489,0.828872,0.823529,0.97619,0.97561,1.0,0.075,4.473376,0.662918,3.213482,0.811161,,,0.23566,0.048757,46,onset
46 / nlvo / onset,nlvo,301.0,0.140355,0.0,0.0,0.761925,0.62782,0.934132,0.846154,1.0,0.371212,4.546005,0.646782,3.539151,0.753592,3.413446,0.901303,0.761925,0.714286,0.973684,0.864865,1.0,0.0,4.689267,0.720358,3.708931,0.883056,,,0.140355,0.0,46,onset
46 / other / onset,other,56.5,0.0,0.0,,0.785804,0.7,1.0,0.971429,1.0,0.0,4.382229,0.598767,3.187473,0.595516,,,0.785804,0.8,0.975,0.948718,1.0,0.0,4.555336,0.727088,3.280337,0.659251,,,0.0,0.0,46,onset
46 / mixed / onset,mixed,452.0,0.14626,0.011251,0.214286,0.783802,0.667464,0.960573,0.88806,1.0,0.327731,4.475862,0.627447,3.383882,0.763286,3.506359,0.871805,0.783802,0.751196,0.974522,0.905229,1.0,0.021661,4.614451,0.710584,3.521539,0.868086,,,0.14626,0.011251,46,onset
46 / lvo / speed,lvo,94.5,0.145767,0.030894,0.230769,0.539683,0.754902,0.95,0.935065,1.0,0.402778,4.366296,0.582202,2.70805,0.0,3.663349,0.810489,0.539683,0.823529,0.95,0.97561,1.0,0.075,4.473376,0.662918,2.70805,0.0,,,0.145767,0.030894,46,speed
46 / nlvo / speed,nlvo,301.0,0.082778,0.0,0.0,0.44186,0.62782,0.95,0.846154,1.0,0.371212,4.546005,0.646782,2.70805,0.0,3.413446,0.901303,0.44186,0.714286,0.95,0.864865,1.0,0.0,4.689267,0.720358,2.70805,0.0,,,0.082778,0.0,46,speed
46 / other / speed,other,56.5,0.0,0.0,,0.442478,0.7,0.95,0.971429,1.0,0.0,4.382229,0.598767,2.70805,0.0,,,0.442478,0.8,0.95,0.948718,1.0,0.0,4.555336,0.727088,2.70805,0.0,,,0.0,0.0,46,speed
46 / mixed / speed,mixed,452.0,0.085333,0.00647,0.214286,0.462389,0.667464,0.95,0.88806,1.0,0.327731,4.475862,0.627447,2.70805,0.0,3.506359,0.871805,0.462389,0.751196,0.95,0.905229,1.0,0.021661,4.614451,0.710584,2.70805,0.0,,,0.085333,0.00647,46,speed
46 / lvo / onset + benchmark,lvo,94.5,0.381931,0.048757,0.230769,0.828872,0.754902,1.0,0.935065,1.0,0.652778,4.366296,0.582202,3.158588,0.781814,3.663349,0.810489,0.828872,0.823529,0.97619,0.97561,1.0,0.075,4.473376,0.662918,3.213482,0.811161,,,0.381931,0.048757,46,onset + benchmark
46 / nlvo / onset + benchmark,nlvo,301.0,0.195051,0.0,0.0,0.761925,0.62782,0.934132,0.846154,1.0,0.515873,4.546005,0.646782,3.539151,0.753592,3.413446,0.901303,0.761925,0.714286,0.973684,0.864865,1.0,0.0,4.689267,0.720358,3.708931,0.883056,,,0.195051,0.0,46,onset + benchmark
46 / other / onset + benchmark,other,56.5,0.0,0.0,,0.785804,0.7,1.0,0.971429,1.0,0.0,4.382229,0.598767,3.187473,0.595516,,,0.785804,0.8,0.975,0.948718,1.0,0.0,4.555336,0.727088,3.280337,0.659251,,,0.0,0.0,46,onset + benchmark
46 / mixed / onset + benchmark,mixed,452.0,0.219389,0.011251,0.214286,0.783802,0.667464,0.960573,0.88806,1.0,0.491597,4.475862,0.627447,3.383882,0.763286,3.506359,0.871805,0.783802,0.751196,0.974522,0.905229,1.0,0.021661,4.614451,0.710584,3.521539,0.868086,,,0.219389,0.011251,46,onset + benchmark
46 / lvo / speed + benchmark,lvo,94.5,0.236244,0.030894,0.230769,0.539683,0.754902,0.95,0.935065,1.0,0.652778,4.366296,0.582202,2.70805,0.0,3.663349,0.810489,0.539683,0.823529,0.95,0.97561,1.0,0.075,4.473376,0.662918,2.70805,0.0,,,0.236244,0.030894,46,speed + benchmark
46 / nlvo / speed + benchmark,nlvo,301.0,0.115037,0.0,0.0,0.44186,0.62782,0.95,0.846154,1.0,0.515873,4.546005,0.646782,2.70805,0.0,3.413446,0.901303,0.44186,0.714286,0.95,0.864865,1.0,0.0,4.689267,0.720358,2.70805,0.0,,,0.115037,0.0,46,speed + benchmark
46 / other / speed + benchmark,other,56.5,0.0,0.0,,0.442478,0.7,0.95,0.971429,1.0,0.0,4.382229,0.598767,2.70805,0.0,,,0.442478,0.8,0.95,0.948718,1.0,0.0,4.555336,0.727088,2.70805,0.0,,,0.0,0.0,46,speed + benchmark
46 / mixed / speed + benchmark,mixed,452.0,0.128,0.00647,0.214286,0.462389,0.667464,0.95,0.88806,1.0,0.491597,4.475862,0.627447,2.70805,0.0,3.506359,0.871805,0.462389,0.751196,0.95,0.905229,1.0,0.021661,4.614451,0.710584,2.70805,0.0,,,0.128,0.00647,46,speed + benchmark
46 / lvo / speed + onset,lvo,94.5,0.223877,0.047449,0.230769,0.828872,0.754902,0.95,0.935065,1.0,0.402778,4.366296,0.582202,2.70805,0.0,3.663349,0.810489,0.828872,0.823529,0.95,0.97561,1.0,0.075,4.473376,0.662918,2.70805,0.0,,,0.223877,0.047449,46,speed + onset
46 / nlvo / speed + onset,nlvo,301.0,0.142739,0.0,0.0,0.761925,0.62782,0.95,0.846154,1.0,0.371212,4.546005,0.646782,2.70805,0.0,3.413446,0.901303,0.761925,0.714286,0.95,0.864865,1.0,0.0,4.689267,0.720358,2.70805,0.0,,,0.142739,0.0,46,speed + onset
46 / other / speed + onset,other,56.5,0.0,0.0,,0.785804,0.7,0.95,0.971429,1.0,0.0,4.382229,0.598767,2.70805,0.0,,,0.785804,0.8,0.95,0.948718,1.0,0.0,4.555336,0.727088,2.70805,0.0,,,0.0,0.0,46,speed + onset
46 / mixed / speed + onset,mixed,452.0,0.14465,0.010968,0.214286,0.783802,0.667464,0.95,0.88806,1.0,0.327731,4.475862,0.627447,2.70805,0.0,3.506359,0.871805,0.783802,0.751196,0.95,0.905229,1.0,0.021661,4.614451,0.710584,2.70805,0.0,,,0.14465,0.010968,46,speed + onset
46 / lvo / speed + onset + benchmark,lvo,94.5,0.362835,0.047449,0.230769,0.828872,0.754902,0.95,0.935065,1.0,0.652778,4.366296,0.582202,2.70805,0.0,3.663349,0.810489,0.828872,0.823529,0.95,0.97561,1.0,0.075,4.473376,0.662918,2.70805,0.0,,,0.362835,0.047449,46,speed + onset + benchmark
46 / nlvo / speed + onset + benchmark,nlvo,301.0,0.198364,0.0,0.0,0.761925,0.62782,0.95,0.846154,1.0,0.515873,4.546005,0.646782,2.70805,0.0,3.413446,0.901303,0.761925,0.714286,0.95,0.864865,1.0,0.0,4.689267,0.720358,2.70805,0.0,,,0.198364,0.0,46,speed + onset + benchmark
46 / other / speed + onset + benchmark,other,56.5,0.0,0.0,,0.785804,0.7,0.95,0.971429,1.0,0.0,4.382229,0.598767,2.70805,0.0,,,0.785804,0.8,0.95,0.948718,1.0,0.0,4.555336,0.727088,2.70805,0.0,,,0.0,0.0,46,speed + onset + benchmark
46 / mixed / speed + onset + benchmark,mixed,452.0,0.216975,0.010968,0.214286,0.783802,0.667464,0.95,0.88806,1.0,0.491597,4.475862,0.627447,2.70805,0.0,3.506359,0.871805,0.783802,0.751196,0.95,0.905229,1.0,0.021661,4.614451,0.710584,2.70805,0.0,,,0.216975,0.010968,46,speed + onset + benchmark
47 / lvo / base,lvo,144.5,0.311419,0.031142,0.666667,0.615917,0.825843,0.986395,1.0,1.0,0.613793,4.416676,0.580083,2.33673,0.885008,3.491066,0.50971,0.615917,0.88764,0.987342,0.967949,1.0,0.059603,4.50596,0.649121,2.401317,0.950974,,,0.307959,0.031142,47,base
47 / nlvo / base,nlvo,425.0,0.103529,0.002353,1.0,0.436471,0.609164,0.969027,0.922374,1.0,0.420792,4.489648,0.732784,2.625606,1.035502,3.437976,0.495254,0.436471,0.733154,0.977941,0.87218,1.0,0.008621,4.695432,0.810204,2.903095,1.201649,,,0.1,0.002353,47,base
47 / other / base,other,68.0,0.0,0.0,,0.470588,0.796875,0.941176,0.895833,1.0,0.0,4.537238,0.481535,2.649365,1.129985,,,0.470588,0.84375,0.925926,0.98,1.0,0.0,4.593541,0.523228,2.686168,1.142771,,,0.0,0.0,47,base
47 / mixed / base,mixed,637.5,0.139608,0.008627,0.727273,0.480784,0.69168,0.971698,0.946602,1.0,0.446154,4.470073,0.65644,2.526707,1.004431,3.465131,0.501953,0.480784,0.78956,0.975207,0.915254,1.0,0.025463,4.622211,0.736779,2.714273,1.139539,5.323709,0.86176,0.13647,0.008627,47,base
47 / lvo / benchmark,lvo,144.5,0.415225,0.031142,0.666667,0.615917,0.825843,0.986395,1.0,1.0,0.827586,4.416676,0.580083,2.33673,0.885008,3.491066,0.50971,0.615917,0.88764,0.987342,0.967949,1.0,0.059603,4.50596,0.649121,2.401317,0.950974,,,0.415225,0.031142,47,benchmark
47 / nlvo / benchmark,nlvo,425.0,0.122424,0.002353,1.0,0.436471,0.609164,0.969027,0.922374,1.0,0.515152,4.489648,0.732784,2.625606,1.035502,3.437976,0.495254,0.436471,0.733154,0.977941,0.87218,1.0,0.008621,4.695432,0.810204,2.903095,1.201649,,,0.122424,0.002353,47,benchmark
47 / other / benchmark,other,68.0,0.0,0.0,,0.470588,0.796875,0.941176,0.895833,1.0,0.0,4.537238,0.481535,2.649365,1.129985,,,0.470588,0.84375,0.925926,0.98,1.0,0.0,4.593541,0.523228,2.686168,1.142771,,,0.0,0.0,47,benchmark
47 / mixed / benchmark,mixed,637.5,0.17647,0.008627,0.727273,0.480784,0.69168,0.971698,0.946602,1.0,0.576923,4.470073,0.65644,2.526707,1.004431,3.465131,0.501953,0.480784,0.78956,0.975207,0.915254,1.0,0.025463,4.622211,0.736779,2.714273,1.139539,5.323709,0.86176,0.17647,0.008627,47,benchmark
47 / lvo / onset,lvo,144.5,0.414436,0.04191,0.666667,0.828872,0.825843,0.986395,1.0,1.0,0.613793,4.416676,0.580083,2.33673,0.885008,3.491066,0.50971,0.828872,0.88764,0.987342,0.967949,1.0,0.059603,4.50596,0.649121,2.401317,0.950974,,,0.414436,0.04191,47,onset
47 / nlvo / onset,nlvo,425.0,0.174565,0.004108,1.0,0.761925,0.609164,0.969027,0.922374,1.0,0.420792,4.489648,0.732784,2.625606,1.035502,3.437976,0.495254,0.761925,0.733154,0.977941,0.87218,1.0,0.008621,4.695432,0.810204,2.903095,1.201649,,,0.174565,0.004108,47,onset
47 / other / onset,other,68.0,0.0,0.0,,0.785804,0.796875,0.941176,0.895833,1.0,0.0,4.537238,0.481535,2.649365,1.129985,,,0.785804,0.84375,0.925926,0.98,1.0,0.0,4.593541,0.523228,2.686168,1.142771,,,0.0,0.0,47,onset
47 / mixed / onset,mixed,637.5,0.222482,0.014065,0.727273,0.783802,0.69168,0.971698,0.946602,1.0,0.446154,4.470073,0.65644,2.526707,1.004431,3.465131,0.501953,0.783802,0.78956,0.975207,0.915254,1.0,0.025463,4.622211,0.736779,2.714273,1.139539,5.323709,0.86176,0.222482,0.014065,47,onset
47 / lvo / speed,lvo,144.5,0.296596,0.029964,0.666667,0.615917,0.825843,0.95,1.0,1.0,0.613793,4.416676,0.580083,2.33673,0.0,3.491066,0.50971,0.615917,0.88764,0.95,0.967949,1.0,0.059603,4.50596,0.649121,2.401317,0.0,,,0.296596,0.029964,47,speed
47 / nlvo / speed,nlvo,425.0,0.098036,0.002286,1.0,0.436471,0.609164,0.95,0.922374,1.0,0.420792,4.489648,0.732784,2.625606,0.0,3.437976,0.495254,0.436471,0.733154,0.95,0.87218,1.0,0.008621,4.695432,0.810204,2.70805,0.0,,,0.098036,0.002286,47,speed
47 / other / speed,other,68.0,0.0,0.0,,0.470588,0.796875,0.95,0.895833,1.0,0.0,4.537238,0.481535,2.649365,0.0,,,0.470588,0.84375,0.95,0.98,1.0,0.0,4.593541,0.523228,2.686168,0.0,,,0.0,0.0,47,speed
47 / mixed / speed,mixed,637.5,0.133423,0.008404,0.727273,0.480784,0.69168,0.95,0.946602,1.0,0.446154,4.470073,0.65644,2.526707,0.0,3.465131,0.501953,0.480784,0.78956,0.95,0.915254,1.0,0.025463,4.622211,0.736779,2.70805,0.0,5.323709,0.86176,0.133423,0.008404,47,speed
47 / lvo / onset + benchmark,lvo,144.5,0.558791,0.04191,0.666667,0.828872,0.825843,0.986395,1.0,1.0,0.827586,4.416676,0.580083,2.33673,0.885008,3.491066,0.50971,0.828872,0.88764,0.987342,0.967949,1.0,0.059603,4.50596,0.649121,2.401317,0.950974,,,0.558791,0.04191,47,onset + benchmark
47 / nlvo / onset + benchmark,nlvo,425.0,0.21371,0.004108,1.0,0.761925,0.609164,0.969027,0.922374,1.0,0.515152,4.489648,0.732784,2.625606,1.035502,3.437976,0.495254,0.761925,0.733154,0.977941,0.87218,1.0,0.008621,4.695432,0.810204,2.903095,1.201649,,,0.21371,0.004108,47,onset + benchmark
47 / other / onset + benchmark,other,68.0,0.0,0.0,,0.785804,0.796875,0.941176,0.895833,1.0,0.0,4.537238,0.481535,2.649365,1.129985,,,0.785804,0.84375,0.925926,0.98,1.0,0.0,4.593541,0.523228,2.686168,1.142771,,,0.0,0.0,47,onset + benchmark
47 / mixed / onset + benchmark,mixed,637.5,0.287692,0.014065,0.727273,0.783802,0.69168,0.971698,0.946602,1.0,0.576923,4.470073,0.65644,2.526707,1.004431,3.465131,0.501953,0.783802,0.78956,0.975207,0.915254,1.0,0.025463,4.622211,0.736779,2.714273,1.139539,5.323709,0.86176,0.287692,0.014065,47,onset + benchmark
47 / lvo / speed + benchmark,lvo,144.5,0.399905,0.029964,0.666667,0.615917,0.825843,0.95,1.0,1.0,0.827586,4.416676,0.580083,2.33673,0.0,3.491066,0.50971,0.615917,0.88764,0.95,0.967949,1.0,0.059603,4.50596,0.649121,2.401317,0.0,,,0.399905,0.029964,47,speed + benchmark
47 / nlvo / speed + benchmark,nlvo,425.0,0.12002,0.002286,1.0,0.436471,0.609164,0.95,0.922374,1.0,0.515152,4.489648,0.732784,2.625606,0.0,3.437976,0.495254,0.436471,0.733154,0.95,0.87218,1.0,0.008621,4.695432,0.810204,2.70805,0.0,,,0.12002,0.002286,47,speed + benchmark
47 / other / speed + benchmark,other,68.0,0.0,0.0,,0.470588,0.796875,0.95,0.895833,1.0,0.0,4.537238,0.481535,2.649365,0.0,,,0.470588,0.84375,0.95,0.98,1.0,0.0,4.593541,0.523228,2.686168,0.0,,,0.0,0.0,47,speed + benchmark
47 / mixed / speed + benchmark,mixed,637.5,0.17253,0.008404,0.727273,0.480784,0.69168,0.95,0.946602,1.0,0.576923,4.470073,0.65644,2.526707,0.0,3.465131,0.501953,0.480784,0.78956,0.95,0.915254,1.0,0.025463,4.622211,0.736779,2.70805,0.0,5.323709,0.86176,0.17253,0.008404,47,speed + benchmark
47 / lvo / speed + onset,lvo,144.5,0.399145,0.040324,0.666667,0.828872,0.825843,0.95,1.0,1.0,0.613793,4.416676,0.580083,2.33673,0.0,3.491066,0.50971,0.828872,0.88764,0.95,0.967949,1.0,0.059603,4.50596,0.649121,2.401317,0.0,,,0.399145,0.040324,47,speed + onset
47 / nlvo / speed + onset,nlvo,425.0,0.171137,0.00399,1.0,0.761925,0.609164,0.95,0.922374,1.0,0.420792,4.489648,0.732784,2.625606,0.0,3.437976,0.495254,0.761925,0.733154,0.95,0.87218,1.0,0.008621,4.695432,0.810204,2.70805,0.0,,,0.171137,0.00399,47,speed + onset
47 / other / speed + onset,other,68.0,0.0,0.0,,0.785804,0.796875,0.95,0.895833,1.0,0.0,4.537238,0.481535,2.649365,0.0,,,0.785804,0.84375,0.95,0.98,1.0,0.0,4.593541,0.523228,2.686168,0.0,,,0.0,0.0,47,speed + onset
47 / mixed / speed + onset,mixed,637.5,0.217514,0.013701,0.727273,0.783802,0.69168,0.95,0.946602,1.0,0.446154,4.470073,0.65644,2.526707,0.0,3.465131,0.501953,0.783802,0.78956,0.95,0.915254,1.0,0.025463,4.622211,0.736779,2.70805,0.0,5.323709,0.86176,0.217514,0.013701,47,speed + onset
47 / lvo / speed + onset + benchmark,lvo,144.5,0.538173,0.040324,0.666667,0.828872,0.825843,0.95,1.0,1.0,0.827586,4.416676,0.580083,2.33673,0.0,3.491066,0.50971,0.828872,0.88764,0.95,0.967949,1.0,0.059603,4.50596,0.649121,2.401317,0.0,,,0.538173,0.040324,47,speed + onset + benchmark
47 / nlvo / speed + onset + benchmark,nlvo,425.0,0.209514,0.00399,1.0,0.761925,0.609164,0.95,0.922374,1.0,0.515152,4.489648,0.732784,2.625606,0.0,3.437976,0.495254,0.761925,0.733154,0.95,0.87218,1.0,0.008621,4.695432,0.810204,2.70805,0.0,,,0.209514,0.00399,47,speed + onset + benchmark
47 / other / speed + onset + benchmark,other,68.0,0.0,0.0,,0.785804,0.796875,0.95,0.895833,1.0,0.0,4.537238,0.481535,2.649365,0.0,,,0.785804,0.84375,0.95,0.98,1.0,0.0,4.593541,0.523228,2.686168,0.0,,,0.0,0.0,47,speed + onset + benchmark
47 / mixed / speed + onset + benchmark,mixed,637.5,0.281268,0.013701,0.727273,0.783802,0.69168,0.95,0.946602,1.0,0.576923,4.470073,0.65644,2.526707,0.0,3.465131,0.501953,0.783802,0.78956,0.95,0.915254,1.0,0.025463,4.622211,0.736779,2.70805,0.0,5.323709,0.86176,0.281268,0.013701,47,speed + onset + benchmark
48 / lvo / base,lvo,192.0,0.328125,0.023438,0.888889,0.789062,0.772277,0.92735,0.940092,1.0,0.607843,4.392916,0.531257,3.359784,0.798435,2.952563,0.713407,0.789062,0.831683,0.960317,0.96281,1.0,0.038627,4.478379,0.598328,3.478318,0.896499,,,0.322916,0.023438,48,base
48 / nlvo / base,nlvo,684.0,0.127924,0.001462,1.0,0.657895,0.583333,0.885714,0.787097,1.0,0.459016,4.566245,0.597768,3.599521,0.92426,2.889527,0.91857,0.657895,0.683333,0.930081,0.837413,1.0,0.004175,4.733071,0.685054,3.825925,1.039633,,,0.122807,0.001462,48,base
48 / other / base,other,110.0,0.0,0.0,,0.7,0.772727,0.94958,0.884956,1.0,0.0,4.435997,0.587188,3.656802,0.858323,,,0.7,0.824675,0.96063,0.918033,1.0,0.0,4.517867,0.651209,3.763058,0.923924,,,0.0,0.0,48,base
48 / mixed / base,mixed,986.0,0.152637,0.005578,0.909091,0.688134,0.647015,0.905467,0.842767,1.0,0.435821,4.502397,0.584047,3.542225,0.888507,2.916296,0.836853,0.688134,0.732498,0.94165,0.880342,1.0,0.01335,4.641005,0.669613,3.727858,0.999927,5.000094,0.286576,0.148073,0.005578,48,base
48 / lvo / benchmark,lvo,192.0,0.320312,0.023438,0.888889,0.789062,0.772277,0.92735,0.940092,1.0,0.602941,4.392916,0.531257,3.359784,0.798435,2.952563,0.713407,0.789062,0.831683,0.960317,0.96281,1.0,0.038627,4.478379,0.598328,3.478318,0.896499,,,0.320312,0.023438,48,benchmark
48 / nlvo / benchmark,nlvo,684.0,0.108422,0.001462,1.0,0.657895,0.583333,0.885714,0.787097,1.0,0.405248,4.566245,0.597768,3.599521,0.92426,2.889527,0.91857,0.657895,0.683333,0.930081,0.837413,1.0,0.004175,4.733071,0.685054,3.825925,1.039633,,,0.108422,0.001462,48,benchmark
48 / other / benchmark,other,110.0,0.0,0.0,,0.7,0.772727,0.94958,0.884956,1.0,0.0,4.435997,0.587188,3.656802,0.858323,,,0.7,0.824675,0.96063,0.918033,1.0,0.0,4.517867,0.651209,3.763058,0.923924,,,0.0,0.0,48,benchmark
48 / mixed / benchmark,mixed,986.0,0.140466,0.005578,0.909091,0.688134,0.647015,0.905467,0.842767,1.0,0.413433,4.502397,0.584047,3.542225,0.888507,2.916296,0.836853,0.688134,0.732498,0.94165,0.880342,1.0,0.01335,4.641005,0.669613,3.727858,0.999927,5.000094,0.286576,0.140466,0.005578,48,benchmark
48 / lvo / onset,lvo,192.0,0.339208,0.02462,0.888889,0.828872,0.772277,0.92735,0.940092,1.0,0.607843,4.392916,0.531257,3.359784,0.798435,2.952563,0.713407,0.828872,0.831683,0.960317,0.96281,1.0,0.038627,4.478379,0.598328,3.478318,0.896499,,,0.339208,0.02462,48,onset
48 / nlvo / onset,nlvo,684.0,0.142226,0.001693,1.0,0.761925,0.583333,0.885714,0.787097,1.0,0.459016,4.566245,0.597768,3.599521,0.92426,2.889527,0.91857,0.761925,0.683333,0.930081,0.837413,1.0,0.004175,4.733071,0.685054,3.825925,1.039633,,,0.142226,0.001693,48,onset
48 / other / onset,other,110.0,0.0,0.0,,0.785804,0.772727,0.94958,0.884956,1.0,0.0,4.435997,0.587188,3.656802,0.858323,,,0.785804,0.824675,0.96063,0.918033,1.0,0.0,4.517867,0.651209,3.763058,0.923924,,,0.0,0.0,48,onset
48 / mixed / onset,mixed,986.0,0.168659,0.006354,0.909091,0.783802,0.647015,0.905467,0.842767,1.0,0.435821,4.502397,0.584047,3.542225,0.888507,2.916296,0.836853,0.783802,0.732498,0.94165,0.880342,1.0,0.01335,4.641005,0.669613,3.727858,0.999927,5.000094,0.286576,0.168659,0.006354,48,onset
48 / lvo / speed,lvo,192.0,0.330803,0.023186,0.888889,0.789062,0.772277,0.95,0.940092,1.0,0.607843,4.392916,0.531257,2.70805,0.0,2.952563,0.713407,0.789062,0.831683,0.95,0.96281,1.0,0.038627,4.478379,0.598328,2.70805,0.0,,,0.330803,0.023186,48,speed
48 / nlvo / speed,nlvo,684.0,0.13172,0.001493,1.0,0.657895,0.583333,0.95,0.787097,1.0,0.459016,4.566245,0.597768,2.70805,0.0,2.889527,0.91857,0.657895,0.683333,0.95,0.837413,1.0,0.004175,4.733071,0.685054,2.70805,0.0,,,0.13172,0.001493,48,speed
48 / other / speed,other,110.0,0.0,0.0,,0.7,0.772727,0.95,0.884956,1.0,0.0,4.435997,0.587188,2.70805,0.0,,,0.7,0.824675,0.95,0.918033,1.0,0.0,4.517867,0.651209,2.70805,0.0,,,0.0,0.0,48,speed
48 / mixed / speed,mixed,986.0,0.155356,0.005628,0.909091,0.688134,0.647015,0.95,0.842767,1.0,0.435821,4.502397,0.584047,2.70805,0.0,2.916296,0.836853,0.688134,0.732498,0.95,0.880342,1.0,0.01335,4.641005,0.669613,2.70805,0.0,5.000094,0.286576,0.155356,0.005628,48,speed
48 / lvo / onset + benchmark,lvo,192.0,0.336472,0.02462,0.888889,0.828872,0.772277,0.92735,0.940092,1.0,0.602941,4.392916,0.531257,3.359784,0.798435,2.952563,0.713407,0.828872,0.831683,0.960317,0.96281,1.0,0.038627,4.478379,0.598328,3.478318,0.896499,,,0.336472,0.02462,48,onset + benchmark
48 / nlvo / onset + benchmark,nlvo,684.0,0.125566,0.001693,1.0,0.761925,0.583333,0.885714,0.787097,1.0,0.405248,4.566245,0.597768,3.599521,0.92426,2.889527,0.91857,0.761925,0.683333,0.930081,0.837413,1.0,0.004175,4.733071,0.685054,3.825925,1.039633,,,0.125566,0.001693,48,onset + benchmark
48 / other / onset + benchmark,other,110.0,0.0,0.0,,0.785804,0.772727,0.94958,0.884956,1.0,0.0,4.435997,0.587188,3.656802,0.858323,,,0.785804,0.824675,0.96063,0.918033,1.0,0.0,4.517867,0.651209,3.763058,0.923924,,,0.0,0.0,48,onset + benchmark
48 / mixed / onset + benchmark,mixed,986.0,0.159995,0.006354,0.909091,0.783802,0.647015,0.905467,0.842767,1.0,0.413433,4.502397,0.584047,3.542225,0.888507,2.916296,0.836853,0.783802,0.732498,0.94165,0.880342,1.0,0.01335,4.641005,0.669613,3.727858,0.999927,5.000094,0.286576,0.159995,0.006354,48,onset + benchmark
48 / lvo / speed + benchmark,lvo,192.0,0.328135,0.023186,0.888889,0.789062,0.772277,0.95,0.940092,1.0,0.602941,4.392916,0.531257,2.70805,0.0,2.952563,0.713407,0.789062,0.831683,0.95,0.96281,1.0,0.038627,4.478379,0.598328,2.70805,0.0,,,0.328135,0.023186,48,speed + benchmark
48 / nlvo / speed + benchmark,nlvo,684.0,0.116291,0.001493,1.0,0.657895,0.583333,0.95,0.787097,1.0,0.405248,4.566245,0.597768,2.70805,0.0,2.889527,0.91857,0.657895,0.683333,0.95,0.837413,1.0,0.004175,4.733071,0.685054,2.70805,0.0,,,0.116291,0.001493,48,speed + benchmark
48 / other / speed + benchmark,other,110.0,0.0,0.0,,0.7,0.772727,0.95,0.884956,1.0,0.0,4.435997,0.587188,2.70805,0.0,,,0.7,0.824675,0.95,0.918033,1.0,0.0,4.517867,0.651209,2.70805,0.0,,,0.0,0.0,48,speed + benchmark
48 / mixed / speed + benchmark,mixed,986.0,0.147375,0.005628,0.909091,0.688134,0.647015,0.95,0.842767,1.0,0.413433,4.502397,0.584047,2.70805,0.0,2.916296,0.836853,0.688134,0.732498,0.95,0.880342,1.0,0.01335,4.641005,0.669613,2.70805,0.0,5.000094,0.286576,0.147375,0.005628,48,speed + benchmark
48 / lvo / speed + onset,lvo,192.0,0.347493,0.024356,0.888889,0.828872,0.772277,0.95,0.940092,1.0,0.607843,4.392916,0.531257,2.70805,0.0,2.952563,0.713407,0.828872,0.831683,0.95,0.96281,1.0,0.038627,4.478379,0.598328,2.70805,0.0,,,0.347493,0.024356,48,speed + onset
48 / nlvo / speed + onset,nlvo,684.0,0.152549,0.001729,1.0,0.761925,0.583333,0.95,0.787097,1.0,0.459016,4.566245,0.597768,2.70805,0.0,2.889527,0.91857,0.761925,0.683333,0.95,0.837413,1.0,0.004175,4.733071,0.685054,2.70805,0.0,,,0.152549,0.001729,48,speed + onset
48 / other / speed + onset,other,110.0,0.0,0.0,,0.785804,0.772727,0.95,0.884956,1.0,0.0,4.435997,0.587188,2.70805,0.0,,,0.785804,0.824675,0.95,0.918033,1.0,0.0,4.517867,0.651209,2.70805,0.0,,,0.0,0.0,48,speed + onset
48 / mixed / speed + onset,mixed,986.0,0.176954,0.00641,0.909091,0.783802,0.647015,0.95,0.842767,1.0,0.435821,4.502397,0.584047,2.70805,0.0,2.916296,0.836853,0.783802,0.732498,0.95,0.880342,1.0,0.01335,4.641005,0.669613,2.70805,0.0,5.000094,0.286576,0.176954,0.00641,48,speed + onset
48 / lvo / speed + onset + benchmark,lvo,192.0,0.344691,0.024356,0.888889,0.828872,0.772277,0.95,0.940092,1.0,0.602941,4.392916,0.531257,2.70805,0.0,2.952563,0.713407,0.828872,0.831683,0.95,0.96281,1.0,0.038627,4.478379,0.598328,2.70805,0.0,,,0.344691,0.024356,48,speed + onset + benchmark
48 / nlvo / speed + onset + benchmark,nlvo,684.0,0.134679,0.001729,1.0,0.761925,0.583333,0.95,0.787097,1.0,0.405248,4.566245,0.597768,2.70805,0.0,2.889527,0.91857,0.761925,0.683333,0.95,0.837413,1.0,0.004175,4.733071,0.685054,2.70805,0.0,,,0.134679,0.001729,48,speed + onset + benchmark
48 / other / speed + onset + benchmark,other,110.0,0.0,0.0,,0.785804,0.772727,0.95,0.884956,1.0,0.0,4.435997,0.587188,2.70805,0.0,,,0.785804,0.824675,0.95,0.918033,1.0,0.0,4.517867,0.651209,2.70805,0.0,,,0.0,0.0,48,speed + onset + benchmark
48 / mixed / speed + onset + benchmark,mixed,986.0,0.167864,0.00641,0.909091,0.783802,0.647015,0.95,0.842767,1.0,0.413433,4.502397,0.584047,2.70805,0.0,2.916296,0.836853,0.783802,0.732498,0.95,0.880342,1.0,0.01335,4.641005,0.669613,2.70805,0.0,5.000094,0.286576,0.167864,0.00641,48,speed + onset + benchmark
49 / lvo / base,lvo,51.0,0.392157,0.088235,0.333333,0.911765,0.763441,0.957746,0.970588,1.0,0.606061,4.536556,0.407876,3.023171,0.701289,3.424973,0.550946,0.911765,0.849462,0.962025,0.986842,1.0,0.106667,4.649823,0.515101,2.979159,0.766513,,,0.392157,0.078432,49,base
49 / nlvo / base,nlvo,280.0,0.160714,0.005357,0.666667,0.855357,0.496868,0.941176,0.888393,1.0,0.437186,4.680038,0.43865,3.109561,0.92838,3.209981,0.79944,0.855357,0.588727,0.978723,0.905797,1.0,0.012,4.835857,0.544213,3.254955,1.08218,,,0.155357,0.005357,49,base
49 / other / base,other,60.5,0.0,0.0,,0.842975,0.539216,0.981818,0.907407,1.0,0.0,4.670765,0.454965,3.009873,0.979756,,,0.842975,0.656863,0.985075,0.924242,1.0,0.0,4.846516,0.561539,3.097202,1.098873,,,0.0,0.0,49,base
49 / mixed / base,mixed,391.5,0.166028,0.015326,0.416667,0.860792,0.540059,0.950549,0.907514,1.0,0.404459,4.65065,0.437804,3.077024,0.89557,3.277695,0.734996,0.860792,0.635015,0.976636,0.923445,1.0,0.028497,4.803188,0.545399,3.179902,1.038445,4.916498,0.654783,0.162197,0.014048,49,base
49 / lvo / benchmark,lvo,51.0,0.490196,0.078432,0.333333,0.911765,0.763441,0.957746,0.970588,1.0,0.757576,4.536556,0.407876,3.023171,0.701289,3.424973,0.550946,0.911765,0.849462,0.962025,0.986842,1.0,0.106667,4.649823,0.515101,2.979159,0.766513,,,0.490196,0.078432,49,benchmark
49 / nlvo / benchmark,nlvo,280.0,0.168022,0.005357,0.666667,0.855357,0.496868,0.941176,0.888393,1.0,0.472826,4.680038,0.43865,3.109561,0.92838,3.209981,0.79944,0.855357,0.588727,0.978723,0.905797,1.0,0.012,4.835857,0.544213,3.254955,1.08218,,,0.168022,0.005357,49,benchmark
49 / other / benchmark,other,60.5,0.0,0.0,,0.842975,0.539216,0.981818,0.907407,1.0,0.0,4.670765,0.454965,3.009873,0.979756,,,0.842975,0.656863,0.985075,0.924242,1.0,0.0,4.846516,0.561539,3.097202,1.098873,,,0.0,0.0,49,benchmark
49 / mixed / benchmark,mixed,391.5,0.187739,0.014048,0.416667,0.860792,0.540059,0.950549,0.907514,1.0,0.468153,4.65065,0.437804,3.077024,0.89557,3.277695,0.734996,0.860792,0.635015,0.976636,0.923445,1.0,0.028497,4.803188,0.545399,3.179902,1.038445,4.916498,0.654783,0.187739,0.014048,49,benchmark
49 / lvo / onset,lvo,51.0,0.392157,0.078432,0.333333,0.911765,0.763441,0.957746,0.970588,1.0,0.606061,4.536556,0.407876,3.023171,0.701289,3.424973,0.550946,0.911765,0.849462,0.962025,0.986842,1.0,0.106667,4.649823,0.515101,2.979159,0.766513,,,0.392157,0.078432,49,onset
49 / nlvo / onset,nlvo,280.0,0.155357,0.005357,0.666667,0.855357,0.496868,0.941176,0.888393,1.0,0.437186,4.680038,0.43865,3.109561,0.92838,3.209981,0.79944,0.855357,0.588727,0.978723,0.905797,1.0,0.012,4.835857,0.544213,3.254955,1.08218,,,0.155357,0.005357,49,onset
49 / other / onset,other,60.5,0.0,0.0,,0.842975,0.539216,0.981818,0.907407,1.0,0.0,4.670765,0.454965,3.009873,0.979756,,,0.842975,0.656863,0.985075,0.924242,1.0,0.0,4.846516,0.561539,3.097202,1.098873,,,0.0,0.0,49,onset
49 / mixed / onset,mixed,391.5,0.162197,0.014048,0.416667,0.860792,0.540059,0.950549,0.907514,1.0,0.404459,4.65065,0.437804,3.077024,0.89557,3.277695,0.734996,0.860792,0.635015,0.976636,0.923445,1.0,0.028497,4.803188,0.545399,3.179902,1.038445,4.916498,0.654783,0.162197,0.014048,49,onset
49 / lvo / speed,lvo,51.0,0.388985,0.077451,0.333333,0.911765,0.763441,0.95,0.970588,1.0,0.606061,4.536556,0.407876,2.70805,0.0,3.424973,0.550946,0.911765,0.849462,0.95,0.986842,1.0,0.106667,4.649823,0.515101,2.70805,0.0,,,0.388985,0.077451,49,speed
49 / nlvo / speed,nlvo,280.0,0.156813,0.0052,0.666667,0.855357,0.496868,0.95,0.888393,1.0,0.437186,4.680038,0.43865,2.70805,0.0,3.209981,0.79944,0.855357,0.588727,0.95,0.905797,1.0,0.012,4.835857,0.544213,2.70805,0.0,,,0.156813,0.0052,49,speed
49 / other / speed,other,60.5,0.0,0.0,,0.842975,0.539216,0.95,0.907407,1.0,0.0,4.670765,0.454965,2.70805,0.0,,,0.842975,0.656863,0.95,0.924242,1.0,0.0,4.846516,0.561539,2.70805,0.0,,,0.0,0.0,49,speed
49 / mixed / speed,mixed,391.5,0.162103,0.013665,0.416667,0.860792,0.540059,0.95,0.907514,1.0,0.404459,4.65065,0.437804,2.70805,0.0,3.277695,0.734996,0.860792,0.635015,0.95,0.923445,1.0,0.028497,4.803188,0.545399,2.70805,0.0,4.916498,0.654783,0.162103,0.013665,49,speed
49 / lvo / onset + benchmark,lvo,51.0,0.490196,0.078432,0.333333,0.911765,0.763441,0.957746,0.970588,1.0,0.757576,4.536556,0.407876,3.023171,0.701289,3.424973,0.550946,0.911765,0.849462,0.962025,0.986842,1.0,0.106667,4.649823,0.515101,2.979159,0.766513,,,0.490196,0.078432,49,onset + benchmark
49 / nlvo / onset + benchmark,nlvo,280.0,0.168022,0.005357,0.666667,0.855357,0.496868,0.941176,0.888393,1.0,0.472826,4.680038,0.43865,3.109561,0.92838,3.209981,0.79944,0.855357,0.588727,0.978723,0.905797,1.0,0.012,4.835857,0.544213,3.254955,1.08218,,,0.168022,0.005357,49,onset + benchmark
49 / other / onset + benchmark,other,60.5,0.0,0.0,,0.842975,0.539216,0.981818,0.907407,1.0,0.0,4.670765,0.454965,3.009873,0.979756,,,0.842975,0.656863,0.985075,0.924242,1.0,0.0,4.846516,0.561539,3.097202,1.098873,,,0.0,0.0,49,onset + benchmark
49 / mixed / onset + benchmark,mixed,391.5,0.187739,0.014048,0.416667,0.860792,0.540059,0.950549,0.907514,1.0,0.468153,4.65065,0.437804,3.077024,0.89557,3.277695,0.734996,0.860792,0.635015,0.976636,0.923445,1.0,0.028497,4.803188,0.545399,3.179902,1.038445,4.916498,0.654783,0.187739,0.014048,49,onset + benchmark
49 / lvo / speed + benchmark,lvo,51.0,0.486231,0.077451,0.333333,0.911765,0.763441,0.95,0.970588,1.0,0.757576,4.536556,0.407876,2.70805,0.0,3.424973,0.550946,0.911765,0.849462,0.95,0.986842,1.0,0.106667,4.649823,0.515101,2.70805,0.0,,,0.486231,0.077451,49,speed + benchmark
49 / nlvo / speed + benchmark,nlvo,280.0,0.169597,0.0052,0.666667,0.855357,0.496868,0.95,0.888393,1.0,0.472826,4.680038,0.43865,2.70805,0.0,3.209981,0.79944,0.855357,0.588727,0.95,0.905797,1.0,0.012,4.835857,0.544213,2.70805,0.0,,,0.169597,0.0052,49,speed + benchmark
49 / other / speed + benchmark,other,60.5,0.0,0.0,,0.842975,0.539216,0.95,0.907407,1.0,0.0,4.670765,0.454965,2.70805,0.0,,,0.842975,0.656863,0.95,0.924242,1.0,0.0,4.846516,0.561539,2.70805,0.0,,,0.0,0.0,49,speed + benchmark
49 / mixed / speed + benchmark,mixed,391.5,0.187631,0.013665,0.416667,0.860792,0.540059,0.95,0.907514,1.0,0.468153,4.65065,0.437804,2.70805,0.0,3.277695,0.734996,0.860792,0.635015,0.95,0.923445,1.0,0.028497,4.803188,0.545399,2.70805,0.0,4.916498,0.654783,0.187631,0.013665,49,speed + benchmark
49 / lvo / speed + onset,lvo,51.0,0.388985,0.077451,0.333333,0.911765,0.763441,0.95,0.970588,1.0,0.606061,4.536556,0.407876,2.70805,0.0,3.424973,0.550946,0.911765,0.849462,0.95,0.986842,1.0,0.106667,4.649823,0.515101,2.70805,0.0,,,0.388985,0.077451,49,speed + onset
49 / nlvo / speed + onset,nlvo,280.0,0.156813,0.0052,0.666667,0.855357,0.496868,0.95,0.888393,1.0,0.437186,4.680038,0.43865,2.70805,0.0,3.209981,0.79944,0.855357,0.588727,0.95,0.905797,1.0,0.012,4.835857,0.544213,2.70805,0.0,,,0.156813,0.0052,49,speed + onset
49 / other / speed + onset,other,60.5,0.0,0.0,,0.842975,0.539216,0.95,0.907407,1.0,0.0,4.670765,0.454965,2.70805,0.0,,,0.842975,0.656863,0.95,0.924242,1.0,0.0,4.846516,0.561539,2.70805,0.0,,,0.0,0.0,49,speed + onset
49 / mixed / speed + onset,mixed,391.5,0.162103,0.013665,0.416667,0.860792,0.540059,0.95,0.907514,1.0,0.404459,4.65065,0.437804,2.70805,0.0,3.277695,0.734996,0.860792,0.635015,0.95,0.923445,1.0,0.028497,4.803188,0.545399,2.70805,0.0,4.916498,0.654783,0.162103,0.013665,49,speed + onset
49 / lvo / speed + onset + benchmark,lvo,51.0,0.486231,0.077451,0.333333,0.911765,0.763441,0.95,0.970588,1.0,0.757576,4.536556,0.407876,2.70805,0.0,3.424973,0.550946,0.911765,0.849462,0.95,0.986842,1.0,0.106667,4.649823,0.515101,2.70805,0.0,,,0.486231,0.077451,49,speed + onset + benchmark
49 / nlvo / speed + onset + benchmark,nlvo,280.0,0.169597,0.0052,0.666667,0.855357,0.496868,0.95,0.888393,1.0,0.472826,4.680038,0.43865,2.70805,0.0,3.209981,0.79944,0.855357,0.588727,0.95,0.905797,1.0,0.012,4.835857,0.544213,2.70805,0.0,,,0.169597,0.0052,49,speed + onset + benchmark
49 / other / speed + onset + benchmark,other,60.5,0.0,0.0,,0.842975,0.539216,0.95,0.907407,1.0,0.0,4.670765,0.454965,2.70805,0.0,,,0.842975,0.656863,0.95,0.924242,1.0,0.0,4.846516,0.561539,2.70805,0.0,,,0.0,0.0,49,speed + onset + benchmark
49 / mixed / speed + onset + benchmark,mixed,391.5,0.187631,0.013665,0.416667,0.860792,0.540059,0.95,0.907514,1.0,0.468153,4.65065,0.437804,2.70805,0.0,3.277695,0.734996,0.860792,0.635015,0.95,0.923445,1.0,0.028497,4.803188,0.545399,2.70805,0.0,4.916498,0.654783,0.187631,0.013665,49,speed + onset + benchmark
50 / lvo / base,lvo,158.0,0.275316,0.231013,0.369863,0.727848,0.704348,1.0,0.987654,1.0,0.525,4.582294,0.486814,1.248351,1.361837,3.638149,0.771979,0.727848,0.808696,1.0,0.973118,1.0,0.287293,4.724037,0.58696,1.338546,1.444087,5.060966,0.805462,0.265823,0.164557,50,base
50 / nlvo / base,nlvo,457.0,0.098468,0.031729,0.310345,0.702407,0.498442,0.971875,0.913183,1.0,0.309859,4.686047,0.46356,1.743936,1.720285,3.738142,0.624763,0.702407,0.587227,0.97878,0.926829,1.0,0.055556,4.841951,0.56704,1.854788,1.791272,5.265115,0.902823,0.09628,0.020788,50,base
50 / other / base,other,96.5,0.0,0.0,,0.725389,0.65,0.956044,0.908046,1.0,0.0,4.677563,0.360444,1.598909,1.694342,,,0.725389,0.721429,0.970297,0.928571,1.0,0.0,4.775806,0.45506,1.74751,1.827795,,,0.0,0.0,50,base
50 / mixed / base,mixed,711.5,0.124385,0.07168,0.352941,0.711174,0.566206,0.977312,0.933929,1.0,0.328872,4.655366,0.45728,1.578039,1.632131,3.689308,0.70026,0.711174,0.656126,0.983434,0.940276,1.0,0.115635,4.79886,0.558948,1.691642,1.717807,5.115598,0.830996,0.120872,0.049895,50,base
50 / lvo / benchmark,lvo,158.0,0.35443,0.164557,0.369863,0.727848,0.704348,1.0,0.987654,1.0,0.7,4.582294,0.486814,1.248351,1.361837,3.638149,0.771979,0.727848,0.808696,1.0,0.973118,1.0,0.287293,4.724037,0.58696,1.338546,1.444087,5.060966,0.805462,0.35443,0.164557,50,benchmark
50 / nlvo / benchmark,nlvo,457.0,0.144468,0.020788,0.310345,0.702407,0.498442,0.971875,0.913183,1.0,0.464945,4.686047,0.46356,1.743936,1.720285,3.738142,0.624763,0.702407,0.587227,0.97878,0.926829,1.0,0.055556,4.841951,0.56704,1.854788,1.791272,5.265115,0.902823,0.144468,0.020788,50,benchmark
50 / other / benchmark,other,96.5,0.0,0.0,,0.725389,0.65,0.956044,0.908046,1.0,0.0,4.677563,0.360444,1.598909,1.694342,,,0.725389,0.721429,0.970297,0.928571,1.0,0.0,4.775806,0.45506,1.74751,1.827795,,,0.0,0.0,50,benchmark
50 / mixed / benchmark,mixed,711.5,0.174983,0.049895,0.352941,0.711174,0.566206,0.977312,0.933929,1.0,0.476099,4.655366,0.45728,1.578039,1.632131,3.689308,0.70026,0.711174,0.656126,0.983434,0.940276,1.0,0.115635,4.79886,0.558948,1.691642,1.717807,5.115598,0.830996,0.174983,0.049895,50,benchmark
50 / lvo / onset,lvo,158.0,0.302718,0.187397,0.369863,0.828872,0.704348,1.0,0.987654,1.0,0.525,4.582294,0.486814,1.248351,1.361837,3.638149,0.771979,0.828872,0.808696,1.0,0.973118,1.0,0.287293,4.724037,0.58696,1.338546,1.444087,5.060966,0.805462,0.302718,0.187397,50,onset
50 / nlvo / onset,nlvo,457.0,0.104438,0.022549,0.310345,0.761925,0.498442,0.971875,0.913183,1.0,0.309859,4.686047,0.46356,1.743936,1.720285,3.738142,0.624763,0.761925,0.587227,0.97878,0.926829,1.0,0.055556,4.841951,0.56704,1.854788,1.791272,5.265115,0.902823,0.104438,0.022549,50,onset
50 / other / onset,other,96.5,0.0,0.0,,0.785804,0.65,0.956044,0.908046,1.0,0.0,4.677563,0.360444,1.598909,1.694342,,,0.785804,0.721429,0.970297,0.928571,1.0,0.0,4.775806,0.45506,1.74751,1.827795,,,0.0,0.0,50,onset
50 / mixed / onset,mixed,711.5,0.133215,0.05499,0.352941,0.783802,0.566206,0.977312,0.933929,1.0,0.328872,4.655366,0.45728,1.578039,1.632131,3.689308,0.70026,0.783802,0.656126,0.983434,0.940276,1.0,0.115635,4.79886,0.558948,1.691642,1.717807,5.115598,0.830996,0.133215,0.05499,50,onset
50 / lvo / speed,lvo,158.0,0.252532,0.156329,0.369863,0.727848,0.704348,0.95,0.987654,1.0,0.525,4.582294,0.486814,1.248351,0.0,3.638149,0.771979,0.727848,0.808696,0.95,0.973118,1.0,0.287293,4.724037,0.58696,1.338546,0.0,5.060966,0.805462,0.252532,0.156329,50,speed
50 / nlvo / speed,nlvo,457.0,0.094113,0.020177,0.310345,0.702407,0.498442,0.95,0.913183,1.0,0.309859,4.686047,0.46356,1.743936,0.0,3.738142,0.624763,0.702407,0.587227,0.95,0.926829,1.0,0.055556,4.841951,0.56704,1.854788,0.0,5.265115,0.902823,0.094113,0.020177,50,speed
50 / other / speed,other,96.5,0.0,0.0,,0.725389,0.65,0.95,0.908046,1.0,0.0,4.677563,0.360444,1.598909,0.0,,,0.725389,0.721429,0.95,0.928571,1.0,0.0,4.775806,0.45506,1.74751,0.0,,,0.0,0.0,50,speed
50 / mixed / speed,mixed,711.5,0.117494,0.048198,0.352941,0.711174,0.566206,0.95,0.933929,1.0,0.328872,4.655366,0.45728,1.578039,0.0,3.689308,0.70026,0.711174,0.656126,0.95,0.940276,1.0,0.115635,4.79886,0.558948,1.691642,0.0,5.115598,0.830996,0.117494,0.048198,50,speed
50 / lvo / onset + benchmark,lvo,158.0,0.403625,0.187397,0.369863,0.828872,0.704348,1.0,0.987654,1.0,0.7,4.582294,0.486814,1.248351,1.361837,3.638149,0.771979,0.828872,0.808696,1.0,0.973118,1.0,0.287293,4.724037,0.58696,1.338546,1.444087,5.060966,0.805462,0.403625,0.187397,50,onset + benchmark
50 / nlvo / onset + benchmark,nlvo,457.0,0.15671,0.022549,0.310345,0.761925,0.498442,0.971875,0.913183,1.0,0.464945,4.686047,0.46356,1.743936,1.720285,3.738142,0.624763,0.761925,0.587227,0.97878,0.926829,1.0,0.055556,4.841951,0.56704,1.854788,1.791272,5.265115,0.902823,0.15671,0.022549,50,onset + benchmark
50 / other / onset + benchmark,other,96.5,0.0,0.0,,0.785804,0.65,0.956044,0.908046,1.0,0.0,4.677563,0.360444,1.598909,1.694342,,,0.785804,0.721429,0.970297,0.928571,1.0,0.0,4.775806,0.45506,1.74751,1.827795,,,0.0,0.0,50,onset + benchmark
50 / mixed / onset + benchmark,mixed,711.5,0.192853,0.05499,0.352941,0.783802,0.566206,0.977312,0.933929,1.0,0.476099,4.655366,0.45728,1.578039,1.632131,3.689308,0.70026,0.783802,0.656126,0.983434,0.940276,1.0,0.115635,4.79886,0.558948,1.691642,1.717807,5.115598,0.830996,0.192853,0.05499,50,onset + benchmark
50 / lvo / speed + benchmark,lvo,158.0,0.336709,0.156329,0.369863,0.727848,0.704348,0.95,0.987654,1.0,0.7,4.582294,0.486814,1.248351,0.0,3.638149,0.771979,0.727848,0.808696,0.95,0.973118,1.0,0.287293,4.724037,0.58696,1.338546,0.0,5.060966,0.805462,0.336709,0.156329,50,speed + benchmark
50 / nlvo / speed + benchmark,nlvo,457.0,0.141217,0.020177,0.310345,0.702407,0.498442,0.95,0.913183,1.0,0.464945,4.686047,0.46356,1.743936,0.0,3.738142,0.624763,0.702407,0.587227,0.95,0.926829,1.0,0.055556,4.841951,0.56704,1.854788,0.0,5.265115,0.902823,0.141217,0.020177,50,speed + benchmark
50 / other / speed + benchmark,other,96.5,0.0,0.0,,0.725389,0.65,0.95,0.908046,1.0,0.0,4.677563,0.360444,1.598909,0.0,,,0.725389,0.721429,0.95,0.928571,1.0,0.0,4.775806,0.45506,1.74751,0.0,,,0.0,0.0,50,speed + benchmark
50 / mixed / speed + benchmark,mixed,711.5,0.170093,0.048198,0.352941,0.711174,0.566206,0.95,0.933929,1.0,0.476099,4.655366,0.45728,1.578039,0.0,3.689308,0.70026,0.711174,0.656126,0.95,0.940276,1.0,0.115635,4.79886,0.558948,1.691642,0.0,5.115598,0.830996,0.170093,0.048198,50,speed + benchmark
50 / lvo / speed + onset,lvo,158.0,0.287583,0.178027,0.369863,0.828872,0.704348,0.95,0.987654,1.0,0.525,4.582294,0.486814,1.248351,0.0,3.638149,0.771979,0.828872,0.808696,0.95,0.973118,1.0,0.287293,4.724037,0.58696,1.338546,0.0,5.060966,0.805462,0.287583,0.178027,50,speed + onset
50 / nlvo / speed + onset,nlvo,457.0,0.102087,0.021886,0.310345,0.761925,0.498442,0.95,0.913183,1.0,0.309859,4.686047,0.46356,1.743936,0.0,3.738142,0.624763,0.761925,0.587227,0.95,0.926829,1.0,0.055556,4.841951,0.56704,1.854788,0.0,5.265115,0.902823,0.102087,0.021886,50,speed + onset
50 / other / speed + onset,other,96.5,0.0,0.0,,0.785804,0.65,0.95,0.908046,1.0,0.0,4.677563,0.360444,1.598909,0.0,,,0.785804,0.721429,0.95,0.928571,1.0,0.0,4.775806,0.45506,1.74751,0.0,,,0.0,0.0,50,speed + onset
50 / mixed / speed + onset,mixed,711.5,0.129493,0.05312,0.352941,0.783802,0.566206,0.95,0.933929,1.0,0.328872,4.655366,0.45728,1.578039,0.0,3.689308,0.70026,0.783802,0.656126,0.95,0.940276,1.0,0.115635,4.79886,0.558948,1.691642,0.0,5.115598,0.830996,0.129493,0.05312,50,speed + onset
50 / lvo / speed + onset + benchmark,lvo,158.0,0.383443,0.178027,0.369863,0.828872,0.704348,0.95,0.987654,1.0,0.7,4.582294,0.486814,1.248351,0.0,3.638149,0.771979,0.828872,0.808696,0.95,0.973118,1.0,0.287293,4.724037,0.58696,1.338546,0.0,5.060966,0.805462,0.383443,0.178027,50,speed + onset + benchmark
50 / nlvo / speed + onset + benchmark,nlvo,457.0,0.153183,0.021886,0.310345,0.761925,0.498442,0.95,0.913183,1.0,0.464945,4.686047,0.46356,1.743936,0.0,3.738142,0.624763,0.761925,0.587227,0.95,0.926829,1.0,0.055556,4.841951,0.56704,1.854788,0.0,5.265115,0.902823,0.153183,0.021886,50,speed + onset + benchmark
50 / other / speed + onset + benchmark,other,96.5,0.0,0.0,,0.785804,0.65,0.95,0.908046,1.0,0.0,4.677563,0.360444,1.598909,0.0,,,0.785804,0.721429,0.95,0.928571,1.0,0.0,4.775806,0.45506,1.74751,0.0,,,0.0,0.0,50,speed + onset + benchmark
50 / mixed / speed + onset + benchmark,mixed,711.5,0.187463,0.05312,0.352941,0.783802,0.566206,0.95,0.933929,1.0,0.476099,4.655366,0.45728,1.578039,0.0,3.689308,0.70026,0.783802,0.656126,0.95,0.940276,1.0,0.115635,4.79886,0.558948,1.691642,0.0,5.115598,0.830996,0.187463,0.05312,50,speed + onset + benchmark
51 / lvo / base,lvo,94.0,0.218085,0.196809,0.567568,0.702128,0.765152,1.0,0.950495,1.0,0.40625,4.486332,0.48624,2.652005,1.018028,3.545708,0.889153,0.702128,0.818182,1.0,0.990741,1.0,0.336449,4.565627,0.559513,2.662665,1.035669,4.537458,0.75249,0.207447,0.19149,51,base
51 / nlvo / base,nlvo,420.0,0.070238,0.021429,0.5,0.553571,0.623656,0.937931,0.849265,1.0,0.251082,4.632735,0.508613,3.132227,1.190567,3.764254,0.571285,0.553571,0.707527,0.963526,0.886435,1.0,0.064057,4.761256,0.594066,3.301256,1.253993,4.780159,0.627916,0.069048,0.021429,51,base
51 / other / base,other,57.0,0.0,0.0,,0.578947,0.727273,0.958333,0.913043,1.0,0.0,4.498262,0.488636,2.755425,1.157764,,,0.578947,0.757576,0.98,0.979592,1.0,0.0,4.54654,0.534901,2.843144,1.239997,,,0.0,0.0,51,base
51 / mixed / base,mixed,571.0,0.087566,0.048161,0.545455,0.58056,0.662142,0.954442,0.880668,1.0,0.262873,4.584349,0.50484,2.975102,1.165251,3.676385,0.719948,0.58056,0.73454,0.973306,0.919831,1.0,0.123853,4.695827,0.58729,3.108397,1.23564,4.618358,0.716754,0.084939,0.047285,51,base
51 / lvo / benchmark,lvo,94.0,0.436171,0.19149,0.567568,0.702128,0.765152,1.0,0.950495,1.0,0.854167,4.486332,0.48624,2.652005,1.018028,3.545708,0.889153,0.702128,0.818182,1.0,0.990741,1.0,0.336449,4.565627,0.559513,2.662665,1.035669,4.537458,0.75249,0.436171,0.19149,51,benchmark
51 / nlvo / benchmark,nlvo,420.0,0.118036,0.021429,0.5,0.553571,0.623656,0.937931,0.849265,1.0,0.429224,4.632735,0.508613,3.132227,1.190567,3.764254,0.571285,0.553571,0.707527,0.963526,0.886435,1.0,0.064057,4.761256,0.594066,3.301256,1.253993,4.780159,0.627916,0.118036,0.021429,51,benchmark
51 / other / benchmark,other,57.0,0.0,0.0,,0.578947,0.727273,0.958333,0.913043,1.0,0.0,4.498262,0.488636,2.755425,1.157764,,,0.578947,0.757576,0.98,0.979592,1.0,0.0,4.54654,0.534901,2.843144,1.239997,,,0.0,0.0,51,benchmark
51 / mixed / benchmark,mixed,571.0,0.162872,0.047285,0.545455,0.58056,0.662142,0.954442,0.880668,1.0,0.504065,4.584349,0.50484,2.975102,1.165251,3.676385,0.719948,0.58056,0.73454,0.973306,0.919831,1.0,0.123853,4.695827,0.58729,3.108397,1.23564,4.618358,0.716754,0.162872,0.047285,51,benchmark
51 / lvo / onset,lvo,94.0,0.244894,0.226056,0.567568,0.828872,0.765152,1.0,0.950495,1.0,0.40625,4.486332,0.48624,2.652005,1.018028,3.545708,0.889153,0.828872,0.818182,1.0,0.990741,1.0,0.336449,4.565627,0.559513,2.662665,1.035669,4.537458,0.75249,0.244894,0.226056,51,onset
51 / nlvo / onset,nlvo,420.0,0.095036,0.029494,0.5,0.761925,0.623656,0.937931,0.849265,1.0,0.251082,4.632735,0.508613,3.132227,1.190567,3.764254,0.571285,0.761925,0.707527,0.963526,0.886435,1.0,0.064057,4.761256,0.594066,3.301256,1.253993,4.780159,0.627916,0.095036,0.029494,51,onset
51 / other / onset,other,57.0,0.0,0.0,,0.785804,0.727273,0.958333,0.913043,1.0,0.0,4.498262,0.488636,2.755425,1.157764,,,0.785804,0.757576,0.98,0.979592,1.0,0.0,4.54654,0.534901,2.843144,1.239997,,,0.0,0.0,51,onset
51 / mixed / onset,mixed,571.0,0.114674,0.063839,0.545455,0.783802,0.662142,0.954442,0.880668,1.0,0.262873,4.584349,0.50484,2.975102,1.165251,3.676385,0.719948,0.783802,0.73454,0.973306,0.919831,1.0,0.123853,4.695827,0.58729,3.108397,1.23564,4.618358,0.716754,0.114674,0.063839,51,onset
51 / lvo / speed,lvo,94.0,0.197075,0.181915,0.567568,0.702128,0.765152,0.95,0.950495,1.0,0.40625,4.486332,0.48624,2.652005,0.0,3.545708,0.889153,0.702128,0.818182,0.95,0.990741,1.0,0.336449,4.565627,0.559513,2.662665,0.0,4.537458,0.75249,0.197075,0.181915,51,speed
51 / nlvo / speed,nlvo,420.0,0.069936,0.021128,0.5,0.553571,0.623656,0.95,0.849265,1.0,0.251082,4.632735,0.508613,2.70805,0.0,3.764254,0.571285,0.553571,0.707527,0.95,0.886435,1.0,0.064057,4.761256,0.594066,2.70805,0.0,4.780159,0.627916,0.069936,0.021128,51,speed
51 / other / speed,other,57.0,0.0,0.0,,0.578947,0.727273,0.95,0.913043,1.0,0.0,4.498262,0.488636,2.70805,0.0,,,0.578947,0.757576,0.95,0.979592,1.0,0.0,4.54654,0.534901,2.70805,0.0,,,0.0,0.0,51,speed
51 / mixed / speed,mixed,571.0,0.084543,0.046153,0.545455,0.58056,0.662142,0.95,0.880668,1.0,0.262873,4.584349,0.50484,2.70805,0.0,3.676385,0.719948,0.58056,0.73454,0.95,0.919831,1.0,0.123853,4.695827,0.58729,2.70805,0.0,4.618358,0.716754,0.084543,0.046153,51,speed
51 / lvo / onset + benchmark,lvo,94.0,0.514906,0.226056,0.567568,0.828872,0.765152,1.0,0.950495,1.0,0.854167,4.486332,0.48624,2.652005,1.018028,3.545708,0.889153,0.828872,0.818182,1.0,0.990741,1.0,0.336449,4.565627,0.559513,2.662665,1.035669,4.537458,0.75249,0.514906,0.226056,51,onset + benchmark
51 / nlvo / onset + benchmark,nlvo,420.0,0.162463,0.029494,0.5,0.761925,0.623656,0.937931,0.849265,1.0,0.429224,4.632735,0.508613,3.132227,1.190567,3.764254,0.571285,0.761925,0.707527,0.963526,0.886435,1.0,0.064057,4.761256,0.594066,3.301256,1.253993,4.780159,0.627916,0.162463,0.029494,51,onset + benchmark
51 / other / onset + benchmark,other,57.0,0.0,0.0,,0.785804,0.727273,0.958333,0.913043,1.0,0.0,4.498262,0.488636,2.755425,1.157764,,,0.785804,0.757576,0.98,0.979592,1.0,0.0,4.54654,0.534901,2.843144,1.239997,,,0.0,0.0,51,onset + benchmark
51 / mixed / onset + benchmark,mixed,571.0,0.21989,0.063839,0.545455,0.783802,0.662142,0.954442,0.880668,1.0,0.504065,4.584349,0.50484,2.975102,1.165251,3.676385,0.719948,0.783802,0.73454,0.973306,0.919831,1.0,0.123853,4.695827,0.58729,3.108397,1.23564,4.618358,0.716754,0.21989,0.063839,51,onset + benchmark
51 / lvo / speed + benchmark,lvo,94.0,0.414362,0.181915,0.567568,0.702128,0.765152,0.95,0.950495,1.0,0.854167,4.486332,0.48624,2.652005,0.0,3.545708,0.889153,0.702128,0.818182,0.95,0.990741,1.0,0.336449,4.565627,0.559513,2.662665,0.0,4.537458,0.75249,0.414362,0.181915,51,speed + benchmark
51 / nlvo / speed + benchmark,nlvo,420.0,0.119555,0.021128,0.5,0.553571,0.623656,0.95,0.849265,1.0,0.429224,4.632735,0.508613,2.70805,0.0,3.764254,0.571285,0.553571,0.707527,0.95,0.886435,1.0,0.064057,4.761256,0.594066,2.70805,0.0,4.780159,0.627916,0.119555,0.021128,51,speed + benchmark
51 / other / speed + benchmark,other,57.0,0.0,0.0,,0.578947,0.727273,0.95,0.913043,1.0,0.0,4.498262,0.488636,2.70805,0.0,,,0.578947,0.757576,0.95,0.979592,1.0,0.0,4.54654,0.534901,2.70805,0.0,,,0.0,0.0,51,speed + benchmark
51 / mixed / speed + benchmark,mixed,571.0,0.162114,0.046153,0.545455,0.58056,0.662142,0.95,0.880668,1.0,0.504065,4.584349,0.50484,2.70805,0.0,3.676385,0.719948,0.58056,0.73454,0.95,0.919831,1.0,0.123853,4.695827,0.58729,2.70805,0.0,4.618358,0.716754,0.162114,0.046153,51,speed + benchmark
51 / lvo / speed + onset,lvo,94.0,0.232649,0.214754,0.567568,0.828872,0.765152,0.95,0.950495,1.0,0.40625,4.486332,0.48624,2.652005,0.0,3.545708,0.889153,0.828872,0.818182,0.95,0.990741,1.0,0.336449,4.565627,0.559513,2.662665,0.0,4.537458,0.75249,0.232649,0.214754,51,speed + onset
51 / nlvo / speed + onset,nlvo,420.0,0.096259,0.02908,0.5,0.761925,0.623656,0.95,0.849265,1.0,0.251082,4.632735,0.508613,2.70805,0.0,3.764254,0.571285,0.761925,0.707527,0.95,0.886435,1.0,0.064057,4.761256,0.594066,2.70805,0.0,4.780159,0.627916,0.096259,0.02908,51,speed + onset
51 / other / speed + onset,other,57.0,0.0,0.0,,0.785804,0.727273,0.95,0.913043,1.0,0.0,4.498262,0.488636,2.70805,0.0,,,0.785804,0.757576,0.95,0.979592,1.0,0.0,4.54654,0.534901,2.70805,0.0,,,0.0,0.0,51,speed + onset
51 / mixed / speed + onset,mixed,571.0,0.11414,0.06231,0.545455,0.783802,0.662142,0.95,0.880668,1.0,0.262873,4.584349,0.50484,2.70805,0.0,3.676385,0.719948,0.783802,0.73454,0.95,0.919831,1.0,0.123853,4.695827,0.58729,2.70805,0.0,4.618358,0.716754,0.11414,0.06231,51,speed + onset
51 / lvo / speed + onset + benchmark,lvo,94.0,0.48916,0.214754,0.567568,0.828872,0.765152,0.95,0.950495,1.0,0.854167,4.486332,0.48624,2.652005,0.0,3.545708,0.889153,0.828872,0.818182,0.95,0.990741,1.0,0.336449,4.565627,0.559513,2.662665,0.0,4.537458,0.75249,0.48916,0.214754,51,speed + onset + benchmark
51 / nlvo / speed + onset + benchmark,nlvo,420.0,0.164554,0.02908,0.5,0.761925,0.623656,0.95,0.849265,1.0,0.429224,4.632735,0.508613,2.70805,0.0,3.764254,0.571285,0.761925,0.707527,0.95,0.886435,1.0,0.064057,4.761256,0.594066,2.70805,0.0,4.780159,0.627916,0.164554,0.02908,51,speed + onset + benchmark
51 / other / speed + onset + benchmark,other,57.0,0.0,0.0,,0.785804,0.727273,0.95,0.913043,1.0,0.0,4.498262,0.488636,2.70805,0.0,,,0.785804,0.757576,0.95,0.979592,1.0,0.0,4.54654,0.534901,2.70805,0.0,,,0.0,0.0,51,speed + onset + benchmark
51 / mixed / speed + onset + benchmark,mixed,571.0,0.218867,0.06231,0.545455,0.783802,0.662142,0.95,0.880668,1.0,0.504065,4.584349,0.50484,2.70805,0.0,3.676385,0.719948,0.783802,0.73454,0.95,0.919831,1.0,0.123853,4.695827,0.58729,2.70805,0.0,4.618358,0.716754,0.218867,0.06231,51,speed + onset + benchmark
52 / lvo / base,lvo,94.0,0.260638,0.058511,0.727273,0.87234,0.54878,0.977778,0.920455,1.0,0.555556,4.474484,0.806083,3.049222,0.701994,3.383222,0.847056,0.87234,0.658537,0.972222,1.0,1.0,0.104762,4.667092,0.853876,3.085609,0.678536,5.258183,0.295534,0.239362,0.058511,52,base
52 / nlvo / base,nlvo,370.0,0.033784,0.001351,0.0,0.766216,0.31746,0.888889,0.8,1.0,0.164062,4.524196,0.981245,3.605936,0.972931,3.7621,0.534624,0.766216,0.426808,0.946281,0.834061,1.0,0.0,4.814318,0.981829,3.766961,1.043182,,,0.028378,0.0,52,base
52 / other / base,other,43.5,0.0,0.0,,0.781609,0.544118,0.918919,0.941176,1.0,0.0,4.419514,0.650909,3.391026,0.798125,,,0.781609,0.588235,0.925,0.972973,1.0,0.0,4.514277,0.71123,3.443205,0.882188,,,0.0,0.0,52,base
52 / mixed / base,mixed,507.5,0.072906,0.011823,0.666667,0.787192,0.38423,0.918567,0.85461,1.0,0.273859,4.497006,0.89631,3.406298,0.908653,3.503774,0.777986,0.787192,0.48811,0.951282,0.894879,1.0,0.033133,4.742774,0.926626,3.541837,0.983426,5.258183,0.295534,0.065025,0.010838,52,base
52 / lvo / benchmark,lvo,94.0,0.345744,0.058511,0.727273,0.87234,0.54878,0.977778,0.920455,1.0,0.802469,4.474484,0.806083,3.049222,0.701994,3.383222,0.847056,0.87234,0.658537,0.972222,1.0,1.0,0.104762,4.667092,0.853876,3.085609,0.678536,5.258183,0.295534,0.345744,0.058511,52,benchmark
52 / nlvo / benchmark,nlvo,370.0,0.046033,0.0,0.0,0.766216,0.31746,0.888889,0.8,1.0,0.266129,4.524196,0.981245,3.605936,0.972931,3.7621,0.534624,0.766216,0.426808,0.946281,0.834061,1.0,0.0,4.814318,0.981829,3.766961,1.043182,,,0.046033,0.0,52,benchmark
52 / other / benchmark,other,43.5,0.0,0.0,,0.781609,0.544118,0.918919,0.941176,1.0,0.0,4.419514,0.650909,3.391026,0.798125,,,0.781609,0.588235,0.925,0.972973,1.0,0.0,4.514277,0.71123,3.443205,0.882188,,,0.0,0.0,52,benchmark
52 / mixed / benchmark,mixed,507.5,0.099507,0.010838,0.666667,0.787192,0.38423,0.918567,0.85461,1.0,0.419087,4.497006,0.89631,3.406298,0.908653,3.503774,0.777986,0.787192,0.48811,0.951282,0.894879,1.0,0.033133,4.742774,0.926626,3.541837,0.983426,5.258183,0.295534,0.099507,0.010838,52,benchmark
52 / lvo / onset,lvo,94.0,0.239362,0.058511,0.727273,0.87234,0.54878,0.977778,0.920455,1.0,0.555556,4.474484,0.806083,3.049222,0.701994,3.383222,0.847056,0.87234,0.658537,0.972222,1.0,1.0,0.104762,4.667092,0.853876,3.085609,0.678536,5.258183,0.295534,0.239362,0.058511,52,onset
52 / nlvo / onset,nlvo,370.0,0.028378,0.0,0.0,0.766216,0.31746,0.888889,0.8,1.0,0.164062,4.524196,0.981245,3.605936,0.972931,3.7621,0.534624,0.766216,0.426808,0.946281,0.834061,1.0,0.0,4.814318,0.981829,3.766961,1.043182,,,0.028378,0.0,52,onset
52 / other / onset,other,43.5,0.0,0.0,,0.785804,0.544118,0.918919,0.941176,1.0,0.0,4.419514,0.650909,3.391026,0.798125,,,0.785804,0.588235,0.925,0.972973,1.0,0.0,4.514277,0.71123,3.443205,0.882188,,,0.0,0.0,52,onset
52 / mixed / onset,mixed,507.5,0.065025,0.010838,0.666667,0.787192,0.38423,0.918567,0.85461,1.0,0.273859,4.497006,0.89631,3.406298,0.908653,3.503774,0.777986,0.787192,0.48811,0.951282,0.894879,1.0,0.033133,4.742774,0.926626,3.541837,0.983426,5.258183,0.295534,0.065025,0.010838,52,onset
52 / lvo / speed,lvo,94.0,0.232562,0.057173,0.727273,0.87234,0.54878,0.95,0.920455,1.0,0.555556,4.474484,0.806083,2.70805,0.0,3.383222,0.847056,0.87234,0.658537,0.95,1.0,1.0,0.104762,4.667092,0.853876,2.70805,0.0,5.258183,0.295534,0.232562,0.057173,52,speed
52 / nlvo / speed,nlvo,370.0,0.030329,0.0,0.0,0.766216,0.31746,0.95,0.8,1.0,0.164062,4.524196,0.981245,2.70805,0.0,3.7621,0.534624,0.766216,0.426808,0.95,0.834061,1.0,0.0,4.814318,0.981829,2.70805,0.0,,,0.030329,0.0,52,speed
52 / other / speed,other,43.5,0.0,0.0,,0.781609,0.544118,0.95,0.941176,1.0,0.0,4.419514,0.650909,2.70805,0.0,,,0.781609,0.588235,0.95,0.972973,1.0,0.0,4.514277,0.71123,2.70805,0.0,,,0.0,0.0,52,speed
52 / mixed / speed,mixed,507.5,0.06725,0.010823,0.666667,0.787192,0.38423,0.95,0.85461,1.0,0.273859,4.497006,0.89631,2.70805,0.0,3.503774,0.777986,0.787192,0.48811,0.95,0.894879,1.0,0.033133,4.742774,0.926626,2.70805,0.0,5.258183,0.295534,0.06725,0.010823,52,speed
52 / lvo / onset + benchmark,lvo,94.0,0.345744,0.058511,0.727273,0.87234,0.54878,0.977778,0.920455,1.0,0.802469,4.474484,0.806083,3.049222,0.701994,3.383222,0.847056,0.87234,0.658537,0.972222,1.0,1.0,0.104762,4.667092,0.853876,3.085609,0.678536,5.258183,0.295534,0.345744,0.058511,52,onset + benchmark
52 / nlvo / onset + benchmark,nlvo,370.0,0.046033,0.0,0.0,0.766216,0.31746,0.888889,0.8,1.0,0.266129,4.524196,0.981245,3.605936,0.972931,3.7621,0.534624,0.766216,0.426808,0.946281,0.834061,1.0,0.0,4.814318,0.981829,3.766961,1.043182,,,0.046033,0.0,52,onset + benchmark
52 / other / onset + benchmark,other,43.5,0.0,0.0,,0.785804,0.544118,0.918919,0.941176,1.0,0.0,4.419514,0.650909,3.391026,0.798125,,,0.785804,0.588235,0.925,0.972973,1.0,0.0,4.514277,0.71123,3.443205,0.882188,,,0.0,0.0,52,onset + benchmark
52 / mixed / onset + benchmark,mixed,507.5,0.099507,0.010838,0.666667,0.787192,0.38423,0.918567,0.85461,1.0,0.419087,4.497006,0.89631,3.406298,0.908653,3.503774,0.777986,0.787192,0.48811,0.951282,0.894879,1.0,0.033133,4.742774,0.926626,3.541837,0.983426,5.258183,0.295534,0.099507,0.010838,52,onset + benchmark
52 / lvo / speed + benchmark,lvo,94.0,0.335922,0.057173,0.727273,0.87234,0.54878,0.95,0.920455,1.0,0.802469,4.474484,0.806083,2.70805,0.0,3.383222,0.847056,0.87234,0.658537,0.95,1.0,1.0,0.104762,4.667092,0.853876,2.70805,0.0,5.258183,0.295534,0.335922,0.057173,52,speed + benchmark
52 / nlvo / speed + benchmark,nlvo,370.0,0.049198,0.0,0.0,0.766216,0.31746,0.95,0.8,1.0,0.266129,4.524196,0.981245,2.70805,0.0,3.7621,0.534624,0.766216,0.426808,0.95,0.834061,1.0,0.0,4.814318,0.981829,2.70805,0.0,,,0.049198,0.0,52,speed + benchmark
52 / other / speed + benchmark,other,43.5,0.0,0.0,,0.781609,0.544118,0.95,0.941176,1.0,0.0,4.419514,0.650909,2.70805,0.0,,,0.781609,0.588235,0.95,0.972973,1.0,0.0,4.514277,0.71123,2.70805,0.0,,,0.0,0.0,52,speed + benchmark
52 / mixed / speed + benchmark,mixed,507.5,0.102912,0.010823,0.666667,0.787192,0.38423,0.95,0.85461,1.0,0.419087,4.497006,0.89631,2.70805,0.0,3.503774,0.777986,0.787192,0.48811,0.95,0.894879,1.0,0.033133,4.742774,0.926626,2.70805,0.0,5.258183,0.295534,0.102912,0.010823,52,speed + benchmark
52 / lvo / speed + onset,lvo,94.0,0.232562,0.057173,0.727273,0.87234,0.54878,0.95,0.920455,1.0,0.555556,4.474484,0.806083,2.70805,0.0,3.383222,0.847056,0.87234,0.658537,0.95,1.0,1.0,0.104762,4.667092,0.853876,2.70805,0.0,5.258183,0.295534,0.232562,0.057173,52,speed + onset
52 / nlvo / speed + onset,nlvo,370.0,0.030329,0.0,0.0,0.766216,0.31746,0.95,0.8,1.0,0.164062,4.524196,0.981245,2.70805,0.0,3.7621,0.534624,0.766216,0.426808,0.95,0.834061,1.0,0.0,4.814318,0.981829,2.70805,0.0,,,0.030329,0.0,52,speed + onset
52 / other / speed + onset,other,43.5,0.0,0.0,,0.785804,0.544118,0.95,0.941176,1.0,0.0,4.419514,0.650909,2.70805,0.0,,,0.785804,0.588235,0.95,0.972973,1.0,0.0,4.514277,0.71123,2.70805,0.0,,,0.0,0.0,52,speed + onset
52 / mixed / speed + onset,mixed,507.5,0.06725,0.010823,0.666667,0.787192,0.38423,0.95,0.85461,1.0,0.273859,4.497006,0.89631,2.70805,0.0,3.503774,0.777986,0.787192,0.48811,0.95,0.894879,1.0,0.033133,4.742774,0.926626,2.70805,0.0,5.258183,0.295534,0.06725,0.010823,52,speed + onset
52 / lvo / speed + onset + benchmark,lvo,94.0,0.335922,0.057173,0.727273,0.87234,0.54878,0.95,0.920455,1.0,0.802469,4.474484,0.806083,2.70805,0.0,3.383222,0.847056,0.87234,0.658537,0.95,1.0,1.0,0.104762,4.667092,0.853876,2.70805,0.0,5.258183,0.295534,0.335922,0.057173,52,speed + onset + benchmark
52 / nlvo / speed + onset + benchmark,nlvo,370.0,0.049198,0.0,0.0,0.766216,0.31746,0.95,0.8,1.0,0.266129,4.524196,0.981245,2.70805,0.0,3.7621,0.534624,0.766216,0.426808,0.95,0.834061,1.0,0.0,4.814318,0.981829,2.70805,0.0,,,0.049198,0.0,52,speed + onset + benchmark
52 / other / speed + onset + benchmark,other,43.5,0.0,0.0,,0.785804,0.544118,0.95,0.941176,1.0,0.0,4.419514,0.650909,2.70805,0.0,,,0.785804,0.588235,0.95,0.972973,1.0,0.0,4.514277,0.71123,2.70805,0.0,,,0.0,0.0,52,speed + onset + benchmark
52 / mixed / speed + onset + benchmark,mixed,507.5,0.102912,0.010823,0.666667,0.787192,0.38423,0.95,0.85461,1.0,0.419087,4.497006,0.89631,2.70805,0.0,3.503774,0.777986,0.787192,0.48811,0.95,0.894879,1.0,0.033133,4.742774,0.926626,2.70805,0.0,5.258183,0.295534,0.102912,0.010823,52,speed + onset + benchmark
53 / lvo / base,lvo,70.0,0.235714,0.05,0.714286,0.614286,0.77907,0.985075,0.939394,1.0,0.532258,4.51921,0.579265,2.765054,1.039458,3.68897,0.553295,0.614286,0.895349,0.987013,0.921053,1.0,0.1,4.670663,0.670295,2.841767,1.114106,,,0.235715,0.05,53,base
53 / nlvo / base,nlvo,276.0,0.047101,0.0,,0.603261,0.513514,0.912281,0.75641,1.0,0.220339,4.680926,0.55792,3.513769,1.116428,3.476737,0.378591,0.603261,0.636637,0.933962,0.843434,1.0,0.0,4.867936,0.631999,3.674926,1.173147,,,0.047102,0.0,53,base
53 / other / base,other,37.5,0.0,0.0,,0.693333,0.692308,0.944444,0.794118,1.0,0.0,4.713676,0.437543,3.173972,1.187103,,,0.693333,0.769231,0.95,0.973684,1.0,0.0,4.801447,0.494098,3.217883,1.169168,,,0.0,0.0,53,base
53 / mixed / base,mixed,383.5,0.076923,0.009126,0.714286,0.614081,0.581741,0.934307,0.808594,1.0,0.285024,4.645685,0.552099,3.275612,1.148455,3.595443,0.491911,0.614081,0.698514,0.948328,0.878205,1.0,0.025547,4.813682,0.629922,3.416312,1.209052,,,0.076923,0.009126,53,base
53 / lvo / benchmark,lvo,70.0,0.314286,0.05,0.714286,0.614286,0.77907,0.985075,0.939394,1.0,0.709677,4.51921,0.579265,2.765054,1.039458,3.68897,0.553295,0.614286,0.895349,0.987013,0.921053,1.0,0.1,4.670663,0.670295,2.841767,1.114106,,,0.314286,0.05,53,benchmark
53 / nlvo / benchmark,nlvo,276.0,0.090008,0.0,,0.603261,0.513514,0.912281,0.75641,1.0,0.421053,4.680926,0.55792,3.513769,1.116428,3.476737,0.378591,0.603261,0.636637,0.933962,0.843434,1.0,0.0,4.867936,0.631999,3.674926,1.173147,,,0.090008,0.0,53,benchmark
53 / other / benchmark,other,37.5,0.0,0.0,,0.693333,0.692308,0.944444,0.794118,1.0,0.0,4.713676,0.437543,3.173972,1.187103,,,0.693333,0.769231,0.95,0.973684,1.0,0.0,4.801447,0.494098,3.217883,1.169168,,,0.0,0.0,53,benchmark
53 / mixed / benchmark,mixed,383.5,0.122556,0.009126,0.714286,0.614081,0.581741,0.934307,0.808594,1.0,0.454106,4.645685,0.552099,3.275612,1.148455,3.595443,0.491911,0.614081,0.698514,0.948328,0.878205,1.0,0.025547,4.813682,0.629922,3.416312,1.209052,,,0.122556,0.009126,53,benchmark
53 / lvo / onset,lvo,70.0,0.318056,0.067466,0.714286,0.828872,0.77907,0.985075,0.939394,1.0,0.532258,4.51921,0.579265,2.765054,1.039458,3.68897,0.553295,0.828872,0.895349,0.987013,0.921053,1.0,0.1,4.670663,0.670295,2.841767,1.114106,,,0.318056,0.067466,53,onset
53 / nlvo / onset,nlvo,276.0,0.05949,0.0,,0.761925,0.513514,0.912281,0.75641,1.0,0.220339,4.680926,0.55792,3.513769,1.116428,3.476737,0.378591,0.761925,0.636637,0.933962,0.843434,1.0,0.0,4.867936,0.631999,3.674926,1.173147,,,0.05949,0.0,53,onset
53 / other / onset,other,37.5,0.0,0.0,,0.785804,0.692308,0.944444,0.794118,1.0,0.0,4.713676,0.437543,3.173972,1.187103,,,0.785804,0.769231,0.95,0.973684,1.0,0.0,4.801447,0.494098,3.217883,1.169168,,,0.0,0.0,53,onset
53 / mixed / onset,mixed,383.5,0.098183,0.011649,0.714286,0.783802,0.581741,0.934307,0.808594,1.0,0.285024,4.645685,0.552099,3.275612,1.148455,3.595443,0.491911,0.783802,0.698514,0.948328,0.878205,1.0,0.025547,4.813682,0.629922,3.416312,1.209052,,,0.098183,0.011649,53,onset
53 / lvo / speed,lvo,70.0,0.227322,0.048125,0.714286,0.614286,0.77907,0.95,0.939394,1.0,0.532258,4.51921,0.579265,2.70805,0.0,3.68897,0.553295,0.614286,0.895349,0.95,0.921053,1.0,0.1,4.670663,0.670295,2.70805,0.0,,,0.227322,0.048125,53,speed
53 / nlvo / speed,nlvo,276.0,0.049049,0.0,,0.603261,0.513514,0.95,0.75641,1.0,0.220339,4.680926,0.55792,2.70805,0.0,3.476737,0.378591,0.603261,0.636637,0.95,0.843434,1.0,0.0,4.867936,0.631999,2.70805,0.0,,,0.049049,0.0,53,speed
53 / other / speed,other,37.5,0.0,0.0,,0.693333,0.692308,0.95,0.794118,1.0,0.0,4.713676,0.437543,2.70805,0.0,,,0.693333,0.769231,0.95,0.973684,1.0,0.0,4.801447,0.494098,2.70805,0.0,,,0.0,0.0,53,speed
53 / mixed / speed,mixed,383.5,0.078215,0.009142,0.714286,0.614081,0.581741,0.95,0.808594,1.0,0.285024,4.645685,0.552099,2.70805,0.0,3.595443,0.491911,0.614081,0.698514,0.95,0.878205,1.0,0.025547,4.813682,0.629922,2.70805,0.0,,,0.078215,0.009142,53,speed
53 / lvo / onset + benchmark,lvo,70.0,0.424074,0.067466,0.714286,0.828872,0.77907,0.985075,0.939394,1.0,0.709677,4.51921,0.579265,2.765054,1.039458,3.68897,0.553295,0.828872,0.895349,0.987013,0.921053,1.0,0.1,4.670663,0.670295,2.841767,1.114106,,,0.424074,0.067466,53,onset + benchmark
53 / nlvo / onset + benchmark,nlvo,276.0,0.113681,0.0,,0.761925,0.513514,0.912281,0.75641,1.0,0.421053,4.680926,0.55792,3.513769,1.116428,3.476737,0.378591,0.761925,0.636637,0.933962,0.843434,1.0,0.0,4.867936,0.631999,3.674926,1.173147,,,0.113681,0.0,53,onset + benchmark
53 / other / onset + benchmark,other,37.5,0.0,0.0,,0.785804,0.692308,0.944444,0.794118,1.0,0.0,4.713676,0.437543,3.173972,1.187103,,,0.785804,0.769231,0.95,0.973684,1.0,0.0,4.801447,0.494098,3.217883,1.169168,,,0.0,0.0,53,onset + benchmark
53 / mixed / onset + benchmark,mixed,383.5,0.156428,0.011649,0.714286,0.783802,0.581741,0.934307,0.808594,1.0,0.454106,4.645685,0.552099,3.275612,1.148455,3.595443,0.491911,0.783802,0.698514,0.948328,0.878205,1.0,0.025547,4.813682,0.629922,3.416312,1.209052,,,0.156428,0.011649,53,onset + benchmark
53 / lvo / speed + benchmark,lvo,70.0,0.303095,0.048125,0.714286,0.614286,0.77907,0.95,0.939394,1.0,0.709677,4.51921,0.579265,2.70805,0.0,3.68897,0.553295,0.614286,0.895349,0.95,0.921053,1.0,0.1,4.670663,0.670295,2.70805,0.0,,,0.303095,0.048125,53,speed + benchmark
53 / nlvo / speed + benchmark,nlvo,276.0,0.093729,0.0,,0.603261,0.513514,0.95,0.75641,1.0,0.421053,4.680926,0.55792,2.70805,0.0,3.476737,0.378591,0.603261,0.636637,0.95,0.843434,1.0,0.0,4.867936,0.631999,2.70805,0.0,,,0.093729,0.0,53,speed + benchmark
53 / other / speed + benchmark,other,37.5,0.0,0.0,,0.693333,0.692308,0.95,0.794118,1.0,0.0,4.713676,0.437543,2.70805,0.0,,,0.693333,0.769231,0.95,0.973684,1.0,0.0,4.801447,0.494098,2.70805,0.0,,,0.0,0.0,53,speed + benchmark
53 / mixed / speed + benchmark,mixed,383.5,0.124614,0.009142,0.714286,0.614081,0.581741,0.95,0.808594,1.0,0.454106,4.645685,0.552099,2.70805,0.0,3.595443,0.491911,0.614081,0.698514,0.95,0.878205,1.0,0.025547,4.813682,0.629922,2.70805,0.0,,,0.124614,0.009142,53,speed + benchmark
53 / lvo / speed + onset,lvo,70.0,0.306731,0.064936,0.714286,0.828872,0.77907,0.95,0.939394,1.0,0.532258,4.51921,0.579265,2.70805,0.0,3.68897,0.553295,0.828872,0.895349,0.95,0.921053,1.0,0.1,4.670663,0.670295,2.70805,0.0,,,0.306731,0.064936,53,speed + onset
53 / nlvo / speed + onset,nlvo,276.0,0.061949,0.0,,0.761925,0.513514,0.95,0.75641,1.0,0.220339,4.680926,0.55792,2.70805,0.0,3.476737,0.378591,0.761925,0.636637,0.95,0.843434,1.0,0.0,4.867936,0.631999,2.70805,0.0,,,0.061949,0.0,53,speed + onset
53 / other / speed + onset,other,37.5,0.0,0.0,,0.785804,0.692308,0.95,0.794118,1.0,0.0,4.713676,0.437543,2.70805,0.0,,,0.785804,0.769231,0.95,0.973684,1.0,0.0,4.801447,0.494098,2.70805,0.0,,,0.0,0.0,53,speed + onset
53 / mixed / speed + onset,mixed,383.5,0.099832,0.011669,0.714286,0.783802,0.581741,0.95,0.808594,1.0,0.285024,4.645685,0.552099,2.70805,0.0,3.595443,0.491911,0.783802,0.698514,0.95,0.878205,1.0,0.025547,4.813682,0.629922,2.70805,0.0,,,0.099832,0.011669,53,speed + onset
53 / lvo / speed + onset + benchmark,lvo,70.0,0.408975,0.064936,0.714286,0.828872,0.77907,0.95,0.939394,1.0,0.709677,4.51921,0.579265,2.70805,0.0,3.68897,0.553295,0.828872,0.895349,0.95,0.921053,1.0,0.1,4.670663,0.670295,2.70805,0.0,,,0.408975,0.064936,53,speed + onset + benchmark
53 / nlvo / speed + onset + benchmark,nlvo,276.0,0.118381,0.0,,0.761925,0.513514,0.95,0.75641,1.0,0.421053,4.680926,0.55792,2.70805,0.0,3.476737,0.378591,0.761925,0.636637,0.95,0.843434,1.0,0.0,4.867936,0.631999,2.70805,0.0,,,0.118381,0.0,53,speed + onset + benchmark
53 / other / speed + onset + benchmark,other,37.5,0.0,0.0,,0.785804,0.692308,0.95,0.794118,1.0,0.0,4.713676,0.437543,2.70805,0.0,,,0.785804,0.769231,0.95,0.973684,1.0,0.0,4.801447,0.494098,2.70805,0.0,,,0.0,0.0,53,speed + onset + benchmark
53 / mixed / speed + onset + benchmark,mixed,383.5,0.159055,0.011669,0.714286,0.783802,0.581741,0.95,0.808594,1.0,0.454106,4.645685,0.552099,2.70805,0.0,3.595443,0.491911,0.783802,0.698514,0.95,0.878205,1.0,0.025547,4.813682,0.629922,2.70805,0.0,,,0.159055,0.011669,53,speed + onset + benchmark
54 / lvo / base,lvo,139.5,0.207885,0.028674,0.875,0.899642,0.52988,0.992481,0.94697,1.0,0.456,4.75282,0.400491,2.906381,0.764074,3.38442,0.470609,0.899642,0.601594,0.993377,0.966667,1.0,0.055172,4.8616,0.480057,2.958987,0.824525,,,0.204301,0.028674,54,base
54 / nlvo / base,nlvo,663.0,0.074661,0.0,,0.881599,0.302823,0.980226,0.867435,1.0,0.318937,4.740846,0.478661,3.245868,0.843225,3.410741,0.499873,0.881599,0.422583,0.991903,0.883673,1.0,0.0,5.006125,0.588201,3.342894,0.958688,,,0.072398,0.0,54,base
54 / other / base,other,106.0,0.0,0.0,,0.872642,0.535135,1.0,0.888889,1.0,0.0,4.742984,0.449676,3.309019,0.890384,,,0.872642,0.621622,1.0,0.965217,1.0,0.0,4.873319,0.53072,3.325877,0.858533,,,0.0,0.0,54,base
54 / mixed / base,mixed,908.5,0.086406,0.004403,0.875,0.883324,0.365109,0.986348,0.889273,1.0,0.297665,4.743925,0.456446,3.179154,0.846261,3.400935,0.487779,0.883324,0.47352,0.993421,0.912583,1.0,0.011611,4.957315,0.563045,3.264029,0.930046,,,0.084205,0.004403,54,base
54 / lvo / benchmark,lvo,139.5,0.272401,0.028674,0.875,0.899642,0.52988,0.992481,0.94697,1.0,0.608,4.75282,0.400491,2.906381,0.764074,3.38442,0.470609,0.899642,0.601594,0.993377,0.966667,1.0,0.055172,4.8616,0.480057,2.958987,0.824525,,,0.272401,0.028674,54,benchmark
54 / nlvo / benchmark,nlvo,663.0,0.092652,0.0,,0.881599,0.302823,0.980226,0.867435,1.0,0.408163,4.740846,0.478661,3.245868,0.843225,3.410741,0.499873,0.881599,0.422583,0.991903,0.883673,1.0,0.0,5.006125,0.588201,3.342894,0.958688,,,0.092652,0.0,54,benchmark
54 / other / benchmark,other,106.0,0.0,0.0,,0.872642,0.535135,1.0,0.888889,1.0,0.0,4.742984,0.449676,3.309019,0.890384,,,0.872642,0.621622,1.0,0.965217,1.0,0.0,4.873319,0.53072,3.325877,0.858533,,,0.0,0.0,54,benchmark
54 / mixed / benchmark,mixed,908.5,0.111172,0.004403,0.875,0.883324,0.365109,0.986348,0.889273,1.0,0.392996,4.743925,0.456446,3.179154,0.846261,3.400935,0.487779,0.883324,0.47352,0.993421,0.912583,1.0,0.011611,4.957315,0.563045,3.264029,0.930046,,,0.111172,0.004403,54,benchmark
54 / lvo / onset,lvo,139.5,0.204301,0.028674,0.875,0.899642,0.52988,0.992481,0.94697,1.0,0.456,4.75282,0.400491,2.906381,0.764074,3.38442,0.470609,0.899642,0.601594,0.993377,0.966667,1.0,0.055172,4.8616,0.480057,2.958987,0.824525,,,0.204301,0.028674,54,onset
54 / nlvo / onset,nlvo,663.0,0.072398,0.0,,0.881599,0.302823,0.980226,0.867435,1.0,0.318937,4.740846,0.478661,3.245868,0.843225,3.410741,0.499873,0.881599,0.422583,0.991903,0.883673,1.0,0.0,5.006125,0.588201,3.342894,0.958688,,,0.072398,0.0,54,onset
54 / other / onset,other,106.0,0.0,0.0,,0.872642,0.535135,1.0,0.888889,1.0,0.0,4.742984,0.449676,3.309019,0.890384,,,0.872642,0.621622,1.0,0.965217,1.0,0.0,4.873319,0.53072,3.325877,0.858533,,,0.0,0.0,54,onset
54 / mixed / onset,mixed,908.5,0.084205,0.004403,0.875,0.883324,0.365109,0.986348,0.889273,1.0,0.297665,4.743925,0.456446,3.179154,0.846261,3.400935,0.487779,0.883324,0.47352,0.993421,0.912583,1.0,0.011611,4.957315,0.563045,3.264029,0.930046,,,0.084205,0.004403,54,onset
54 / lvo / speed,lvo,139.5,0.195556,0.027422,0.875,0.899642,0.52988,0.95,0.94697,1.0,0.456,4.75282,0.400491,2.70805,0.0,3.38442,0.470609,0.899642,0.601594,0.95,0.966667,1.0,0.055172,4.8616,0.480057,2.70805,0.0,,,0.195556,0.027422,54,speed
54 / nlvo / speed,nlvo,663.0,0.070166,0.0,,0.881599,0.302823,0.95,0.867435,1.0,0.318937,4.740846,0.478661,2.70805,0.0,3.410741,0.499873,0.881599,0.422583,0.95,0.883673,1.0,0.0,5.006125,0.588201,2.70805,0.0,,,0.070166,0.0,54,speed
54 / other / speed,other,106.0,0.0,0.0,,0.872642,0.535135,0.95,0.888889,1.0,0.0,4.742984,0.449676,2.70805,0.0,,,0.872642,0.621622,0.95,0.965217,1.0,0.0,4.873319,0.53072,2.70805,0.0,,,0.0,0.0,54,speed
54 / mixed / speed,mixed,908.5,0.081102,0.00421,0.875,0.883324,0.365109,0.95,0.889273,1.0,0.297665,4.743925,0.456446,2.70805,0.0,3.400935,0.487779,0.883324,0.47352,0.95,0.912583,1.0,0.011611,4.957315,0.563045,2.70805,0.0,,,0.081102,0.00421,54,speed
54 / lvo / onset + benchmark,lvo,139.5,0.272401,0.028674,0.875,0.899642,0.52988,0.992481,0.94697,1.0,0.608,4.75282,0.400491,2.906381,0.764074,3.38442,0.470609,0.899642,0.601594,0.993377,0.966667,1.0,0.055172,4.8616,0.480057,2.958987,0.824525,,,0.272401,0.028674,54,onset + benchmark
54 / nlvo / onset + benchmark,nlvo,663.0,0.092652,0.0,,0.881599,0.302823,0.980226,0.867435,1.0,0.408163,4.740846,0.478661,3.245868,0.843225,3.410741,0.499873,0.881599,0.422583,0.991903,0.883673,1.0,0.0,5.006125,0.588201,3.342894,0.958688,,,0.092652,0.0,54,onset + benchmark
54 / other / onset + benchmark,other,106.0,0.0,0.0,,0.872642,0.535135,1.0,0.888889,1.0,0.0,4.742984,0.449676,3.309019,0.890384,,,0.872642,0.621622,1.0,0.965217,1.0,0.0,4.873319,0.53072,3.325877,0.858533,,,0.0,0.0,54,onset + benchmark
54 / mixed / onset + benchmark,mixed,908.5,0.111172,0.004403,0.875,0.883324,0.365109,0.986348,0.889273,1.0,0.392996,4.743925,0.456446,3.179154,0.846261,3.400935,0.487779,0.883324,0.47352,0.993421,0.912583,1.0,0.011611,4.957315,0.563045,3.264029,0.930046,,,0.111172,0.004403,54,onset + benchmark
54 / lvo / speed + benchmark,lvo,139.5,0.260742,0.027422,0.875,0.899642,0.52988,0.95,0.94697,1.0,0.608,4.75282,0.400491,2.70805,0.0,3.38442,0.470609,0.899642,0.601594,0.95,0.966667,1.0,0.055172,4.8616,0.480057,2.70805,0.0,,,0.260742,0.027422,54,speed + benchmark
54 / nlvo / speed + benchmark,nlvo,663.0,0.089795,0.0,,0.881599,0.302823,0.95,0.867435,1.0,0.408163,4.740846,0.478661,2.70805,0.0,3.410741,0.499873,0.881599,0.422583,0.95,0.883673,1.0,0.0,5.006125,0.588201,2.70805,0.0,,,0.089795,0.0,54,speed + benchmark
54 / other / speed + benchmark,other,106.0,0.0,0.0,,0.872642,0.535135,0.95,0.888889,1.0,0.0,4.742984,0.449676,2.70805,0.0,,,0.872642,0.621622,0.95,0.965217,1.0,0.0,4.873319,0.53072,2.70805,0.0,,,0.0,0.0,54,speed + benchmark
54 / mixed / speed + benchmark,mixed,908.5,0.107075,0.00421,0.875,0.883324,0.365109,0.95,0.889273,1.0,0.392996,4.743925,0.456446,2.70805,0.0,3.400935,0.487779,0.883324,0.47352,0.95,0.912583,1.0,0.011611,4.957315,0.563045,2.70805,0.0,,,0.107075,0.00421,54,speed + benchmark
54 / lvo / speed + onset,lvo,139.5,0.195556,0.027422,0.875,0.899642,0.52988,0.95,0.94697,1.0,0.456,4.75282,0.400491,2.70805,0.0,3.38442,0.470609,0.899642,0.601594,0.95,0.966667,1.0,0.055172,4.8616,0.480057,2.70805,0.0,,,0.195556,0.027422,54,speed + onset
54 / nlvo / speed + onset,nlvo,663.0,0.070166,0.0,,0.881599,0.302823,0.95,0.867435,1.0,0.318937,4.740846,0.478661,2.70805,0.0,3.410741,0.499873,0.881599,0.422583,0.95,0.883673,1.0,0.0,5.006125,0.588201,2.70805,0.0,,,0.070166,0.0,54,speed + onset
54 / other / speed + onset,other,106.0,0.0,0.0,,0.872642,0.535135,0.95,0.888889,1.0,0.0,4.742984,0.449676,2.70805,0.0,,,0.872642,0.621622,0.95,0.965217,1.0,0.0,4.873319,0.53072,2.70805,0.0,,,0.0,0.0,54,speed + onset
54 / mixed / speed + onset,mixed,908.5,0.081102,0.00421,0.875,0.883324,0.365109,0.95,0.889273,1.0,0.297665,4.743925,0.456446,2.70805,0.0,3.400935,0.487779,0.883324,0.47352,0.95,0.912583,1.0,0.011611,4.957315,0.563045,2.70805,0.0,,,0.081102,0.00421,54,speed + onset
54 / lvo / speed + onset + benchmark,lvo,139.5,0.260742,0.027422,0.875,0.899642,0.52988,0.95,0.94697,1.0,0.608,4.75282,0.400491,2.70805,0.0,3.38442,0.470609,0.899642,0.601594,0.95,0.966667,1.0,0.055172,4.8616,0.480057,2.70805,0.0,,,0.260742,0.027422,54,speed + onset + benchmark
54 / nlvo / speed + onset + benchmark,nlvo,663.0,0.089795,0.0,,0.881599,0.302823,0.95,0.867435,1.0,0.408163,4.740846,0.478661,2.70805,0.0,3.410741,0.499873,0.881599,0.422583,0.95,0.883673,1.0,0.0,5.006125,0.588201,2.70805,0.0,,,0.089795,0.0,54,speed + onset + benchmark
54 / other / speed + onset + benchmark,other,106.0,0.0,0.0,,0.872642,0.535135,0.95,0.888889,1.0,0.0,4.742984,0.449676,2.70805,0.0,,,0.872642,0.621622,0.95,0.965217,1.0,0.0,4.873319,0.53072,2.70805,0.0,,,0.0,0.0,54,speed + onset + benchmark
54 / mixed / speed + onset + benchmark,mixed,908.5,0.107075,0.00421,0.875,0.883324,0.365109,0.95,0.889273,1.0,0.392996,4.743925,0.456446,2.70805,0.0,3.400935,0.487779,0.883324,0.47352,0.95,0.912583,1.0,0.011611,4.957315,0.563045,2.70805,0.0,,,0.107075,0.00421,54,speed + onset + benchmark
55 / lvo / base,lvo,38.0,0.263158,0.013158,1.0,0.723684,0.854545,1.0,0.93617,1.0,0.454545,4.525813,0.50782,3.507417,0.717651,3.797246,0.980172,0.723684,0.927273,1.0,0.960784,1.0,0.020408,4.617261,0.581935,3.518759,0.700041,,,0.263157,0.013158,55,base
55 / nlvo / base,nlvo,176.5,0.090652,0.0,,0.566572,0.535,0.915888,0.765306,1.0,0.36,4.615291,0.75924,3.847148,0.861235,3.697869,1.172978,0.566572,0.665,0.917293,0.811475,1.0,0.0,4.830842,0.810782,4.042222,0.943034,,,0.076487,0.0,55,base
55 / other / base,other,26.5,0.0,0.0,,0.528302,0.571429,0.9375,0.8,1.0,0.0,4.602367,0.528251,3.793872,0.975059,,,0.528302,0.75,0.904762,0.842105,1.0,0.0,4.842312,0.637201,3.906567,0.972967,,,0.0,0.0,55,base
55 / mixed / base,mixed,241.0,0.107884,0.002075,1.0,0.587137,0.600707,0.941176,0.81875,1.0,0.358779,4.589336,0.676818,3.742357,0.841753,3.740157,1.084879,0.587137,0.724382,0.936585,0.854167,1.0,0.006098,4.778882,0.746236,3.889753,0.912423,,,0.09751,0.002075,55,base
55 / lvo / benchmark,lvo,38.0,0.368421,0.013158,1.0,0.723684,0.854545,1.0,0.93617,1.0,0.636364,4.525813,0.50782,3.507417,0.717651,3.797246,0.980172,0.723684,0.927273,1.0,0.960784,1.0,0.020408,4.617261,0.581935,3.518759,0.700041,,,0.368421,0.013158,55,benchmark
55 / nlvo / benchmark,nlvo,176.5,0.086134,0.0,,0.566572,0.535,0.915888,0.765306,1.0,0.405405,4.615291,0.75924,3.847148,0.861235,3.697869,1.172978,0.566572,0.665,0.917293,0.811475,1.0,0.0,4.830842,0.810782,4.042222,0.943034,,,0.086134,0.0,55,benchmark
55 / other / benchmark,other,26.5,0.0,0.0,,0.528302,0.571429,0.9375,0.8,1.0,0.0,4.602367,0.528251,3.793872,0.975059,,,0.528302,0.75,0.904762,0.842105,1.0,0.0,4.842312,0.637201,3.906567,0.972967,,,0.0,0.0,55,benchmark
55 / mixed / benchmark,mixed,241.0,0.122407,0.002075,1.0,0.587137,0.600707,0.941176,0.81875,1.0,0.450382,4.589336,0.676818,3.742357,0.841753,3.740157,1.084879,0.587137,0.724382,0.936585,0.854167,1.0,0.006098,4.778882,0.746236,3.889753,0.912423,,,0.122407,0.002075,55,benchmark
55 / lvo / onset,lvo,38.0,0.301407,0.01507,1.0,0.828872,0.854545,1.0,0.93617,1.0,0.454545,4.525813,0.50782,3.507417,0.717651,3.797246,0.980172,0.828872,0.927273,1.0,0.960784,1.0,0.020408,4.617261,0.581935,3.518759,0.700041,,,0.301407,0.01507,55,onset
55 / nlvo / onset,nlvo,176.5,0.10286,0.0,,0.761925,0.535,0.915888,0.765306,1.0,0.36,4.615291,0.75924,3.847148,0.861235,3.697869,1.172978,0.761925,0.665,0.917293,0.811475,1.0,0.0,4.830842,0.810782,4.042222,0.943034,,,0.10286,0.0,55,onset
55 / other / onset,other,26.5,0.0,0.0,,0.785804,0.571429,0.9375,0.8,1.0,0.0,4.602367,0.528251,3.793872,0.975059,,,0.785804,0.75,0.904762,0.842105,1.0,0.0,4.842312,0.637201,3.906567,0.972967,,,0.0,0.0,55,onset
55 / mixed / onset,mixed,241.0,0.130172,0.00277,1.0,0.783802,0.600707,0.941176,0.81875,1.0,0.358779,4.589336,0.676818,3.742357,0.841753,3.740157,1.084879,0.783802,0.724382,0.936585,0.854167,1.0,0.006098,4.778882,0.746236,3.889753,0.912423,,,0.130172,0.00277,55,onset
55 / lvo / speed,lvo,38.0,0.249999,0.0125,1.0,0.723684,0.854545,0.95,0.93617,1.0,0.454545,4.525813,0.50782,2.70805,0.0,3.797246,0.980172,0.723684,0.927273,0.95,0.960784,1.0,0.020408,4.617261,0.581935,2.70805,0.0,,,0.249999,0.0125,55,speed
55 / nlvo / speed,nlvo,176.5,0.079336,0.0,,0.566572,0.535,0.95,0.765306,1.0,0.36,4.615291,0.75924,2.70805,0.0,3.697869,1.172978,0.566572,0.665,0.95,0.811475,1.0,0.0,4.830842,0.810782,2.70805,0.0,,,0.079336,0.0,55,speed
55 / other / speed,other,26.5,0.0,0.0,,0.528302,0.571429,0.95,0.8,1.0,0.0,4.602367,0.528251,2.70805,0.0,,,0.528302,0.75,0.95,0.842105,1.0,0.0,4.842312,0.637201,2.70805,0.0,,,0.0,0.0,55,speed
55 / mixed / speed,mixed,241.0,0.098425,0.002105,1.0,0.587137,0.600707,0.95,0.81875,1.0,0.358779,4.589336,0.676818,2.70805,0.0,3.740157,1.084879,0.587137,0.724382,0.95,0.854167,1.0,0.006098,4.778882,0.746236,2.70805,0.0,,,0.098425,0.002105,55,speed
55 / lvo / onset + benchmark,lvo,38.0,0.421971,0.01507,1.0,0.828872,0.854545,1.0,0.93617,1.0,0.636364,4.525813,0.50782,3.507417,0.717651,3.797246,0.980172,0.828872,0.927273,1.0,0.960784,1.0,0.020408,4.617261,0.581935,3.518759,0.700041,,,0.421971,0.01507,55,onset + benchmark
55 / nlvo / onset + benchmark,nlvo,176.5,0.115833,0.0,,0.761925,0.535,0.915888,0.765306,1.0,0.405405,4.615291,0.75924,3.847148,0.861235,3.697869,1.172978,0.761925,0.665,0.917293,0.811475,1.0,0.0,4.830842,0.810782,4.042222,0.943034,,,0.115833,0.0,55,onset + benchmark
55 / other / onset + benchmark,other,26.5,0.0,0.0,,0.785804,0.571429,0.9375,0.8,1.0,0.0,4.602367,0.528251,3.793872,0.975059,,,0.785804,0.75,0.904762,0.842105,1.0,0.0,4.842312,0.637201,3.906567,0.972967,,,0.0,0.0,55,onset + benchmark
55 / mixed / onset + benchmark,mixed,241.0,0.163407,0.00277,1.0,0.783802,0.600707,0.941176,0.81875,1.0,0.450382,4.589336,0.676818,3.742357,0.841753,3.740157,1.084879,0.783802,0.724382,0.936585,0.854167,1.0,0.006098,4.778882,0.746236,3.889753,0.912423,,,0.163407,0.00277,55,onset + benchmark
55 / lvo / speed + benchmark,lvo,38.0,0.35,0.0125,1.0,0.723684,0.854545,0.95,0.93617,1.0,0.636364,4.525813,0.50782,2.70805,0.0,3.797246,0.980172,0.723684,0.927273,0.95,0.960784,1.0,0.020408,4.617261,0.581935,2.70805,0.0,,,0.35,0.0125,55,speed + benchmark
55 / nlvo / speed + benchmark,nlvo,176.5,0.089342,0.0,,0.566572,0.535,0.95,0.765306,1.0,0.405405,4.615291,0.75924,2.70805,0.0,3.697869,1.172978,0.566572,0.665,0.95,0.811475,1.0,0.0,4.830842,0.810782,2.70805,0.0,,,0.089342,0.0,55,speed + benchmark
55 / other / speed + benchmark,other,26.5,0.0,0.0,,0.528302,0.571429,0.95,0.8,1.0,0.0,4.602367,0.528251,2.70805,0.0,,,0.528302,0.75,0.95,0.842105,1.0,0.0,4.842312,0.637201,2.70805,0.0,,,0.0,0.0,55,speed + benchmark
55 / mixed / speed + benchmark,mixed,241.0,0.123554,0.002105,1.0,0.587137,0.600707,0.95,0.81875,1.0,0.450382,4.589336,0.676818,2.70805,0.0,3.740157,1.084879,0.587137,0.724382,0.95,0.854167,1.0,0.006098,4.778882,0.746236,2.70805,0.0,,,0.123554,0.002105,55,speed + benchmark
55 / lvo / speed + onset,lvo,38.0,0.286337,0.014317,1.0,0.828872,0.854545,0.95,0.93617,1.0,0.454545,4.525813,0.50782,2.70805,0.0,3.797246,0.980172,0.828872,0.927273,0.95,0.960784,1.0,0.020408,4.617261,0.581935,2.70805,0.0,,,0.286337,0.014317,55,speed + onset
55 / nlvo / speed + onset,nlvo,176.5,0.106691,0.0,,0.761925,0.535,0.95,0.765306,1.0,0.36,4.615291,0.75924,2.70805,0.0,3.697869,1.172978,0.761925,0.665,0.95,0.811475,1.0,0.0,4.830842,0.810782,2.70805,0.0,,,0.106691,0.0,55,speed + onset
55 / other / speed + onset,other,26.5,0.0,0.0,,0.785804,0.571429,0.95,0.8,1.0,0.0,4.602367,0.528251,2.70805,0.0,,,0.785804,0.75,0.95,0.842105,1.0,0.0,4.842312,0.637201,2.70805,0.0,,,0.0,0.0,55,speed + onset
55 / mixed / speed + onset,mixed,241.0,0.131393,0.002809,1.0,0.783802,0.600707,0.95,0.81875,1.0,0.358779,4.589336,0.676818,2.70805,0.0,3.740157,1.084879,0.783802,0.724382,0.95,0.854167,1.0,0.006098,4.778882,0.746236,2.70805,0.0,,,0.131393,0.002809,55,speed + onset
55 / lvo / speed + onset + benchmark,lvo,38.0,0.400872,0.014317,1.0,0.828872,0.854545,0.95,0.93617,1.0,0.636364,4.525813,0.50782,2.70805,0.0,3.797246,0.980172,0.828872,0.927273,0.95,0.960784,1.0,0.020408,4.617261,0.581935,2.70805,0.0,,,0.400872,0.014317,55,speed + onset + benchmark
55 / nlvo / speed + onset + benchmark,nlvo,176.5,0.120147,0.0,,0.761925,0.535,0.95,0.765306,1.0,0.405405,4.615291,0.75924,2.70805,0.0,3.697869,1.172978,0.761925,0.665,0.95,0.811475,1.0,0.0,4.830842,0.810782,2.70805,0.0,,,0.120147,0.0,55,speed + onset + benchmark
55 / other / speed + onset + benchmark,other,26.5,0.0,0.0,,0.785804,0.571429,0.95,0.8,1.0,0.0,4.602367,0.528251,2.70805,0.0,,,0.785804,0.75,0.95,0.842105,1.0,0.0,4.842312,0.637201,2.70805,0.0,,,0.0,0.0,55,speed + onset + benchmark
55 / mixed / speed + onset + benchmark,mixed,241.0,0.164939,0.002809,1.0,0.783802,0.600707,0.95,0.81875,1.0,0.450382,4.589336,0.676818,2.70805,0.0,3.740157,1.084879,0.783802,0.724382,0.95,0.854167,1.0,0.006098,4.778882,0.746236,2.70805,0.0,,,0.164939,0.002809,55,speed + onset + benchmark
56 / lvo / base,lvo,62.0,0.290323,0.024194,0.333333,0.717742,0.876404,1.0,0.961538,1.0,0.48,4.48201,0.709661,3.234779,0.679029,3.453163,0.799977,0.717742,0.910112,1.0,0.962963,1.0,0.025641,4.530564,0.739612,3.275349,0.711921,,,0.290322,0.016129,56,base
56 / nlvo / base,nlvo,253.0,0.051383,0.0,,0.559289,0.512367,0.931034,0.777778,1.0,0.247619,4.739804,0.486052,3.596147,0.954977,3.429445,0.882922,0.559289,0.632509,0.96648,0.815029,1.0,0.0,4.920038,0.576562,3.825375,1.037243,,,0.051383,0.0,56,base
56 / other / base,other,56.0,0.0,0.0,,0.544643,0.868852,1.0,0.867925,1.0,0.0,4.55182,0.670416,3.302096,1.19165,,,0.544643,0.885246,1.0,1.0,1.0,0.0,4.57127,0.679268,3.307815,1.181103,,,0.0,0.0,56,base
56 / mixed / base,mixed,371.0,0.083558,0.004043,0.333333,0.583558,0.637413,0.963768,0.849624,1.0,0.274336,4.630851,0.602873,3.431593,0.949907,3.443217,0.828746,0.583558,0.725173,0.980892,0.886364,1.0,0.007326,4.759589,0.664384,3.589984,1.023241,,,0.083558,0.002695,56,base
56 / lvo / benchmark,lvo,62.0,0.362903,0.016129,0.333333,0.717742,0.876404,1.0,0.961538,1.0,0.6,4.48201,0.709661,3.234779,0.679029,3.453163,0.799977,0.717742,0.910112,1.0,0.962963,1.0,0.025641,4.530564,0.739612,3.275349,0.711921,,,0.362903,0.016129,56,benchmark
56 / nlvo / benchmark,nlvo,253.0,0.080929,0.0,,0.559289,0.512367,0.931034,0.777778,1.0,0.39,4.739804,0.486052,3.596147,0.954977,3.429445,0.882922,0.559289,0.632509,0.96648,0.815029,1.0,0.0,4.920038,0.576562,3.825375,1.037243,,,0.080929,0.0,56,benchmark
56 / other / benchmark,other,56.0,0.0,0.0,,0.544643,0.868852,1.0,0.867925,1.0,0.0,4.55182,0.670416,3.302096,1.19165,,,0.544643,0.885246,1.0,1.0,1.0,0.0,4.57127,0.679268,3.307815,1.181103,,,0.0,0.0,56,benchmark
56 / mixed / benchmark,mixed,371.0,0.117251,0.002695,0.333333,0.583558,0.637413,0.963768,0.849624,1.0,0.384956,4.630851,0.602873,3.431593,0.949907,3.443217,0.828746,0.583558,0.725173,0.980892,0.886364,1.0,0.007326,4.759589,0.664384,3.589984,1.023241,,,0.117251,0.002695,56,benchmark
56 / lvo / onset,lvo,62.0,0.335274,0.018626,0.333333,0.828872,0.876404,1.0,0.961538,1.0,0.48,4.48201,0.709661,3.234779,0.679029,3.453163,0.799977,0.828872,0.910112,1.0,0.962963,1.0,0.025641,4.530564,0.739612,3.275349,0.711921,,,0.335274,0.018626,56,onset
56 / nlvo / onset,nlvo,253.0,0.07,0.0,,0.761925,0.512367,0.931034,0.777778,1.0,0.247619,4.739804,0.486052,3.596147,0.954977,3.429445,0.882922,0.761925,0.632509,0.96648,0.815029,1.0,0.0,4.920038,0.576562,3.825375,1.037243,,,0.07,0.0,56,onset
56 / other / onset,other,56.0,0.0,0.0,,0.785804,0.868852,1.0,0.867925,1.0,0.0,4.55182,0.670416,3.302096,1.19165,,,0.785804,0.885246,1.0,1.0,1.0,0.0,4.57127,0.679268,3.307815,1.181103,,,0.0,0.0,56,onset
56 / mixed / onset,mixed,371.0,0.11223,0.00362,0.333333,0.783802,0.637413,0.963768,0.849624,1.0,0.274336,4.630851,0.602873,3.431593,0.949907,3.443217,0.828746,0.783802,0.725173,0.980892,0.886364,1.0,0.007326,4.759589,0.664384,3.589984,1.023241,,,0.11223,0.00362,56,onset
56 / lvo / speed,lvo,62.0,0.275806,0.015323,0.333333,0.717742,0.876404,0.95,0.961538,1.0,0.48,4.48201,0.709661,2.70805,0.0,3.453163,0.799977,0.717742,0.910112,0.95,0.962963,1.0,0.025641,4.530564,0.739612,2.70805,0.0,,,0.275806,0.015323,56,speed
56 / nlvo / speed,nlvo,253.0,0.05243,0.0,,0.559289,0.512367,0.95,0.777778,1.0,0.247619,4.739804,0.486052,2.70805,0.0,3.429445,0.882922,0.559289,0.632509,0.95,0.815029,1.0,0.0,4.920038,0.576562,2.70805,0.0,,,0.05243,0.0,56,speed
56 / other / speed,other,56.0,0.0,0.0,,0.544643,0.868852,0.95,0.867925,1.0,0.0,4.55182,0.670416,2.70805,0.0,,,0.544643,0.885246,0.95,1.0,1.0,0.0,4.57127,0.679268,2.70805,0.0,,,0.0,0.0,56,speed
56 / mixed / speed,mixed,371.0,0.082364,0.002611,0.333333,0.583558,0.637413,0.95,0.849624,1.0,0.274336,4.630851,0.602873,2.70805,0.0,3.443217,0.828746,0.583558,0.725173,0.95,0.886364,1.0,0.007326,4.759589,0.664384,2.70805,0.0,,,0.082364,0.002611,56,speed
56 / lvo / onset + benchmark,lvo,62.0,0.419092,0.018626,0.333333,0.828872,0.876404,1.0,0.961538,1.0,0.6,4.48201,0.709661,3.234779,0.679029,3.453163,0.799977,0.828872,0.910112,1.0,0.962963,1.0,0.025641,4.530564,0.739612,3.275349,0.711921,,,0.419092,0.018626,56,onset + benchmark
56 / nlvo / onset + benchmark,nlvo,253.0,0.11025,0.0,,0.761925,0.512367,0.931034,0.777778,1.0,0.39,4.739804,0.486052,3.596147,0.954977,3.429445,0.882922,0.761925,0.632509,0.96648,0.815029,1.0,0.0,4.920038,0.576562,3.825375,1.037243,,,0.11025,0.0,56,onset + benchmark
56 / other / onset + benchmark,other,56.0,0.0,0.0,,0.785804,0.868852,1.0,0.867925,1.0,0.0,4.55182,0.670416,3.302096,1.19165,,,0.785804,0.885246,1.0,1.0,1.0,0.0,4.57127,0.679268,3.307815,1.181103,,,0.0,0.0,56,onset + benchmark
56 / mixed / onset + benchmark,mixed,371.0,0.157484,0.00362,0.333333,0.783802,0.637413,0.963768,0.849624,1.0,0.384956,4.630851,0.602873,3.431593,0.949907,3.443217,0.828746,0.783802,0.725173,0.980892,0.886364,1.0,0.007326,4.759589,0.664384,3.589984,1.023241,,,0.157484,0.00362,56,onset + benchmark
56 / lvo / speed + benchmark,lvo,62.0,0.344758,0.015323,0.333333,0.717742,0.876404,0.95,0.961538,1.0,0.6,4.48201,0.709661,2.70805,0.0,3.453163,0.799977,0.717742,0.910112,0.95,0.962963,1.0,0.025641,4.530564,0.739612,2.70805,0.0,,,0.344758,0.015323,56,speed + benchmark
56 / nlvo / speed + benchmark,nlvo,253.0,0.082577,0.0,,0.559289,0.512367,0.95,0.777778,1.0,0.39,4.739804,0.486052,2.70805,0.0,3.429445,0.882922,0.559289,0.632509,0.95,0.815029,1.0,0.0,4.920038,0.576562,2.70805,0.0,,,0.082577,0.0,56,speed + benchmark
56 / other / speed + benchmark,other,56.0,0.0,0.0,,0.544643,0.868852,0.95,0.867925,1.0,0.0,4.55182,0.670416,2.70805,0.0,,,0.544643,0.885246,0.95,1.0,1.0,0.0,4.57127,0.679268,2.70805,0.0,,,0.0,0.0,56,speed + benchmark
56 / mixed / speed + benchmark,mixed,371.0,0.115576,0.002611,0.333333,0.583558,0.637413,0.95,0.849624,1.0,0.384956,4.630851,0.602873,2.70805,0.0,3.443217,0.828746,0.583558,0.725173,0.95,0.886364,1.0,0.007326,4.759589,0.664384,2.70805,0.0,,,0.115576,0.002611,56,speed + benchmark
56 / lvo / speed + onset,lvo,62.0,0.31851,0.017695,0.333333,0.828872,0.876404,0.95,0.961538,1.0,0.48,4.48201,0.709661,2.70805,0.0,3.453163,0.799977,0.828872,0.910112,0.95,0.962963,1.0,0.025641,4.530564,0.739612,2.70805,0.0,,,0.31851,0.017695,56,speed + onset
56 / nlvo / speed + onset,nlvo,253.0,0.071426,0.0,,0.761925,0.512367,0.95,0.777778,1.0,0.247619,4.739804,0.486052,2.70805,0.0,3.429445,0.882922,0.761925,0.632509,0.95,0.815029,1.0,0.0,4.920038,0.576562,2.70805,0.0,,,0.071426,0.0,56,speed + onset
56 / other / speed + onset,other,56.0,0.0,0.0,,0.785804,0.868852,0.95,0.867925,1.0,0.0,4.55182,0.670416,2.70805,0.0,,,0.785804,0.885246,0.95,1.0,1.0,0.0,4.57127,0.679268,2.70805,0.0,,,0.0,0.0,56,speed + onset
56 / mixed / speed + onset,mixed,371.0,0.110627,0.003506,0.333333,0.783802,0.637413,0.95,0.849624,1.0,0.274336,4.630851,0.602873,2.70805,0.0,3.443217,0.828746,0.783802,0.725173,0.95,0.886364,1.0,0.007326,4.759589,0.664384,2.70805,0.0,,,0.110627,0.003506,56,speed + onset
56 / lvo / speed + onset + benchmark,lvo,62.0,0.398138,0.017695,0.333333,0.828872,0.876404,0.95,0.961538,1.0,0.6,4.48201,0.709661,2.70805,0.0,3.453163,0.799977,0.828872,0.910112,0.95,0.962963,1.0,0.025641,4.530564,0.739612,2.70805,0.0,,,0.398138,0.017695,56,speed + onset + benchmark
56 / nlvo / speed + onset + benchmark,nlvo,253.0,0.112496,0.0,,0.761925,0.512367,0.95,0.777778,1.0,0.39,4.739804,0.486052,2.70805,0.0,3.429445,0.882922,0.761925,0.632509,0.95,0.815029,1.0,0.0,4.920038,0.576562,2.70805,0.0,,,0.112496,0.0,56,speed + onset + benchmark
56 / other / speed + onset + benchmark,other,56.0,0.0,0.0,,0.785804,0.868852,0.95,0.867925,1.0,0.0,4.55182,0.670416,2.70805,0.0,,,0.785804,0.885246,0.95,1.0,1.0,0.0,4.57127,0.679268,2.70805,0.0,,,0.0,0.0,56,speed + onset + benchmark
56 / mixed / speed + onset + benchmark,mixed,371.0,0.155234,0.003506,0.333333,0.783802,0.637413,0.95,0.849624,1.0,0.384956,4.630851,0.602873,2.70805,0.0,3.443217,0.828746,0.783802,0.725173,0.95,0.886364,1.0,0.007326,4.759589,0.664384,2.70805,0.0,,,0.155234,0.003506,56,speed + onset + benchmark
57 / lvo / base,lvo,50.5,0.306931,0.138614,0.428571,0.70297,0.816901,0.965517,0.892857,1.0,0.56,4.651027,0.531005,3.46619,0.616969,3.220879,0.765888,0.70297,0.887324,0.984127,0.919355,1.0,0.192982,4.741009,0.595824,3.555151,0.698233,5.675502,0.901705,0.277227,0.108911,57,base
57 / nlvo / base,nlvo,168.0,0.107143,0.017857,0.333333,0.589286,0.60101,0.915966,0.761468,1.0,0.385542,4.735051,0.505865,3.61879,0.76795,3.449692,0.711319,0.589286,0.707071,0.95,0.909774,1.0,0.024793,4.871614,0.569983,3.768487,0.873302,,,0.095238,0.008928,57,base
57 / other / base,other,23.0,0.0,0.0,,0.478261,0.772727,0.941176,0.9375,1.0,0.0,4.628282,0.44864,3.433831,0.684487,,,0.478261,0.909091,1.0,0.9,1.0,0.0,4.791788,0.576281,3.57952,0.862687,,,0.0,0.0,57,base
57 / mixed / base,mixed,241.5,0.138716,0.041408,0.4,0.602484,0.666667,0.93299,0.81768,1.0,0.405405,4.700574,0.508281,3.555227,0.717931,3.342913,0.739959,0.602484,0.766323,0.964126,0.911628,1.0,0.071429,4.827558,0.578316,3.689389,0.828074,5.793207,1.032082,0.124224,0.028986,57,base
57 / lvo / benchmark,lvo,50.5,0.287128,0.108911,0.428571,0.70297,0.816901,0.965517,0.892857,1.0,0.58,4.651027,0.531005,3.46619,0.616969,3.220879,0.765888,0.70297,0.887324,0.984127,0.919355,1.0,0.192982,4.741009,0.595824,3.555151,0.698233,5.675502,0.901705,0.287128,0.108911,57,benchmark
57 / nlvo / benchmark,nlvo,168.0,0.089546,0.008928,0.333333,0.589286,0.60101,0.915966,0.761468,1.0,0.3625,4.735051,0.505865,3.61879,0.76795,3.449692,0.711319,0.589286,0.707071,0.95,0.909774,1.0,0.024793,4.871614,0.569983,3.768487,0.873302,,,0.089546,0.008928,57,benchmark
57 / other / benchmark,other,23.0,0.0,0.0,,0.478261,0.772727,0.941176,0.9375,1.0,0.0,4.628282,0.44864,3.433831,0.684487,,,0.478261,0.909091,1.0,0.9,1.0,0.0,4.791788,0.576281,3.57952,0.862687,,,0.0,0.0,57,benchmark
57 / mixed / benchmark,mixed,241.5,0.122153,0.028986,0.4,0.602484,0.666667,0.93299,0.81768,1.0,0.398649,4.700574,0.508281,3.555227,0.717931,3.342913,0.739959,0.602484,0.766323,0.964126,0.911628,1.0,0.071429,4.827558,0.578316,3.689389,0.828074,5.793207,1.032082,0.122153,0.028986,57,benchmark
57 / lvo / onset,lvo,50.5,0.326879,0.128417,0.428571,0.828872,0.816901,0.965517,0.892857,1.0,0.56,4.651027,0.531005,3.46619,0.616969,3.220879,0.765888,0.828872,0.887324,0.984127,0.919355,1.0,0.192982,4.741009,0.595824,3.555151,0.698233,5.675502,0.901705,0.326879,0.128417,57,onset
57 / nlvo / onset,nlvo,168.0,0.123139,0.011544,0.333333,0.761925,0.60101,0.915966,0.761468,1.0,0.385542,4.735051,0.505865,3.61879,0.76795,3.449692,0.711319,0.761925,0.707071,0.95,0.909774,1.0,0.024793,4.871614,0.569983,3.768487,0.873302,,,0.123139,0.011544,57,onset
57 / other / onset,other,23.0,0.0,0.0,,0.785804,0.772727,0.941176,0.9375,1.0,0.0,4.628282,0.44864,3.433831,0.684487,,,0.785804,0.909091,1.0,0.9,1.0,0.0,4.791788,0.576281,3.57952,0.862687,,,0.0,0.0,57,onset
57 / mixed / onset,mixed,241.5,0.161609,0.037709,0.4,0.783802,0.666667,0.93299,0.81768,1.0,0.405405,4.700574,0.508281,3.555227,0.717931,3.342913,0.739959,0.783802,0.766323,0.964126,0.911628,1.0,0.071429,4.827558,0.578316,3.689389,0.828074,5.793207,1.032082,0.161609,0.037709,57,onset
57 / lvo / speed,lvo,50.5,0.272772,0.105134,0.428571,0.70297,0.816901,0.95,0.892857,1.0,0.56,4.651027,0.531005,2.70805,0.0,3.220879,0.765888,0.70297,0.887324,0.95,0.919355,1.0,0.192982,4.741009,0.595824,2.70805,0.0,5.675502,0.901705,0.272772,0.105134,57,speed
57 / nlvo / speed,nlvo,168.0,0.098777,0.008928,0.333333,0.589286,0.60101,0.95,0.761468,1.0,0.385542,4.735051,0.505865,2.70805,0.0,3.449692,0.711319,0.589286,0.707071,0.95,0.909774,1.0,0.024793,4.871614,0.569983,2.70805,0.0,,,0.098777,0.008928,57,speed
57 / other / speed,other,23.0,0.0,0.0,,0.478261,0.772727,0.95,0.9375,1.0,0.0,4.628282,0.44864,2.70805,0.0,,,0.478261,0.909091,0.95,0.9,1.0,0.0,4.791788,0.576281,2.70805,0.0,,,0.0,0.0,57,speed
57 / mixed / speed,mixed,241.5,0.126488,0.028561,0.4,0.602484,0.666667,0.95,0.81768,1.0,0.405405,4.700574,0.508281,2.70805,0.0,3.342913,0.739959,0.602484,0.766323,0.95,0.911628,1.0,0.071429,4.827558,0.578316,2.70805,0.0,5.793207,1.032082,0.126488,0.028561,57,speed
57 / lvo / onset + benchmark,lvo,50.5,0.338553,0.128417,0.428571,0.828872,0.816901,0.965517,0.892857,1.0,0.58,4.651027,0.531005,3.46619,0.616969,3.220879,0.765888,0.828872,0.887324,0.984127,0.919355,1.0,0.192982,4.741009,0.595824,3.555151,0.698233,5.675502,0.901705,0.338553,0.128417,57,onset + benchmark
57 / nlvo / onset + benchmark,nlvo,168.0,0.11578,0.011544,0.333333,0.761925,0.60101,0.915966,0.761468,1.0,0.3625,4.735051,0.505865,3.61879,0.76795,3.449692,0.711319,0.761925,0.707071,0.95,0.909774,1.0,0.024793,4.871614,0.569983,3.768487,0.873302,,,0.11578,0.011544,57,onset + benchmark
57 / other / onset + benchmark,other,23.0,0.0,0.0,,0.785804,0.772727,0.941176,0.9375,1.0,0.0,4.628282,0.44864,3.433831,0.684487,,,0.785804,0.909091,1.0,0.9,1.0,0.0,4.791788,0.576281,3.57952,0.862687,,,0.0,0.0,57,onset + benchmark
57 / mixed / onset + benchmark,mixed,241.5,0.158915,0.037709,0.4,0.783802,0.666667,0.93299,0.81768,1.0,0.398649,4.700574,0.508281,3.555227,0.717931,3.342913,0.739959,0.783802,0.766323,0.964126,0.911628,1.0,0.071429,4.827558,0.578316,3.689389,0.828074,5.793207,1.032082,0.158915,0.037709,57,onset + benchmark
57 / lvo / speed + benchmark,lvo,50.5,0.282514,0.105134,0.428571,0.70297,0.816901,0.95,0.892857,1.0,0.58,4.651027,0.531005,2.70805,0.0,3.220879,0.765888,0.70297,0.887324,0.95,0.919355,1.0,0.192982,4.741009,0.595824,2.70805,0.0,5.675502,0.901705,0.282514,0.105134,57,speed + benchmark
57 / nlvo / speed + benchmark,nlvo,168.0,0.092873,0.008928,0.333333,0.589286,0.60101,0.95,0.761468,1.0,0.3625,4.735051,0.505865,2.70805,0.0,3.449692,0.711319,0.589286,0.707071,0.95,0.909774,1.0,0.024793,4.871614,0.569983,2.70805,0.0,,,0.092873,0.008928,57,speed + benchmark
57 / other / speed + benchmark,other,23.0,0.0,0.0,,0.478261,0.772727,0.95,0.9375,1.0,0.0,4.628282,0.44864,2.70805,0.0,,,0.478261,0.909091,0.95,0.9,1.0,0.0,4.791788,0.576281,2.70805,0.0,,,0.0,0.0,57,speed + benchmark
57 / mixed / speed + benchmark,mixed,241.5,0.12438,0.028561,0.4,0.602484,0.666667,0.95,0.81768,1.0,0.398649,4.700574,0.508281,2.70805,0.0,3.342913,0.739959,0.602484,0.766323,0.95,0.911628,1.0,0.071429,4.827558,0.578316,2.70805,0.0,5.793207,1.032082,0.12438,0.028561,57,speed + benchmark
57 / lvo / speed + onset,lvo,50.5,0.321625,0.123963,0.428571,0.828872,0.816901,0.95,0.892857,1.0,0.56,4.651027,0.531005,2.70805,0.0,3.220879,0.765888,0.828872,0.887324,0.95,0.919355,1.0,0.192982,4.741009,0.595824,2.70805,0.0,5.675502,0.901705,0.321625,0.123963,57,speed + onset
57 / nlvo / speed + onset,nlvo,168.0,0.127715,0.011544,0.333333,0.761925,0.60101,0.95,0.761468,1.0,0.385542,4.735051,0.505865,2.70805,0.0,3.449692,0.711319,0.761925,0.707071,0.95,0.909774,1.0,0.024793,4.871614,0.569983,2.70805,0.0,,,0.127715,0.011544,57,speed + onset
57 / other / speed + onset,other,23.0,0.0,0.0,,0.785804,0.772727,0.95,0.9375,1.0,0.0,4.628282,0.44864,2.70805,0.0,,,0.785804,0.909091,0.95,0.9,1.0,0.0,4.791788,0.576281,2.70805,0.0,,,0.0,0.0,57,speed + onset
57 / mixed / speed + onset,mixed,241.5,0.164555,0.037156,0.4,0.783802,0.666667,0.95,0.81768,1.0,0.405405,4.700574,0.508281,2.70805,0.0,3.342913,0.739959,0.783802,0.766323,0.95,0.911628,1.0,0.071429,4.827558,0.578316,2.70805,0.0,5.793207,1.032082,0.164555,0.037156,57,speed + onset
57 / lvo / speed + onset + benchmark,lvo,50.5,0.333112,0.123963,0.428571,0.828872,0.816901,0.95,0.892857,1.0,0.58,4.651027,0.531005,2.70805,0.0,3.220879,0.765888,0.828872,0.887324,0.95,0.919355,1.0,0.192982,4.741009,0.595824,2.70805,0.0,5.675502,0.901705,0.333112,0.123963,57,speed + onset + benchmark
57 / nlvo / speed + onset + benchmark,nlvo,168.0,0.120082,0.011544,0.333333,0.761925,0.60101,0.95,0.761468,1.0,0.3625,4.735051,0.505865,2.70805,0.0,3.449692,0.711319,0.761925,0.707071,0.95,0.909774,1.0,0.024793,4.871614,0.569983,2.70805,0.0,,,0.120082,0.011544,57,speed + onset + benchmark
57 / other / speed + onset + benchmark,other,23.0,0.0,0.0,,0.785804,0.772727,0.95,0.9375,1.0,0.0,4.628282,0.44864,2.70805,0.0,,,0.785804,0.909091,0.95,0.9,1.0,0.0,4.791788,0.576281,2.70805,0.0,,,0.0,0.0,57,speed + onset + benchmark
57 / mixed / speed + onset + benchmark,mixed,241.5,0.161813,0.037156,0.4,0.783802,0.666667,0.95,0.81768,1.0,0.398649,4.700574,0.508281,2.70805,0.0,3.342913,0.739959,0.783802,0.766323,0.95,0.911628,1.0,0.071429,4.827558,0.578316,2.70805,0.0,5.793207,1.032082,0.161813,0.037156,57,speed + onset + benchmark
58 / lvo / base,lvo,55.0,0.172727,0.063636,0.428571,0.590909,0.769231,0.96,0.979167,1.0,0.404255,4.604235,0.681807,2.260164,1.014072,3.839069,0.477531,0.590909,0.923077,0.966667,0.948276,1.0,0.109091,4.774466,0.731689,2.412019,1.139223,,,0.172727,0.054546,58,base
58 / nlvo / base,nlvo,320.0,0.054688,0.003125,0.0,0.557812,0.62465,0.93722,0.92823,1.0,0.175258,4.666795,0.474442,2.470097,1.14105,3.831208,0.381021,0.557812,0.719888,0.964981,0.955645,1.0,0.004219,4.803474,0.565501,2.57109,1.224848,,,0.053125,0.001562,58,base
58 / other / base,other,55.5,0.0,0.0,,0.531532,0.847458,0.94,0.93617,1.0,0.0,4.480564,0.580399,2.819937,1.063544,,,0.531532,0.915254,0.981481,0.924528,1.0,0.0,4.567595,0.63953,2.919292,1.248051,,,0.0,0.0,58,base
58 / mixed / base,mixed,430.5,0.062718,0.010453,0.333333,0.558653,0.671518,0.941176,0.9375,1.0,0.185965,4.628282,0.530751,2.491037,1.118275,3.834026,0.41362,0.558653,0.77131,0.967655,0.949861,1.0,0.020528,4.76445,0.609874,2.596796,1.220395,,,0.061556,0.00813,58,base
58 / lvo / benchmark,lvo,55.0,0.309091,0.054546,0.428571,0.590909,0.769231,0.96,0.979167,1.0,0.723404,4.604235,0.681807,2.260164,1.014072,3.839069,0.477531,0.590909,0.923077,0.966667,0.948276,1.0,0.109091,4.774466,0.731689,2.412019,1.139223,,,0.309091,0.054546,58,benchmark
58 / nlvo / benchmark,nlvo,320.0,0.109641,0.001562,0.0,0.557812,0.62465,0.93722,0.92823,1.0,0.361702,4.666795,0.474442,2.470097,1.14105,3.831208,0.381021,0.557812,0.719888,0.964981,0.955645,1.0,0.004219,4.803474,0.565501,2.57109,1.224848,,,0.109641,0.001562,58,benchmark
58 / other / benchmark,other,55.5,0.0,0.0,,0.531532,0.847458,0.94,0.93617,1.0,0.0,4.480564,0.580399,2.819937,1.063544,,,0.531532,0.915254,0.981481,0.924528,1.0,0.0,4.567595,0.63953,2.919292,1.248051,,,0.0,0.0,58,benchmark
58 / mixed / benchmark,mixed,430.5,0.124274,0.00813,0.333333,0.558653,0.671518,0.941176,0.9375,1.0,0.375439,4.628282,0.530751,2.491037,1.118275,3.834026,0.41362,0.558653,0.77131,0.967655,0.949861,1.0,0.020528,4.76445,0.609874,2.596796,1.220395,,,0.124274,0.00813,58,benchmark
58 / lvo / onset,lvo,55.0,0.242286,0.076511,0.428571,0.828872,0.769231,0.96,0.979167,1.0,0.404255,4.604235,0.681807,2.260164,1.014072,3.839069,0.477531,0.828872,0.923077,0.966667,0.948276,1.0,0.109091,4.774466,0.731689,2.412019,1.139223,,,0.242286,0.076511,58,onset
58 / nlvo / onset,nlvo,320.0,0.072564,0.002134,0.0,0.761925,0.62465,0.93722,0.92823,1.0,0.175258,4.666795,0.474442,2.470097,1.14105,3.831208,0.381021,0.761925,0.719888,0.964981,0.955645,1.0,0.004219,4.803474,0.565501,2.57109,1.224848,,,0.072564,0.002134,58,onset
58 / other / onset,other,55.5,0.0,0.0,,0.785804,0.847458,0.94,0.93617,1.0,0.0,4.480564,0.580399,2.819937,1.063544,,,0.785804,0.915254,0.981481,0.924528,1.0,0.0,4.567595,0.63953,2.919292,1.248051,,,0.0,0.0,58,onset
58 / mixed / onset,mixed,430.5,0.086365,0.011407,0.333333,0.783802,0.671518,0.941176,0.9375,1.0,0.185965,4.628282,0.530751,2.491037,1.118275,3.834026,0.41362,0.783802,0.77131,0.967655,0.949861,1.0,0.020528,4.76445,0.609874,2.596796,1.220395,,,0.086365,0.011407,58,onset
58 / lvo / speed,lvo,55.0,0.170928,0.053605,0.428571,0.590909,0.769231,0.95,0.979167,1.0,0.404255,4.604235,0.681807,2.260164,0.0,3.839069,0.477531,0.590909,0.923077,0.95,0.948276,1.0,0.109091,4.774466,0.731689,2.412019,0.0,,,0.170928,0.053605,58,speed
58 / nlvo / speed,nlvo,320.0,0.053849,0.001538,0.0,0.557812,0.62465,0.95,0.92823,1.0,0.175258,4.666795,0.474442,2.470097,0.0,3.831208,0.381021,0.557812,0.719888,0.95,0.955645,1.0,0.004219,4.803474,0.565501,2.57109,0.0,,,0.053849,0.001538,58,speed
58 / other / speed,other,55.5,0.0,0.0,,0.531532,0.847458,0.95,0.93617,1.0,0.0,4.480564,0.580399,2.70805,0.0,,,0.531532,0.915254,0.95,0.924528,1.0,0.0,4.567595,0.63953,2.70805,0.0,,,0.0,0.0,58,speed
58 / mixed / speed,mixed,430.5,0.062134,0.007982,0.333333,0.558653,0.671518,0.95,0.9375,1.0,0.185965,4.628282,0.530751,2.491037,0.0,3.834026,0.41362,0.558653,0.77131,0.95,0.949861,1.0,0.020528,4.76445,0.609874,2.596796,0.0,,,0.062134,0.007982,58,speed
58 / lvo / onset + benchmark,lvo,55.0,0.433564,0.076511,0.428571,0.828872,0.769231,0.96,0.979167,1.0,0.723404,4.604235,0.681807,2.260164,1.014072,3.839069,0.477531,0.828872,0.923077,0.966667,0.948276,1.0,0.109091,4.774466,0.731689,2.412019,1.139223,,,0.433564,0.076511,58,onset + benchmark
58 / nlvo / onset + benchmark,nlvo,320.0,0.14976,0.002134,0.0,0.761925,0.62465,0.93722,0.92823,1.0,0.361702,4.666795,0.474442,2.470097,1.14105,3.831208,0.381021,0.761925,0.719888,0.964981,0.955645,1.0,0.004219,4.803474,0.565501,2.57109,1.224848,,,0.14976,0.002134,58,onset + benchmark
58 / other / onset + benchmark,other,55.5,0.0,0.0,,0.785804,0.847458,0.94,0.93617,1.0,0.0,4.480564,0.580399,2.819937,1.063544,,,0.785804,0.915254,0.981481,0.924528,1.0,0.0,4.567595,0.63953,2.919292,1.248051,,,0.0,0.0,58,onset + benchmark
58 / mixed / onset + benchmark,mixed,430.5,0.174359,0.011407,0.333333,0.783802,0.671518,0.941176,0.9375,1.0,0.375439,4.628282,0.530751,2.491037,1.118275,3.834026,0.41362,0.783802,0.77131,0.967655,0.949861,1.0,0.020528,4.76445,0.609874,2.596796,1.220395,,,0.174359,0.011407,58,onset + benchmark
58 / lvo / speed + benchmark,lvo,55.0,0.305871,0.053605,0.428571,0.590909,0.769231,0.95,0.979167,1.0,0.723404,4.604235,0.681807,2.260164,0.0,3.839069,0.477531,0.590909,0.923077,0.95,0.948276,1.0,0.109091,4.774466,0.731689,2.412019,0.0,,,0.305871,0.053605,58,speed + benchmark
58 / nlvo / speed + benchmark,nlvo,320.0,0.111136,0.001538,0.0,0.557812,0.62465,0.95,0.92823,1.0,0.361702,4.666795,0.474442,2.470097,0.0,3.831208,0.381021,0.557812,0.719888,0.95,0.955645,1.0,0.004219,4.803474,0.565501,2.57109,0.0,,,0.111136,0.001538,58,speed + benchmark
58 / other / speed + benchmark,other,55.5,0.0,0.0,,0.531532,0.847458,0.95,0.93617,1.0,0.0,4.480564,0.580399,2.70805,0.0,,,0.531532,0.915254,0.95,0.924528,1.0,0.0,4.567595,0.63953,2.70805,0.0,,,0.0,0.0,58,speed + benchmark
58 / mixed / speed + benchmark,mixed,430.5,0.125439,0.007982,0.333333,0.558653,0.671518,0.95,0.9375,1.0,0.375439,4.628282,0.530751,2.491037,0.0,3.834026,0.41362,0.558653,0.77131,0.95,0.949861,1.0,0.020528,4.76445,0.609874,2.596796,0.0,,,0.125439,0.007982,58,speed + benchmark
58 / lvo / speed + onset,lvo,55.0,0.239762,0.075192,0.428571,0.828872,0.769231,0.95,0.979167,1.0,0.404255,4.604235,0.681807,2.260164,0.0,3.839069,0.477531,0.828872,0.923077,0.95,0.948276,1.0,0.109091,4.774466,0.731689,2.412019,0.0,,,0.239762,0.075192,58,speed + onset
58 / nlvo / speed + onset,nlvo,320.0,0.073554,0.002101,0.0,0.761925,0.62465,0.95,0.92823,1.0,0.175258,4.666795,0.474442,2.470097,0.0,3.831208,0.381021,0.761925,0.719888,0.95,0.955645,1.0,0.004219,4.803474,0.565501,2.57109,0.0,,,0.073554,0.002101,58,speed + onset
58 / other / speed + onset,other,55.5,0.0,0.0,,0.785804,0.847458,0.95,0.93617,1.0,0.0,4.480564,0.580399,2.70805,0.0,,,0.785804,0.915254,0.95,0.924528,1.0,0.0,4.567595,0.63953,2.70805,0.0,,,0.0,0.0,58,speed + onset
58 / mixed / speed + onset,mixed,430.5,0.087175,0.011199,0.333333,0.783802,0.671518,0.95,0.9375,1.0,0.185965,4.628282,0.530751,2.491037,0.0,3.834026,0.41362,0.783802,0.77131,0.95,0.949861,1.0,0.020528,4.76445,0.609874,2.596796,0.0,,,0.087175,0.011199,58,speed + onset
58 / lvo / speed + onset + benchmark,lvo,55.0,0.429048,0.075192,0.428571,0.828872,0.769231,0.95,0.979167,1.0,0.723404,4.604235,0.681807,2.260164,0.0,3.839069,0.477531,0.828872,0.923077,0.95,0.948276,1.0,0.109091,4.774466,0.731689,2.412019,0.0,,,0.429048,0.075192,58,speed + onset + benchmark
58 / nlvo / speed + onset + benchmark,nlvo,320.0,0.151803,0.002101,0.0,0.761925,0.62465,0.95,0.92823,1.0,0.361702,4.666795,0.474442,2.470097,0.0,3.831208,0.381021,0.761925,0.719888,0.95,0.955645,1.0,0.004219,4.803474,0.565501,2.57109,0.0,,,0.151803,0.002101,58,speed + onset + benchmark
58 / other / speed + onset + benchmark,other,55.5,0.0,0.0,,0.785804,0.847458,0.95,0.93617,1.0,0.0,4.480564,0.580399,2.70805,0.0,,,0.785804,0.915254,0.95,0.924528,1.0,0.0,4.567595,0.63953,2.70805,0.0,,,0.0,0.0,58,speed + onset + benchmark
58 / mixed / speed + onset + benchmark,mixed,430.5,0.175994,0.011199,0.333333,0.783802,0.671518,0.95,0.9375,1.0,0.375439,4.628282,0.530751,2.491037,0.0,3.834026,0.41362,0.783802,0.77131,0.95,0.949861,1.0,0.020528,4.76445,0.609874,2.596796,0.0,,,0.175994,0.011199,58,speed + onset + benchmark
59 / lvo / base,lvo,51.5,0.291262,0.048544,0.6,0.669903,0.855072,1.0,0.966102,1.0,0.508772,4.501624,0.46502,1.996866,1.476319,4.01173,0.597123,0.669903,0.913043,1.0,1.0,1.0,0.079365,4.573173,0.529188,2.029772,1.445333,,,0.281553,0.048544,59,base
59 / nlvo / base,nlvo,296.0,0.081081,0.003378,0.5,0.597973,0.59887,0.990566,0.880952,1.0,0.254054,4.688479,0.447249,2.526497,1.527247,4.037528,0.555409,0.597973,0.714689,0.996047,0.920635,1.0,0.00431,4.849199,0.551343,2.66089,1.563701,,,0.079392,0.001689,59,base
59 / other / base,other,46.5,0.0,0.0,,0.655914,0.786885,0.958333,0.913043,1.0,0.0,4.567257,0.431063,2.694849,1.73112,,,0.655914,0.819672,1.0,0.94,1.0,0.0,4.610389,0.473816,2.882995,1.789991,,,0.0,0.0,59,base
59 / mixed / base,mixed,394.0,0.098985,0.008883,0.571429,0.614213,0.659091,0.987461,0.901587,1.0,0.267606,4.635679,0.453353,2.451881,1.56072,4.027684,0.567868,0.614213,0.756198,0.997268,0.936986,1.0,0.017544,4.769062,0.549637,2.582383,1.594602,,,0.096447,0.007614,59,base
59 / lvo / benchmark,lvo,51.5,0.339806,0.048544,0.6,0.669903,0.855072,1.0,0.966102,1.0,0.614035,4.501624,0.46502,1.996866,1.476319,4.01173,0.597123,0.669903,0.913043,1.0,1.0,1.0,0.079365,4.573173,0.529188,2.029772,1.445333,,,0.339806,0.048544,59,benchmark
59 / nlvo / benchmark,nlvo,296.0,0.123214,0.001689,0.5,0.597973,0.59887,0.990566,0.880952,1.0,0.394286,4.688479,0.447249,2.526497,1.527247,4.037528,0.555409,0.597973,0.714689,0.996047,0.920635,1.0,0.00431,4.849199,0.551343,2.66089,1.563701,,,0.123214,0.001689,59,benchmark
59 / other / benchmark,other,46.5,0.0,0.0,,0.655914,0.786885,0.958333,0.913043,1.0,0.0,4.567257,0.431063,2.694849,1.73112,,,0.655914,0.819672,1.0,0.94,1.0,0.0,4.610389,0.473816,2.882995,1.789991,,,0.0,0.0,59,benchmark
59 / mixed / benchmark,mixed,394.0,0.140863,0.007614,0.571429,0.614213,0.659091,0.987461,0.901587,1.0,0.390845,4.635679,0.453353,2.451881,1.56072,4.027684,0.567868,0.614213,0.756198,0.997268,0.936986,1.0,0.017544,4.769062,0.549637,2.582383,1.594602,,,0.140863,0.007614,59,benchmark
59 / lvo / onset,lvo,51.5,0.348366,0.060063,0.6,0.828872,0.855072,1.0,0.966102,1.0,0.508772,4.501624,0.46502,1.996866,1.476319,4.01173,0.597123,0.828872,0.913043,1.0,1.0,1.0,0.079365,4.573173,0.529188,2.029772,1.445333,,,0.348366,0.060063,59,onset
59 / nlvo / onset,nlvo,296.0,0.101159,0.002152,0.5,0.761925,0.59887,0.990566,0.880952,1.0,0.254054,4.688479,0.447249,2.526497,1.527247,4.037528,0.555409,0.761925,0.714689,0.996047,0.920635,1.0,0.00431,4.849199,0.551343,2.66089,1.563701,,,0.101159,0.002152,59,onset
59 / other / onset,other,46.5,0.0,0.0,,0.785804,0.786885,0.958333,0.913043,1.0,0.0,4.567257,0.431063,2.694849,1.73112,,,0.785804,0.819672,1.0,0.94,1.0,0.0,4.610389,0.473816,2.882995,1.789991,,,0.0,0.0,59,onset
59 / mixed / onset,mixed,394.0,0.123076,0.009717,0.571429,0.783802,0.659091,0.987461,0.901587,1.0,0.267606,4.635679,0.453353,2.451881,1.56072,4.027684,0.567868,0.783802,0.756198,0.997268,0.936986,1.0,0.017544,4.769062,0.549637,2.582383,1.594602,,,0.123076,0.009717,59,onset
59 / lvo / speed,lvo,51.5,0.267476,0.046116,0.6,0.669903,0.855072,0.95,0.966102,1.0,0.508772,4.501624,0.46502,1.996866,0.0,4.01173,0.597123,0.669903,0.913043,0.95,1.0,1.0,0.079365,4.573173,0.529188,2.029772,0.0,,,0.267476,0.046116,59,speed
59 / nlvo / speed,nlvo,296.0,0.076141,0.001611,0.5,0.597973,0.59887,0.95,0.880952,1.0,0.254054,4.688479,0.447249,2.526497,0.0,4.037528,0.555409,0.597973,0.714689,0.95,0.920635,1.0,0.00431,4.849199,0.551343,2.66089,0.0,,,0.076141,0.001611,59,speed
59 / other / speed,other,46.5,0.0,0.0,,0.655914,0.786885,0.95,0.913043,1.0,0.0,4.567257,0.431063,2.694849,0.0,,,0.655914,0.819672,0.95,0.94,1.0,0.0,4.610389,0.473816,2.70805,0.0,,,0.0,0.0,59,speed
59 / mixed / speed,mixed,394.0,0.092788,0.007253,0.571429,0.614213,0.659091,0.95,0.901587,1.0,0.267606,4.635679,0.453353,2.451881,0.0,4.027684,0.567868,0.614213,0.756198,0.95,0.936986,1.0,0.017544,4.769062,0.549637,2.582383,0.0,,,0.092788,0.007253,59,speed
59 / lvo / onset + benchmark,lvo,51.5,0.420442,0.060063,0.6,0.828872,0.855072,1.0,0.966102,1.0,0.614035,4.501624,0.46502,1.996866,1.476319,4.01173,0.597123,0.828872,0.913043,1.0,1.0,1.0,0.079365,4.573173,0.529188,2.029772,1.445333,,,0.420442,0.060063,59,onset + benchmark
59 / nlvo / onset + benchmark,nlvo,296.0,0.156997,0.002152,0.5,0.761925,0.59887,0.990566,0.880952,1.0,0.394286,4.688479,0.447249,2.526497,1.527247,4.037528,0.555409,0.761925,0.714689,0.996047,0.920635,1.0,0.00431,4.849199,0.551343,2.66089,1.563701,,,0.156997,0.002152,59,onset + benchmark
59 / other / onset + benchmark,other,46.5,0.0,0.0,,0.785804,0.786885,0.958333,0.913043,1.0,0.0,4.567257,0.431063,2.694849,1.73112,,,0.785804,0.819672,1.0,0.94,1.0,0.0,4.610389,0.473816,2.882995,1.789991,,,0.0,0.0,59,onset + benchmark
59 / mixed / onset + benchmark,mixed,394.0,0.179756,0.009717,0.571429,0.783802,0.659091,0.987461,0.901587,1.0,0.390845,4.635679,0.453353,2.451881,1.56072,4.027684,0.567868,0.783802,0.756198,0.997268,0.936986,1.0,0.017544,4.769062,0.549637,2.582383,1.594602,,,0.179756,0.009717,59,onset + benchmark
59 / lvo / speed + benchmark,lvo,51.5,0.322816,0.046116,0.6,0.669903,0.855072,0.95,0.966102,1.0,0.614035,4.501624,0.46502,1.996866,0.0,4.01173,0.597123,0.669903,0.913043,0.95,1.0,1.0,0.079365,4.573173,0.529188,2.029772,0.0,,,0.322816,0.046116,59,speed + benchmark
59 / nlvo / speed + benchmark,nlvo,296.0,0.118168,0.001611,0.5,0.597973,0.59887,0.95,0.880952,1.0,0.394286,4.688479,0.447249,2.526497,0.0,4.037528,0.555409,0.597973,0.714689,0.95,0.920635,1.0,0.00431,4.849199,0.551343,2.66089,0.0,,,0.118168,0.001611,59,speed + benchmark
59 / other / speed + benchmark,other,46.5,0.0,0.0,,0.655914,0.786885,0.95,0.913043,1.0,0.0,4.567257,0.431063,2.694849,0.0,,,0.655914,0.819672,0.95,0.94,1.0,0.0,4.610389,0.473816,2.70805,0.0,,,0.0,0.0,59,speed + benchmark
59 / mixed / speed + benchmark,mixed,394.0,0.135519,0.007253,0.571429,0.614213,0.659091,0.95,0.901587,1.0,0.390845,4.635679,0.453353,2.451881,0.0,4.027684,0.567868,0.614213,0.756198,0.95,0.936986,1.0,0.017544,4.769062,0.549637,2.582383,0.0,,,0.135519,0.007253,59,speed + benchmark
59 / lvo / speed + onset,lvo,51.5,0.330948,0.05706,0.6,0.828872,0.855072,0.95,0.966102,1.0,0.508772,4.501624,0.46502,1.996866,0.0,4.01173,0.597123,0.828872,0.913043,0.95,1.0,1.0,0.079365,4.573173,0.529188,2.029772,0.0,,,0.330948,0.05706,59,speed + onset
59 / nlvo / speed + onset,nlvo,296.0,0.097017,0.002053,0.5,0.761925,0.59887,0.95,0.880952,1.0,0.254054,4.688479,0.447249,2.526497,0.0,4.037528,0.555409,0.761925,0.714689,0.95,0.920635,1.0,0.00431,4.849199,0.551343,2.66089,0.0,,,0.097017,0.002053,59,speed + onset
59 / other / speed + onset,other,46.5,0.0,0.0,,0.785804,0.786885,0.95,0.913043,1.0,0.0,4.567257,0.431063,2.694849,0.0,,,0.785804,0.819672,0.95,0.94,1.0,0.0,4.610389,0.473816,2.70805,0.0,,,0.0,0.0,59,speed + onset
59 / mixed / speed + onset,mixed,394.0,0.118407,0.009256,0.571429,0.783802,0.659091,0.95,0.901587,1.0,0.267606,4.635679,0.453353,2.451881,0.0,4.027684,0.567868,0.783802,0.756198,0.95,0.936986,1.0,0.017544,4.769062,0.549637,2.582383,0.0,,,0.118407,0.009256,59,speed + onset
59 / lvo / speed + onset + benchmark,lvo,51.5,0.39942,0.05706,0.6,0.828872,0.855072,0.95,0.966102,1.0,0.614035,4.501624,0.46502,1.996866,0.0,4.01173,0.597123,0.828872,0.913043,0.95,1.0,1.0,0.079365,4.573173,0.529188,2.029772,0.0,,,0.39942,0.05706,59,speed + onset + benchmark
59 / nlvo / speed + onset + benchmark,nlvo,296.0,0.150568,0.002053,0.5,0.761925,0.59887,0.95,0.880952,1.0,0.394286,4.688479,0.447249,2.526497,0.0,4.037528,0.555409,0.761925,0.714689,0.95,0.920635,1.0,0.00431,4.849199,0.551343,2.66089,0.0,,,0.150568,0.002053,59,speed + onset + benchmark
59 / other / speed + onset + benchmark,other,46.5,0.0,0.0,,0.785804,0.786885,0.95,0.913043,1.0,0.0,4.567257,0.431063,2.694849,0.0,,,0.785804,0.819672,0.95,0.94,1.0,0.0,4.610389,0.473816,2.70805,0.0,,,0.0,0.0,59,speed + onset + benchmark
59 / mixed / speed + onset + benchmark,mixed,394.0,0.172937,0.009256,0.571429,0.783802,0.659091,0.95,0.901587,1.0,0.390845,4.635679,0.453353,2.451881,0.0,4.027684,0.567868,0.783802,0.756198,0.95,0.936986,1.0,0.017544,4.769062,0.549637,2.582383,0.0,,,0.172937,0.009256,59,speed + onset + benchmark
60 / lvo / base,lvo,126.5,0.229249,0.063241,0.75,0.6917,0.64,0.991071,0.945946,1.0,0.542857,4.640692,0.382888,3.125562,0.642091,3.684171,0.856446,0.6917,0.76,0.992481,0.962121,1.0,0.11811,4.803517,0.517174,3.156195,0.717727,5.42749,0.169469,0.225296,0.059288,60,base
60 / nlvo / base,nlvo,458.5,0.075245,0.004362,0.5,0.653217,0.477462,0.944056,0.833333,1.0,0.297778,4.729829,0.458524,3.490355,0.962235,3.702849,0.48602,0.653217,0.584307,0.977143,0.856725,1.0,0.010239,4.90442,0.557603,3.615672,1.02951,,,0.073064,0.003272,60,base
60 / other / base,other,80.5,0.0,0.0,,0.652174,0.619048,0.969231,0.84127,1.0,0.0,4.648145,0.567662,3.427176,0.925893,,,0.652174,0.733333,0.974026,0.906667,1.0,0.0,4.813177,0.650834,3.452374,0.955718,,,0.0,0.0,60,base
60 / mixed / base,mixed,665.5,0.095417,0.015026,0.7,0.660406,0.526735,0.958963,0.862613,1.0,0.32376,4.696799,0.459706,3.390192,0.89913,3.694263,0.678814,0.660406,0.637088,0.980357,0.888889,1.0,0.036885,4.867909,0.563115,3.482888,0.971007,5.396048,0.191129,0.093163,0.013524,60,base
60 / lvo / benchmark,lvo,126.5,0.29249,0.059288,0.75,0.6917,0.64,0.991071,0.945946,1.0,0.704762,4.640692,0.382888,3.125562,0.642091,3.684171,0.856446,0.6917,0.76,0.992481,0.962121,1.0,0.11811,4.803517,0.517174,3.156195,0.717727,5.42749,0.169469,0.29249,0.059288,60,benchmark
60 / nlvo / benchmark,nlvo,458.5,0.104674,0.003272,0.5,0.653217,0.477462,0.944056,0.833333,1.0,0.426606,4.729829,0.458524,3.490355,0.962235,3.702849,0.48602,0.653217,0.584307,0.977143,0.856725,1.0,0.010239,4.90442,0.557603,3.615672,1.02951,,,0.104674,0.003272,60,benchmark
60 / other / benchmark,other,80.5,0.0,0.0,,0.652174,0.619048,0.969231,0.84127,1.0,0.0,4.648145,0.567662,3.427176,0.925893,,,0.652174,0.733333,0.974026,0.906667,1.0,0.0,4.813177,0.650834,3.452374,0.955718,,,0.0,0.0,60,benchmark
60 / mixed / benchmark,mixed,665.5,0.127724,0.013524,0.7,0.660406,0.526735,0.958963,0.862613,1.0,0.443864,4.696799,0.459706,3.390192,0.89913,3.694263,0.678814,0.660406,0.637088,0.980357,0.888889,1.0,0.036885,4.867909,0.563115,3.482888,0.971007,5.396048,0.191129,0.127724,0.013524,60,benchmark
60 / lvo / onset,lvo,126.5,0.269975,0.071046,0.75,0.828872,0.64,0.991071,0.945946,1.0,0.542857,4.640692,0.382888,3.125562,0.642091,3.684171,0.856446,0.828872,0.76,0.992481,0.962121,1.0,0.11811,4.803517,0.517174,3.156195,0.717727,5.42749,0.169469,0.269975,0.071046,60,onset
60 / nlvo / onset,nlvo,458.5,0.085224,0.003816,0.5,0.761925,0.477462,0.944056,0.833333,1.0,0.297778,4.729829,0.458524,3.490355,0.962235,3.702849,0.48602,0.761925,0.584307,0.977143,0.856725,1.0,0.010239,4.90442,0.557603,3.615672,1.02951,,,0.085224,0.003816,60,onset
60 / other / onset,other,80.5,0.0,0.0,,0.785804,0.619048,0.969231,0.84127,1.0,0.0,4.648145,0.567662,3.427176,0.925893,,,0.785804,0.733333,0.974026,0.906667,1.0,0.0,4.813177,0.650834,3.452374,0.955718,,,0.0,0.0,60,onset
60 / mixed / onset,mixed,665.5,0.110571,0.01605,0.7,0.783802,0.526735,0.958963,0.862613,1.0,0.32376,4.696799,0.459706,3.390192,0.89913,3.694263,0.678814,0.783802,0.637088,0.980357,0.888889,1.0,0.036885,4.867909,0.563115,3.482888,0.971007,5.396048,0.191129,0.110571,0.01605,60,onset
60 / lvo / speed,lvo,126.5,0.21596,0.056751,0.75,0.6917,0.64,0.95,0.945946,1.0,0.542857,4.640692,0.382888,2.70805,0.0,3.684171,0.856446,0.6917,0.76,0.95,0.962121,1.0,0.11811,4.803517,0.517174,2.70805,0.0,5.42749,0.169469,0.21596,0.056751,60,speed
60 / nlvo / speed,nlvo,458.5,0.073524,0.003181,0.5,0.653217,0.477462,0.95,0.833333,1.0,0.297778,4.729829,0.458524,2.70805,0.0,3.702849,0.48602,0.653217,0.584307,0.95,0.856725,1.0,0.010239,4.90442,0.557603,2.70805,0.0,,,0.073524,0.003181,60,speed
60 / other / speed,other,80.5,0.0,0.0,,0.652174,0.619048,0.95,0.84127,1.0,0.0,4.648145,0.567662,2.70805,0.0,,,0.652174,0.733333,0.95,0.906667,1.0,0.0,4.813177,0.650834,2.70805,0.0,,,0.0,0.0,60,speed
60 / mixed / speed,mixed,665.5,0.092292,0.013105,0.7,0.660406,0.526735,0.95,0.862613,1.0,0.32376,4.696799,0.459706,2.70805,0.0,3.694263,0.678814,0.660406,0.637088,0.95,0.888889,1.0,0.036885,4.867909,0.563115,2.70805,0.0,5.396048,0.191129,0.092292,0.013105,60,speed
60 / lvo / onset + benchmark,lvo,126.5,0.350494,0.071046,0.75,0.828872,0.64,0.991071,0.945946,1.0,0.704762,4.640692,0.382888,3.125562,0.642091,3.684171,0.856446,0.828872,0.76,0.992481,0.962121,1.0,0.11811,4.803517,0.517174,3.156195,0.717727,5.42749,0.169469,0.350494,0.071046,60,onset + benchmark
60 / nlvo / onset + benchmark,nlvo,458.5,0.122094,0.003816,0.5,0.761925,0.477462,0.944056,0.833333,1.0,0.426606,4.729829,0.458524,3.490355,0.962235,3.702849,0.48602,0.761925,0.584307,0.977143,0.856725,1.0,0.010239,4.90442,0.557603,3.615672,1.02951,,,0.122094,0.003816,60,onset + benchmark
60 / other / onset + benchmark,other,80.5,0.0,0.0,,0.785804,0.619048,0.969231,0.84127,1.0,0.0,4.648145,0.567662,3.427176,0.925893,,,0.785804,0.733333,0.974026,0.906667,1.0,0.0,4.813177,0.650834,3.452374,0.955718,,,0.0,0.0,60,onset + benchmark
60 / mixed / onset + benchmark,mixed,665.5,0.151589,0.01605,0.7,0.783802,0.526735,0.958963,0.862613,1.0,0.443864,4.696799,0.459706,3.390192,0.89913,3.694263,0.678814,0.783802,0.637088,0.980357,0.888889,1.0,0.036885,4.867909,0.563115,3.482888,0.971007,5.396048,0.191129,0.151589,0.01605,60,onset + benchmark
60 / lvo / speed + benchmark,lvo,126.5,0.280369,0.056751,0.75,0.6917,0.64,0.95,0.945946,1.0,0.704762,4.640692,0.382888,2.70805,0.0,3.684171,0.856446,0.6917,0.76,0.95,0.962121,1.0,0.11811,4.803517,0.517174,2.70805,0.0,5.42749,0.169469,0.280369,0.056751,60,speed + benchmark
60 / nlvo / speed + benchmark,nlvo,458.5,0.105333,0.003181,0.5,0.653217,0.477462,0.95,0.833333,1.0,0.426606,4.729829,0.458524,2.70805,0.0,3.702849,0.48602,0.653217,0.584307,0.95,0.856725,1.0,0.010239,4.90442,0.557603,2.70805,0.0,,,0.105333,0.003181,60,speed + benchmark
60 / other / speed + benchmark,other,80.5,0.0,0.0,,0.652174,0.619048,0.95,0.84127,1.0,0.0,4.648145,0.567662,2.70805,0.0,,,0.652174,0.733333,0.95,0.906667,1.0,0.0,4.813177,0.650834,2.70805,0.0,,,0.0,0.0,60,speed + benchmark
60 / mixed / speed + benchmark,mixed,665.5,0.12653,0.013105,0.7,0.660406,0.526735,0.95,0.862613,1.0,0.443864,4.696799,0.459706,2.70805,0.0,3.694263,0.678814,0.660406,0.637088,0.95,0.888889,1.0,0.036885,4.867909,0.563115,2.70805,0.0,5.396048,0.191129,0.12653,0.013105,60,speed + benchmark
60 / lvo / speed + onset,lvo,126.5,0.258787,0.068005,0.75,0.828872,0.64,0.95,0.945946,1.0,0.542857,4.640692,0.382888,2.70805,0.0,3.684171,0.856446,0.828872,0.76,0.95,0.962121,1.0,0.11811,4.803517,0.517174,2.70805,0.0,5.42749,0.169469,0.258787,0.068005,60,speed + onset
60 / nlvo / speed + onset,nlvo,458.5,0.08576,0.00371,0.5,0.761925,0.477462,0.95,0.833333,1.0,0.297778,4.729829,0.458524,2.70805,0.0,3.702849,0.48602,0.761925,0.584307,0.95,0.856725,1.0,0.010239,4.90442,0.557603,2.70805,0.0,,,0.08576,0.00371,60,speed + onset
60 / other / speed + onset,other,80.5,0.0,0.0,,0.785804,0.619048,0.95,0.84127,1.0,0.0,4.648145,0.567662,2.70805,0.0,,,0.785804,0.733333,0.95,0.906667,1.0,0.0,4.813177,0.650834,2.70805,0.0,,,0.0,0.0,60,speed + onset
60 / mixed / speed + onset,mixed,665.5,0.109537,0.015553,0.7,0.783802,0.526735,0.95,0.862613,1.0,0.32376,4.696799,0.459706,2.70805,0.0,3.694263,0.678814,0.783802,0.637088,0.95,0.888889,1.0,0.036885,4.867909,0.563115,2.70805,0.0,5.396048,0.191129,0.109537,0.015553,60,speed + onset
60 / lvo / speed + onset + benchmark,lvo,126.5,0.335969,0.068005,0.75,0.828872,0.64,0.95,0.945946,1.0,0.704762,4.640692,0.382888,2.70805,0.0,3.684171,0.856446,0.828872,0.76,0.95,0.962121,1.0,0.11811,4.803517,0.517174,2.70805,0.0,5.42749,0.169469,0.335969,0.068005,60,speed + onset + benchmark
60 / nlvo / speed + onset + benchmark,nlvo,458.5,0.122863,0.00371,0.5,0.761925,0.477462,0.95,0.833333,1.0,0.426606,4.729829,0.458524,2.70805,0.0,3.702849,0.48602,0.761925,0.584307,0.95,0.856725,1.0,0.010239,4.90442,0.557603,2.70805,0.0,,,0.122863,0.00371,60,speed + onset + benchmark
60 / other / speed + onset + benchmark,other,80.5,0.0,0.0,,0.785804,0.619048,0.95,0.84127,1.0,0.0,4.648145,0.567662,2.70805,0.0,,,0.785804,0.733333,0.95,0.906667,1.0,0.0,4.813177,0.650834,2.70805,0.0,,,0.0,0.0,60,speed + onset + benchmark
60 / mixed / speed + onset + benchmark,mixed,665.5,0.150172,0.015553,0.7,0.783802,0.526735,0.95,0.862613,1.0,0.443864,4.696799,0.459706,2.70805,0.0,3.694263,0.678814,0.783802,0.637088,0.95,0.888889,1.0,0.036885,4.867909,0.563115,2.70805,0.0,5.396048,0.191129,0.150172,0.015553,60,speed + onset + benchmark
61 / lvo / base,lvo,79.0,0.259494,0.031646,0.8,0.708861,0.794643,1.0,0.977528,1.0,0.471264,4.472482,0.432582,3.306444,0.590664,3.420032,0.720815,0.708861,0.857143,1.0,0.989583,1.0,0.052632,4.561471,0.525486,3.302269,0.585404,,,0.259494,0.031646,61,base
61 / nlvo / base,nlvo,336.5,0.123328,0.002972,1.0,0.695394,0.589744,0.974638,0.888476,1.0,0.343096,4.616149,0.479355,3.608306,0.661994,3.627201,0.58884,0.695394,0.675214,0.987342,0.919872,1.0,0.006969,4.745715,0.564247,3.677943,0.713047,,,0.121843,0.002972,61,base
61 / other / base,other,68.5,0.0,0.0,,0.693431,0.757895,0.944444,0.852941,1.0,0.0,4.608561,0.540123,3.581938,0.778428,,,0.693431,0.863158,0.987805,0.91358,1.0,0.0,4.736281,0.613529,3.682443,0.86036,,,0.0,0.0,61,base
61 / mixed / base,mixed,484.0,0.128099,0.007231,0.857143,0.697314,0.647407,0.974828,0.901408,1.0,0.320312,4.58564,0.483215,3.541032,0.677324,3.558145,0.640449,0.697314,0.731852,0.989879,0.932515,1.0,0.015351,4.708345,0.568952,3.604937,0.731102,,,0.127066,0.007231,61,base
61 / lvo / benchmark,lvo,79.0,0.291139,0.031646,0.8,0.708861,0.794643,1.0,0.977528,1.0,0.528736,4.472482,0.432582,3.306444,0.590664,3.420032,0.720815,0.708861,0.857143,1.0,0.989583,1.0,0.052632,4.561471,0.525486,3.302269,0.585404,,,0.291139,0.031646,61,benchmark
61 / nlvo / benchmark,nlvo,336.5,0.112062,0.002972,1.0,0.695394,0.589744,0.974638,0.888476,1.0,0.315556,4.616149,0.479355,3.608306,0.661994,3.627201,0.58884,0.695394,0.675214,0.987342,0.919872,1.0,0.006969,4.745715,0.564247,3.677943,0.713047,,,0.112062,0.002972,61,benchmark
61 / other / benchmark,other,68.5,0.0,0.0,,0.693431,0.757895,0.944444,0.852941,1.0,0.0,4.608561,0.540123,3.581938,0.778428,,,0.693431,0.863158,0.987805,0.91358,1.0,0.0,4.736281,0.613529,3.682443,0.86036,,,0.0,0.0,61,benchmark
61 / mixed / benchmark,mixed,484.0,0.131198,0.007231,0.857143,0.697314,0.647407,0.974828,0.901408,1.0,0.330729,4.58564,0.483215,3.541032,0.677324,3.558145,0.640449,0.697314,0.731852,0.989879,0.932515,1.0,0.015351,4.708345,0.568952,3.604937,0.731102,,,0.131198,0.007231,61,benchmark
61 / lvo / onset,lvo,79.0,0.303426,0.037004,0.8,0.828872,0.794643,1.0,0.977528,1.0,0.471264,4.472482,0.432582,3.306444,0.590664,3.420032,0.720815,0.828872,0.857143,1.0,0.989583,1.0,0.052632,4.561471,0.525486,3.302269,0.585404,,,0.303426,0.037004,61,onset
61 / nlvo / onset,nlvo,336.5,0.1335,0.003256,1.0,0.761925,0.589744,0.974638,0.888476,1.0,0.343096,4.616149,0.479355,3.608306,0.661994,3.627201,0.58884,0.761925,0.675214,0.987342,0.919872,1.0,0.006969,4.745715,0.564247,3.677943,0.713047,,,0.1335,0.003256,61,onset
61 / other / onset,other,68.5,0.0,0.0,,0.785804,0.757895,0.944444,0.852941,1.0,0.0,4.608561,0.540123,3.581938,0.778428,,,0.785804,0.863158,0.987805,0.91358,1.0,0.0,4.736281,0.613529,3.682443,0.86036,,,0.0,0.0,61,onset
61 / mixed / onset,mixed,484.0,0.142826,0.008128,0.857143,0.783802,0.647407,0.974828,0.901408,1.0,0.320312,4.58564,0.483215,3.541032,0.677324,3.558145,0.640449,0.783802,0.731852,0.989879,0.932515,1.0,0.015351,4.708345,0.568952,3.604937,0.731102,,,0.142826,0.008128,61,onset
61 / lvo / speed,lvo,79.0,0.246519,0.030064,0.8,0.708861,0.794643,0.95,0.977528,1.0,0.471264,4.472482,0.432582,2.70805,0.0,3.420032,0.720815,0.708861,0.857143,0.95,0.989583,1.0,0.052632,4.561471,0.525486,2.70805,0.0,,,0.246519,0.030064,61,speed
61 / nlvo / speed,nlvo,336.5,0.118763,0.00286,1.0,0.695394,0.589744,0.95,0.888476,1.0,0.343096,4.616149,0.479355,2.70805,0.0,3.627201,0.58884,0.695394,0.675214,0.95,0.919872,1.0,0.006969,4.745715,0.564247,2.70805,0.0,,,0.118763,0.00286,61,speed
61 / other / speed,other,68.5,0.0,0.0,,0.693431,0.757895,0.95,0.852941,1.0,0.0,4.608561,0.540123,2.70805,0.0,,,0.693431,0.863158,0.95,0.91358,1.0,0.0,4.736281,0.613529,2.70805,0.0,,,0.0,0.0,61,speed
61 / mixed / speed,mixed,484.0,0.123829,0.00694,0.857143,0.697314,0.647407,0.95,0.901408,1.0,0.320312,4.58564,0.483215,2.70805,0.0,3.558145,0.640449,0.697314,0.731852,0.95,0.932515,1.0,0.015351,4.708345,0.568952,2.70805,0.0,,,0.123829,0.00694,61,speed
61 / lvo / onset + benchmark,lvo,79.0,0.34043,0.037004,0.8,0.828872,0.794643,1.0,0.977528,1.0,0.528736,4.472482,0.432582,3.306444,0.590664,3.420032,0.720815,0.828872,0.857143,1.0,0.989583,1.0,0.052632,4.561471,0.525486,3.302269,0.585404,,,0.34043,0.037004,61,onset + benchmark
61 / nlvo / onset + benchmark,nlvo,336.5,0.122784,0.003256,1.0,0.761925,0.589744,0.974638,0.888476,1.0,0.315556,4.616149,0.479355,3.608306,0.661994,3.627201,0.58884,0.761925,0.675214,0.987342,0.919872,1.0,0.006969,4.745715,0.564247,3.677943,0.713047,,,0.122784,0.003256,61,onset + benchmark
61 / other / onset + benchmark,other,68.5,0.0,0.0,,0.785804,0.757895,0.944444,0.852941,1.0,0.0,4.608561,0.540123,3.581938,0.778428,,,0.785804,0.863158,0.987805,0.91358,1.0,0.0,4.736281,0.613529,3.682443,0.86036,,,0.0,0.0,61,onset + benchmark
61 / mixed / onset + benchmark,mixed,484.0,0.147471,0.008128,0.857143,0.783802,0.647407,0.974828,0.901408,1.0,0.330729,4.58564,0.483215,3.541032,0.677324,3.558145,0.640449,0.783802,0.731852,0.989879,0.932515,1.0,0.015351,4.708345,0.568952,3.604937,0.731102,,,0.147471,0.008128,61,onset + benchmark
61 / lvo / speed + benchmark,lvo,79.0,0.276582,0.030064,0.8,0.708861,0.794643,0.95,0.977528,1.0,0.528736,4.472482,0.432582,2.70805,0.0,3.420032,0.720815,0.708861,0.857143,0.95,0.989583,1.0,0.052632,4.561471,0.525486,2.70805,0.0,,,0.276582,0.030064,61,speed + benchmark
61 / nlvo / speed + benchmark,nlvo,336.5,0.109229,0.00286,1.0,0.695394,0.589744,0.95,0.888476,1.0,0.315556,4.616149,0.479355,2.70805,0.0,3.627201,0.58884,0.695394,0.675214,0.95,0.919872,1.0,0.006969,4.745715,0.564247,2.70805,0.0,,,0.109229,0.00286,61,speed + benchmark
61 / other / speed + benchmark,other,68.5,0.0,0.0,,0.693431,0.757895,0.95,0.852941,1.0,0.0,4.608561,0.540123,2.70805,0.0,,,0.693431,0.863158,0.95,0.91358,1.0,0.0,4.736281,0.613529,2.70805,0.0,,,0.0,0.0,61,speed + benchmark
61 / mixed / speed + benchmark,mixed,484.0,0.127857,0.00694,0.857143,0.697314,0.647407,0.95,0.901408,1.0,0.330729,4.58564,0.483215,2.70805,0.0,3.558145,0.640449,0.697314,0.731852,0.95,0.932515,1.0,0.015351,4.708345,0.568952,2.70805,0.0,,,0.127857,0.00694,61,speed + benchmark
61 / lvo / speed + onset,lvo,79.0,0.288255,0.035153,0.8,0.828872,0.794643,0.95,0.977528,1.0,0.471264,4.472482,0.432582,2.70805,0.0,3.420032,0.720815,0.828872,0.857143,0.95,0.989583,1.0,0.052632,4.561471,0.525486,2.70805,0.0,,,0.288255,0.035153,61,speed + onset
61 / nlvo / speed + onset,nlvo,336.5,0.130125,0.003133,1.0,0.761925,0.589744,0.95,0.888476,1.0,0.343096,4.616149,0.479355,2.70805,0.0,3.627201,0.58884,0.761925,0.675214,0.95,0.919872,1.0,0.006969,4.745715,0.564247,2.70805,0.0,,,0.130125,0.003133,61,speed + onset
61 / other / speed + onset,other,68.5,0.0,0.0,,0.785804,0.757895,0.95,0.852941,1.0,0.0,4.608561,0.540123,2.70805,0.0,,,0.785804,0.863158,0.95,0.91358,1.0,0.0,4.736281,0.613529,2.70805,0.0,,,0.0,0.0,61,speed + onset
61 / mixed / speed + onset,mixed,484.0,0.139188,0.007801,0.857143,0.783802,0.647407,0.95,0.901408,1.0,0.320312,4.58564,0.483215,2.70805,0.0,3.558145,0.640449,0.783802,0.731852,0.95,0.932515,1.0,0.015351,4.708345,0.568952,2.70805,0.0,,,0.139188,0.007801,61,speed + onset
61 / lvo / speed + onset + benchmark,lvo,79.0,0.323408,0.035153,0.8,0.828872,0.794643,0.95,0.977528,1.0,0.528736,4.472482,0.432582,2.70805,0.0,3.420032,0.720815,0.828872,0.857143,0.95,0.989583,1.0,0.052632,4.561471,0.525486,2.70805,0.0,,,0.323408,0.035153,61,speed + onset + benchmark
61 / nlvo / speed + onset + benchmark,nlvo,336.5,0.11968,0.003133,1.0,0.761925,0.589744,0.95,0.888476,1.0,0.315556,4.616149,0.479355,2.70805,0.0,3.627201,0.58884,0.761925,0.675214,0.95,0.919872,1.0,0.006969,4.745715,0.564247,2.70805,0.0,,,0.11968,0.003133,61,speed + onset + benchmark
61 / other / speed + onset + benchmark,other,68.5,0.0,0.0,,0.785804,0.757895,0.95,0.852941,1.0,0.0,4.608561,0.540123,2.70805,0.0,,,0.785804,0.863158,0.95,0.91358,1.0,0.0,4.736281,0.613529,2.70805,0.0,,,0.0,0.0,61,speed + onset + benchmark
61 / mixed / speed + onset + benchmark,mixed,484.0,0.143715,0.007801,0.857143,0.783802,0.647407,0.95,0.901408,1.0,0.330729,4.58564,0.483215,2.70805,0.0,3.558145,0.640449,0.783802,0.731852,0.95,0.932515,1.0,0.015351,4.708345,0.568952,2.70805,0.0,,,0.143715,0.007801,61,speed + onset + benchmark
62 / lvo / base,lvo,43.5,0.333333,0.057471,1.0,0.781609,0.764706,1.0,0.942308,1.0,0.530612,4.670089,0.50312,3.30774,0.721205,3.143657,0.994834,0.781609,0.838235,1.0,0.964912,1.0,0.090909,4.767478,0.576648,3.261817,0.834412,,,0.298851,0.057471,62,base
62 / nlvo / base,nlvo,146.0,0.089041,0.003425,1.0,0.715753,0.564593,0.983051,0.896552,1.0,0.182692,4.742938,0.403509,3.520574,0.743364,3.131731,0.961753,0.715753,0.645933,0.985185,0.954887,1.0,0.007874,4.862529,0.493816,3.530322,0.721918,,,0.065068,0.003425,62,base
62 / other / base,other,11.5,0.0,0.0,,0.652174,0.8,1.0,0.916667,1.0,0.0,4.81702,0.303622,3.433505,0.919859,,,0.652174,0.8,1.0,0.916667,1.0,0.0,4.81702,0.303622,3.433505,0.919859,,,0.0,0.0,62,base
62 / mixed / base,mixed,201.0,0.136816,0.014925,1.0,0.726368,0.623288,0.989011,0.911111,1.0,0.27439,4.727009,0.428728,3.453284,0.751214,3.138621,0.969927,0.726368,0.69863,0.990196,0.955446,1.0,0.031088,4.833294,0.509406,3.448804,0.772573,,,0.11194,0.014925,62,base
62 / lvo / benchmark,lvo,43.5,0.310345,0.057471,1.0,0.781609,0.764706,1.0,0.942308,1.0,0.55102,4.670089,0.50312,3.30774,0.721205,3.143657,0.994834,0.781609,0.838235,1.0,0.964912,1.0,0.090909,4.767478,0.576648,3.261817,0.834412,,,0.310345,0.057471,62,benchmark
62 / nlvo / benchmark,nlvo,146.0,0.07555,0.003425,1.0,0.715753,0.564593,0.983051,0.896552,1.0,0.212121,4.742938,0.403509,3.520574,0.743364,3.131731,0.961753,0.715753,0.645933,0.985185,0.954887,1.0,0.007874,4.862529,0.493816,3.530322,0.721918,,,0.07555,0.003425,62,benchmark
62 / other / benchmark,other,11.5,0.0,0.0,,0.652174,0.8,1.0,0.916667,1.0,0.0,4.81702,0.303622,3.433505,0.919859,,,0.652174,0.8,1.0,0.916667,1.0,0.0,4.81702,0.303622,3.433505,0.919859,,,0.0,0.0,62,benchmark
62 / mixed / benchmark,mixed,201.0,0.126866,0.014925,1.0,0.726368,0.623288,0.989011,0.911111,1.0,0.310976,4.727009,0.428728,3.453284,0.751214,3.138621,0.969927,0.726368,0.69863,0.990196,0.955446,1.0,0.031088,4.833294,0.509406,3.448804,0.772573,,,0.126866,0.014925,62,benchmark
62 / lvo / onset,lvo,43.5,0.316922,0.060946,1.0,0.828872,0.764706,1.0,0.942308,1.0,0.530612,4.670089,0.50312,3.30774,0.721205,3.143657,0.994834,0.828872,0.838235,1.0,0.964912,1.0,0.090909,4.767478,0.576648,3.261817,0.834412,,,0.316922,0.060946,62,onset
62 / nlvo / onset,nlvo,146.0,0.069266,0.003646,1.0,0.761925,0.564593,0.983051,0.896552,1.0,0.182692,4.742938,0.403509,3.520574,0.743364,3.131731,0.961753,0.761925,0.645933,0.985185,0.954887,1.0,0.007874,4.862529,0.493816,3.530322,0.721918,,,0.069266,0.003646,62,onset
62 / other / onset,other,11.5,0.0,0.0,,0.785804,0.8,1.0,0.916667,1.0,0.0,4.81702,0.303622,3.433505,0.919859,,,0.785804,0.8,1.0,0.916667,1.0,0.0,4.81702,0.303622,3.433505,0.919859,,,0.0,0.0,62,onset
62 / mixed / onset,mixed,201.0,0.120791,0.016105,1.0,0.783802,0.623288,0.989011,0.911111,1.0,0.27439,4.727009,0.428728,3.453284,0.751214,3.138621,0.969927,0.783802,0.69863,0.990196,0.955446,1.0,0.031088,4.833294,0.509406,3.448804,0.772573,,,0.120791,0.016105,62,onset
62 / lvo / speed,lvo,43.5,0.283908,0.054598,1.0,0.781609,0.764706,0.95,0.942308,1.0,0.530612,4.670089,0.50312,2.70805,0.0,3.143657,0.994834,0.781609,0.838235,0.95,0.964912,1.0,0.090909,4.767478,0.576648,2.70805,0.0,,,0.283908,0.054598,62,speed
62 / nlvo / speed,nlvo,146.0,0.062881,0.003302,1.0,0.715753,0.564593,0.95,0.896552,1.0,0.182692,4.742938,0.403509,2.70805,0.0,3.131731,0.961753,0.715753,0.645933,0.95,0.954887,1.0,0.007874,4.862529,0.493816,2.70805,0.0,,,0.062881,0.003302,62,speed
62 / other / speed,other,11.5,0.0,0.0,,0.652174,0.8,0.95,0.916667,1.0,0.0,4.81702,0.303622,2.70805,0.0,,,0.652174,0.8,0.95,0.916667,1.0,0.0,4.81702,0.303622,2.70805,0.0,,,0.0,0.0,62,speed
62 / mixed / speed,mixed,201.0,0.107525,0.014319,1.0,0.726368,0.623288,0.95,0.911111,1.0,0.27439,4.727009,0.428728,2.70805,0.0,3.138621,0.969927,0.726368,0.69863,0.95,0.955446,1.0,0.031088,4.833294,0.509406,2.70805,0.0,,,0.107525,0.014319,62,speed
62 / lvo / onset + benchmark,lvo,43.5,0.329111,0.060946,1.0,0.828872,0.764706,1.0,0.942308,1.0,0.55102,4.670089,0.50312,3.30774,0.721205,3.143657,0.994834,0.828872,0.838235,1.0,0.964912,1.0,0.090909,4.767478,0.576648,3.261817,0.834412,,,0.329111,0.060946,62,onset + benchmark
62 / nlvo / onset + benchmark,nlvo,146.0,0.080424,0.003646,1.0,0.761925,0.564593,0.983051,0.896552,1.0,0.212121,4.742938,0.403509,3.520574,0.743364,3.131731,0.961753,0.761925,0.645933,0.985185,0.954887,1.0,0.007874,4.862529,0.493816,3.530322,0.721918,,,0.080424,0.003646,62,onset + benchmark
62 / other / onset + benchmark,other,11.5,0.0,0.0,,0.785804,0.8,1.0,0.916667,1.0,0.0,4.81702,0.303622,3.433505,0.919859,,,0.785804,0.8,1.0,0.916667,1.0,0.0,4.81702,0.303622,3.433505,0.919859,,,0.0,0.0,62,onset + benchmark
62 / mixed / onset + benchmark,mixed,201.0,0.136897,0.016105,1.0,0.783802,0.623288,0.989011,0.911111,1.0,0.310976,4.727009,0.428728,3.453284,0.751214,3.138621,0.969927,0.783802,0.69863,0.990196,0.955446,1.0,0.031088,4.833294,0.509406,3.448804,0.772573,,,0.136897,0.016105,62,onset + benchmark
62 / lvo / speed + benchmark,lvo,43.5,0.294828,0.054598,1.0,0.781609,0.764706,0.95,0.942308,1.0,0.55102,4.670089,0.50312,2.70805,0.0,3.143657,0.994834,0.781609,0.838235,0.95,0.964912,1.0,0.090909,4.767478,0.576648,2.70805,0.0,,,0.294828,0.054598,62,speed + benchmark
62 / nlvo / speed + benchmark,nlvo,146.0,0.07301,0.003302,1.0,0.715753,0.564593,0.95,0.896552,1.0,0.212121,4.742938,0.403509,2.70805,0.0,3.131731,0.961753,0.715753,0.645933,0.95,0.954887,1.0,0.007874,4.862529,0.493816,2.70805,0.0,,,0.07301,0.003302,62,speed + benchmark
62 / other / speed + benchmark,other,11.5,0.0,0.0,,0.652174,0.8,0.95,0.916667,1.0,0.0,4.81702,0.303622,2.70805,0.0,,,0.652174,0.8,0.95,0.916667,1.0,0.0,4.81702,0.303622,2.70805,0.0,,,0.0,0.0,62,speed + benchmark
62 / mixed / speed + benchmark,mixed,201.0,0.121862,0.014319,1.0,0.726368,0.623288,0.95,0.911111,1.0,0.310976,4.727009,0.428728,2.70805,0.0,3.138621,0.969927,0.726368,0.69863,0.95,0.955446,1.0,0.031088,4.833294,0.509406,2.70805,0.0,,,0.121862,0.014319,62,speed + benchmark
62 / lvo / speed + onset,lvo,43.5,0.301076,0.057899,1.0,0.828872,0.764706,0.95,0.942308,1.0,0.530612,4.670089,0.50312,2.70805,0.0,3.143657,0.994834,0.828872,0.838235,0.95,0.964912,1.0,0.090909,4.767478,0.576648,2.70805,0.0,,,0.301076,0.057899,62,speed + onset
62 / nlvo / speed + onset,nlvo,146.0,0.066937,0.003515,1.0,0.761925,0.564593,0.95,0.896552,1.0,0.182692,4.742938,0.403509,2.70805,0.0,3.131731,0.961753,0.761925,0.645933,0.95,0.954887,1.0,0.007874,4.862529,0.493816,2.70805,0.0,,,0.066937,0.003515,62,speed + onset
62 / other / speed + onset,other,11.5,0.0,0.0,,0.785804,0.8,0.95,0.916667,1.0,0.0,4.81702,0.303622,2.70805,0.0,,,0.785804,0.8,0.95,0.916667,1.0,0.0,4.81702,0.303622,2.70805,0.0,,,0.0,0.0,62,speed + onset
62 / mixed / speed + onset,mixed,201.0,0.116027,0.015452,1.0,0.783802,0.623288,0.95,0.911111,1.0,0.27439,4.727009,0.428728,2.70805,0.0,3.138621,0.969927,0.783802,0.69863,0.95,0.955446,1.0,0.031088,4.833294,0.509406,2.70805,0.0,,,0.116027,0.015452,62,speed + onset
62 / lvo / speed + onset + benchmark,lvo,43.5,0.312656,0.057899,1.0,0.828872,0.764706,0.95,0.942308,1.0,0.55102,4.670089,0.50312,2.70805,0.0,3.143657,0.994834,0.828872,0.838235,0.95,0.964912,1.0,0.090909,4.767478,0.576648,2.70805,0.0,,,0.312656,0.057899,62,speed + onset + benchmark
62 / nlvo / speed + onset + benchmark,nlvo,146.0,0.07772,0.003515,1.0,0.761925,0.564593,0.95,0.896552,1.0,0.212121,4.742938,0.403509,2.70805,0.0,3.131731,0.961753,0.761925,0.645933,0.95,0.954887,1.0,0.007874,4.862529,0.493816,2.70805,0.0,,,0.07772,0.003515,62,speed + onset + benchmark
62 / other / speed + onset + benchmark,other,11.5,0.0,0.0,,0.785804,0.8,0.95,0.916667,1.0,0.0,4.81702,0.303622,2.70805,0.0,,,0.785804,0.8,0.95,0.916667,1.0,0.0,4.81702,0.303622,2.70805,0.0,,,0.0,0.0,62,speed + onset + benchmark
62 / mixed / speed + onset + benchmark,mixed,201.0,0.131497,0.015452,1.0,0.783802,0.623288,0.95,0.911111,1.0,0.310976,4.727009,0.428728,2.70805,0.0,3.138621,0.969927,0.783802,0.69863,0.95,0.955446,1.0,0.031088,4.833294,0.509406,2.70805,0.0,,,0.131497,0.015452,62,speed + onset + benchmark
63 / lvo / base,lvo,37.5,0.213333,0.0,,0.893333,0.373134,1.0,0.88,1.0,0.727273,4.818804,0.515023,2.609409,0.791405,3.932033,0.374821,0.893333,0.552239,1.0,0.864865,1.0,0.0,5.122626,0.615403,2.81677,0.942179,,,0.213333,0.0,63,base
63 / nlvo / base,nlvo,109.5,0.13242,0.004566,1.0,0.858447,0.276596,0.961538,0.86,1.0,0.674419,4.567243,0.878737,2.696963,1.291702,3.991105,0.597964,0.858447,0.393617,0.986486,0.808219,1.0,0.016949,4.909821,0.90816,3.05627,1.37381,,,0.13242,0.004566,63,base
63 / other / base,other,30.5,0.0,0.0,,0.852459,0.480769,0.96,0.833333,1.0,0.0,4.931139,0.402335,3.024038,1.023818,,,0.852459,0.596154,1.0,0.774194,1.0,0.0,5.084529,0.482867,3.292853,1.195656,,,0.0,0.0,63,base
63 / mixed / base,mixed,177.5,0.126761,0.002817,1.0,0.864789,0.332248,0.970588,0.858586,1.0,0.529412,4.71809,0.718935,2.754144,1.121825,3.970102,0.525596,0.864789,0.462541,0.992958,0.815603,1.0,0.008696,5.003411,0.763595,3.045437,1.238015,,,0.126761,0.002817,63,base
63 / lvo / benchmark,lvo,37.5,0.266666,0.0,,0.893333,0.373134,1.0,0.88,1.0,0.909091,4.818804,0.515023,2.609409,0.791405,3.932033,0.374821,0.893333,0.552239,1.0,0.864865,1.0,0.0,5.122626,0.615403,2.81677,0.942179,,,0.266666,0.0,63,benchmark
63 / nlvo / benchmark,nlvo,109.5,0.129302,0.004566,1.0,0.858447,0.276596,0.961538,0.86,1.0,0.658537,4.567243,0.878737,2.696963,1.291702,3.991105,0.597964,0.858447,0.393617,0.986486,0.808219,1.0,0.016949,4.909821,0.90816,3.05627,1.37381,,,0.129302,0.004566,63,benchmark
63 / other / benchmark,other,30.5,0.0,0.0,,0.852459,0.480769,0.96,0.833333,1.0,0.0,4.931139,0.402335,3.024038,1.023818,,,0.852459,0.596154,1.0,0.774194,1.0,0.0,5.084529,0.482867,3.292853,1.195656,,,0.0,0.0,63,benchmark
63 / mixed / benchmark,mixed,177.5,0.138028,0.002817,1.0,0.864789,0.332248,0.970588,0.858586,1.0,0.576471,4.71809,0.718935,2.754144,1.121825,3.970102,0.525596,0.864789,0.462541,0.992958,0.815603,1.0,0.008696,5.003411,0.763595,3.045437,1.238015,,,0.138028,0.002817,63,benchmark
63 / lvo / onset,lvo,37.5,0.213333,0.0,,0.893333,0.373134,1.0,0.88,1.0,0.727273,4.818804,0.515023,2.609409,0.791405,3.932033,0.374821,0.893333,0.552239,1.0,0.864865,1.0,0.0,5.122626,0.615403,2.81677,0.942179,,,0.213333,0.0,63,onset
63 / nlvo / onset,nlvo,109.5,0.13242,0.004566,1.0,0.858447,0.276596,0.961538,0.86,1.0,0.674419,4.567243,0.878737,2.696963,1.291702,3.991105,0.597964,0.858447,0.393617,0.986486,0.808219,1.0,0.016949,4.909821,0.90816,3.05627,1.37381,,,0.13242,0.004566,63,onset
63 / other / onset,other,30.5,0.0,0.0,,0.852459,0.480769,0.96,0.833333,1.0,0.0,4.931139,0.402335,3.024038,1.023818,,,0.852459,0.596154,1.0,0.774194,1.0,0.0,5.084529,0.482867,3.292853,1.195656,,,0.0,0.0,63,onset
63 / mixed / onset,mixed,177.5,0.126761,0.002817,1.0,0.864789,0.332248,0.970588,0.858586,1.0,0.529412,4.71809,0.718935,2.754144,1.121825,3.970102,0.525596,0.864789,0.462541,0.992958,0.815603,1.0,0.008696,5.003411,0.763595,3.045437,1.238015,,,0.126761,0.002817,63,onset
63 / lvo / speed,lvo,37.5,0.202666,0.0,,0.893333,0.373134,0.95,0.88,1.0,0.727273,4.818804,0.515023,2.609409,0.0,3.932033,0.374821,0.893333,0.552239,0.95,0.864865,1.0,0.0,5.122626,0.615403,2.70805,0.0,,,0.202666,0.0,63,speed
63 / nlvo / speed,nlvo,109.5,0.130831,0.004397,1.0,0.858447,0.276596,0.95,0.86,1.0,0.674419,4.567243,0.878737,2.696963,0.0,3.991105,0.597964,0.858447,0.393617,0.95,0.808219,1.0,0.016949,4.909821,0.90816,2.70805,0.0,,,0.130831,0.004397,63,speed
63 / other / speed,other,30.5,0.0,0.0,,0.852459,0.480769,0.95,0.833333,1.0,0.0,4.931139,0.402335,2.70805,0.0,,,0.852459,0.596154,0.95,0.774194,1.0,0.0,5.084529,0.482867,2.70805,0.0,,,0.0,0.0,63,speed
63 / mixed / speed,mixed,177.5,0.124072,0.002695,1.0,0.864789,0.332248,0.95,0.858586,1.0,0.529412,4.71809,0.718935,2.70805,0.0,3.970102,0.525596,0.864789,0.462541,0.95,0.815603,1.0,0.008696,5.003411,0.763595,2.70805,0.0,,,0.124072,0.002695,63,speed
63 / lvo / onset + benchmark,lvo,37.5,0.266666,0.0,,0.893333,0.373134,1.0,0.88,1.0,0.909091,4.818804,0.515023,2.609409,0.791405,3.932033,0.374821,0.893333,0.552239,1.0,0.864865,1.0,0.0,5.122626,0.615403,2.81677,0.942179,,,0.266666,0.0,63,onset + benchmark
63 / nlvo / onset + benchmark,nlvo,109.5,0.129302,0.004566,1.0,0.858447,0.276596,0.961538,0.86,1.0,0.658537,4.567243,0.878737,2.696963,1.291702,3.991105,0.597964,0.858447,0.393617,0.986486,0.808219,1.0,0.016949,4.909821,0.90816,3.05627,1.37381,,,0.129302,0.004566,63,onset + benchmark
63 / other / onset + benchmark,other,30.5,0.0,0.0,,0.852459,0.480769,0.96,0.833333,1.0,0.0,4.931139,0.402335,3.024038,1.023818,,,0.852459,0.596154,1.0,0.774194,1.0,0.0,5.084529,0.482867,3.292853,1.195656,,,0.0,0.0,63,onset + benchmark
63 / mixed / onset + benchmark,mixed,177.5,0.138028,0.002817,1.0,0.864789,0.332248,0.970588,0.858586,1.0,0.576471,4.71809,0.718935,2.754144,1.121825,3.970102,0.525596,0.864789,0.462541,0.992958,0.815603,1.0,0.008696,5.003411,0.763595,3.045437,1.238015,,,0.138028,0.002817,63,onset + benchmark
63 / lvo / speed + benchmark,lvo,37.5,0.253333,0.0,,0.893333,0.373134,0.95,0.88,1.0,0.909091,4.818804,0.515023,2.609409,0.0,3.932033,0.374821,0.893333,0.552239,0.95,0.864865,1.0,0.0,5.122626,0.615403,2.70805,0.0,,,0.253333,0.0,63,speed + benchmark
63 / nlvo / speed + benchmark,nlvo,109.5,0.12775,0.004397,1.0,0.858447,0.276596,0.95,0.86,1.0,0.658537,4.567243,0.878737,2.696963,0.0,3.991105,0.597964,0.858447,0.393617,0.95,0.808219,1.0,0.016949,4.909821,0.90816,2.70805,0.0,,,0.12775,0.004397,63,speed + benchmark
63 / other / speed + benchmark,other,30.5,0.0,0.0,,0.852459,0.480769,0.95,0.833333,1.0,0.0,4.931139,0.402335,2.70805,0.0,,,0.852459,0.596154,0.95,0.774194,1.0,0.0,5.084529,0.482867,2.70805,0.0,,,0.0,0.0,63,speed + benchmark
63 / mixed / speed + benchmark,mixed,177.5,0.135101,0.002695,1.0,0.864789,0.332248,0.95,0.858586,1.0,0.576471,4.71809,0.718935,2.70805,0.0,3.970102,0.525596,0.864789,0.462541,0.95,0.815603,1.0,0.008696,5.003411,0.763595,2.70805,0.0,,,0.135101,0.002695,63,speed + benchmark
63 / lvo / speed + onset,lvo,37.5,0.202666,0.0,,0.893333,0.373134,0.95,0.88,1.0,0.727273,4.818804,0.515023,2.609409,0.0,3.932033,0.374821,0.893333,0.552239,0.95,0.864865,1.0,0.0,5.122626,0.615403,2.70805,0.0,,,0.202666,0.0,63,speed + onset
63 / nlvo / speed + onset,nlvo,109.5,0.130831,0.004397,1.0,0.858447,0.276596,0.95,0.86,1.0,0.674419,4.567243,0.878737,2.696963,0.0,3.991105,0.597964,0.858447,0.393617,0.95,0.808219,1.0,0.016949,4.909821,0.90816,2.70805,0.0,,,0.130831,0.004397,63,speed + onset
63 / other / speed + onset,other,30.5,0.0,0.0,,0.852459,0.480769,0.95,0.833333,1.0,0.0,4.931139,0.402335,2.70805,0.0,,,0.852459,0.596154,0.95,0.774194,1.0,0.0,5.084529,0.482867,2.70805,0.0,,,0.0,0.0,63,speed + onset
63 / mixed / speed + onset,mixed,177.5,0.124072,0.002695,1.0,0.864789,0.332248,0.95,0.858586,1.0,0.529412,4.71809,0.718935,2.70805,0.0,3.970102,0.525596,0.864789,0.462541,0.95,0.815603,1.0,0.008696,5.003411,0.763595,2.70805,0.0,,,0.124072,0.002695,63,speed + onset
63 / lvo / speed + onset + benchmark,lvo,37.5,0.253333,0.0,,0.893333,0.373134,0.95,0.88,1.0,0.909091,4.818804,0.515023,2.609409,0.0,3.932033,0.374821,0.893333,0.552239,0.95,0.864865,1.0,0.0,5.122626,0.615403,2.70805,0.0,,,0.253333,0.0,63,speed + onset + benchmark
63 / nlvo / speed + onset + benchmark,nlvo,109.5,0.12775,0.004397,1.0,0.858447,0.276596,0.95,0.86,1.0,0.658537,4.567243,0.878737,2.696963,0.0,3.991105,0.597964,0.858447,0.393617,0.95,0.808219,1.0,0.016949,4.909821,0.90816,2.70805,0.0,,,0.12775,0.004397,63,speed + onset + benchmark
63 / other / speed + onset + benchmark,other,30.5,0.0,0.0,,0.852459,0.480769,0.95,0.833333,1.0,0.0,4.931139,0.402335,2.70805,0.0,,,0.852459,0.596154,0.95,0.774194,1.0,0.0,5.084529,0.482867,2.70805,0.0,,,0.0,0.0,63,speed + onset + benchmark
63 / mixed / speed + onset + benchmark,mixed,177.5,0.135101,0.002695,1.0,0.864789,0.332248,0.95,0.858586,1.0,0.576471,4.71809,0.718935,2.70805,0.0,3.970102,0.525596,0.864789,0.462541,0.95,0.815603,1.0,0.008696,5.003411,0.763595,2.70805,0.0,,,0.135101,0.002695,63,speed + onset + benchmark
64 / lvo / base,lvo,60.0,0.366667,0.225,0.592593,0.783333,0.776596,0.986301,0.930556,1.0,0.626866,4.48313,0.485691,3.275263,0.962132,3.075998,0.61555,0.783333,0.840426,1.0,0.949367,1.0,0.306667,4.575435,0.569122,3.325231,0.985661,4.89477,0.569534,0.35,0.191667,64,base
64 / nlvo / base,nlvo,312.0,0.203526,0.028846,0.888889,0.762821,0.55042,0.965649,0.873518,1.0,0.524887,4.590488,0.713489,3.46494,0.796513,3.036413,0.951408,0.762821,0.619748,0.983051,0.927586,1.0,0.066914,4.715652,0.760265,3.549415,0.864877,5.069961,0.369397,0.185898,0.028846,64,base
64 / other / base,other,46.5,0.0,0.0,,0.709677,0.666667,0.977273,0.906977,1.0,0.0,4.581819,0.567604,3.659391,0.650038,,,0.709677,0.742424,0.979592,0.9375,1.0,0.0,4.694155,0.63474,3.654917,0.641423,,,0.0,0.0,64,base
64 / mixed / base,mixed,418.5,0.204301,0.053763,0.711111,0.759857,0.595912,0.970976,0.888587,1.0,0.48318,4.568803,0.659426,3.45055,0.821192,3.046936,0.873089,0.759857,0.665094,0.985816,0.932854,1.0,0.105398,4.686975,0.715045,3.519088,0.870749,4.971683,0.494109,0.188769,0.048984,64,base
64 / lvo / benchmark,lvo,60.0,0.425,0.191667,0.592593,0.783333,0.776596,0.986301,0.930556,1.0,0.761194,4.48313,0.485691,3.275263,0.962132,3.075998,0.61555,0.783333,0.840426,1.0,0.949367,1.0,0.306667,4.575435,0.569122,3.325231,0.985661,4.89477,0.569534,0.425,0.191667,64,benchmark
64 / nlvo / benchmark,nlvo,312.0,0.172965,0.028846,0.888889,0.762821,0.55042,0.965649,0.873518,1.0,0.488372,4.590488,0.713489,3.46494,0.796513,3.036413,0.951408,0.762821,0.619748,0.983051,0.927586,1.0,0.066914,4.715652,0.760265,3.549415,0.864877,5.069961,0.369397,0.172965,0.028846,64,benchmark
64 / other / benchmark,other,46.5,0.0,0.0,,0.709677,0.666667,0.977273,0.906977,1.0,0.0,4.581819,0.567604,3.659391,0.650038,,,0.709677,0.742424,0.979592,0.9375,1.0,0.0,4.694155,0.63474,3.654917,0.641423,,,0.0,0.0,64,benchmark
64 / mixed / benchmark,mixed,418.5,0.192354,0.048984,0.711111,0.759857,0.595912,0.970976,0.888587,1.0,0.492355,4.568803,0.659426,3.45055,0.821192,3.046936,0.873089,0.759857,0.665094,0.985816,0.932854,1.0,0.105398,4.686975,0.715045,3.519088,0.870749,4.971683,0.494109,0.192354,0.048984,64,benchmark
64 / lvo / onset,lvo,60.0,0.370347,0.202809,0.592593,0.828872,0.776596,0.986301,0.930556,1.0,0.626866,4.48313,0.485691,3.275263,0.962132,3.075998,0.61555,0.828872,0.840426,1.0,0.949367,1.0,0.306667,4.575435,0.569122,3.325231,0.985661,4.89477,0.569534,0.370347,0.202809,64,onset
64 / nlvo / onset,nlvo,312.0,0.185898,0.028846,0.888889,0.762821,0.55042,0.965649,0.873518,1.0,0.524887,4.590488,0.713489,3.46494,0.796513,3.036413,0.951408,0.762821,0.619748,0.983051,0.927586,1.0,0.066914,4.715652,0.760265,3.549415,0.864877,5.069961,0.369397,0.185898,0.028846,64,onset
64 / other / onset,other,46.5,0.0,0.0,,0.785804,0.666667,0.977273,0.906977,1.0,0.0,4.581819,0.567604,3.659391,0.650038,,,0.785804,0.742424,0.979592,0.9375,1.0,0.0,4.694155,0.63474,3.654917,0.641423,,,0.0,0.0,64,onset
64 / mixed / onset,mixed,418.5,0.194718,0.050528,0.711111,0.783802,0.595912,0.970976,0.888587,1.0,0.48318,4.568803,0.659426,3.45055,0.821192,3.046936,0.873089,0.783802,0.665094,0.985816,0.932854,1.0,0.105398,4.686975,0.715045,3.519088,0.870749,4.971683,0.494109,0.194718,0.050528,64,onset
64 / lvo / speed,lvo,60.0,0.337118,0.182084,0.592593,0.783333,0.776596,0.95,0.930556,1.0,0.626866,4.48313,0.485691,2.70805,0.0,3.075998,0.61555,0.783333,0.840426,0.95,0.949367,1.0,0.306667,4.575435,0.569122,2.70805,0.0,4.89477,0.569534,0.337118,0.182084,64,speed
64 / nlvo / speed,nlvo,312.0,0.182885,0.027876,0.888889,0.762821,0.55042,0.95,0.873518,1.0,0.524887,4.590488,0.713489,2.70805,0.0,3.036413,0.951408,0.762821,0.619748,0.95,0.927586,1.0,0.066914,4.715652,0.760265,2.70805,0.0,5.069961,0.369397,0.182885,0.027876,64,speed
64 / other / speed,other,46.5,0.0,0.0,,0.709677,0.666667,0.95,0.906977,1.0,0.0,4.581819,0.567604,2.70805,0.0,,,0.709677,0.742424,0.95,0.9375,1.0,0.0,4.694155,0.63474,2.70805,0.0,,,0.0,0.0,64,speed
64 / mixed / speed,mixed,418.5,0.184691,0.047205,0.711111,0.759857,0.595912,0.95,0.888587,1.0,0.48318,4.568803,0.659426,2.70805,0.0,3.046936,0.873089,0.759857,0.665094,0.95,0.932854,1.0,0.105398,4.686975,0.715045,2.70805,0.0,4.971683,0.494109,0.184691,0.047205,64,speed
64 / lvo / onset + benchmark,lvo,60.0,0.449707,0.202809,0.592593,0.828872,0.776596,0.986301,0.930556,1.0,0.761194,4.48313,0.485691,3.275263,0.962132,3.075998,0.61555,0.828872,0.840426,1.0,0.949367,1.0,0.306667,4.575435,0.569122,3.325231,0.985661,4.89477,0.569534,0.449707,0.202809,64,onset + benchmark
64 / nlvo / onset + benchmark,nlvo,312.0,0.172965,0.028846,0.888889,0.762821,0.55042,0.965649,0.873518,1.0,0.488372,4.590488,0.713489,3.46494,0.796513,3.036413,0.951408,0.762821,0.619748,0.983051,0.927586,1.0,0.066914,4.715652,0.760265,3.549415,0.864877,5.069961,0.369397,0.172965,0.028846,64,onset + benchmark
64 / other / onset + benchmark,other,46.5,0.0,0.0,,0.785804,0.666667,0.977273,0.906977,1.0,0.0,4.581819,0.567604,3.659391,0.650038,,,0.785804,0.742424,0.979592,0.9375,1.0,0.0,4.694155,0.63474,3.654917,0.641423,,,0.0,0.0,64,onset + benchmark
64 / mixed / onset + benchmark,mixed,418.5,0.198415,0.050528,0.711111,0.783802,0.595912,0.970976,0.888587,1.0,0.492355,4.568803,0.659426,3.45055,0.821192,3.046936,0.873089,0.783802,0.665094,0.985816,0.932854,1.0,0.105398,4.686975,0.715045,3.519088,0.870749,4.971683,0.494109,0.198415,0.050528,64,onset + benchmark
64 / lvo / speed + benchmark,lvo,60.0,0.409358,0.182084,0.592593,0.783333,0.776596,0.95,0.930556,1.0,0.761194,4.48313,0.485691,2.70805,0.0,3.075998,0.61555,0.783333,0.840426,0.95,0.949367,1.0,0.306667,4.575435,0.569122,2.70805,0.0,4.89477,0.569534,0.409358,0.182084,64,speed + benchmark
64 / nlvo / speed + benchmark,nlvo,312.0,0.170162,0.027876,0.888889,0.762821,0.55042,0.95,0.873518,1.0,0.488372,4.590488,0.713489,2.70805,0.0,3.036413,0.951408,0.762821,0.619748,0.95,0.927586,1.0,0.066914,4.715652,0.760265,2.70805,0.0,5.069961,0.369397,0.170162,0.027876,64,speed + benchmark
64 / other / speed + benchmark,other,46.5,0.0,0.0,,0.709677,0.666667,0.95,0.906977,1.0,0.0,4.581819,0.567604,2.70805,0.0,,,0.709677,0.742424,0.95,0.9375,1.0,0.0,4.694155,0.63474,2.70805,0.0,,,0.0,0.0,64,speed + benchmark
64 / mixed / speed + benchmark,mixed,418.5,0.188198,0.047205,0.711111,0.759857,0.595912,0.95,0.888587,1.0,0.492355,4.568803,0.659426,2.70805,0.0,3.046936,0.873089,0.759857,0.665094,0.95,0.932854,1.0,0.105398,4.686975,0.715045,2.70805,0.0,4.971683,0.494109,0.188198,0.047205,64,speed + benchmark
64 / lvo / speed + onset,lvo,60.0,0.356717,0.192669,0.592593,0.828872,0.776596,0.95,0.930556,1.0,0.626866,4.48313,0.485691,2.70805,0.0,3.075998,0.61555,0.828872,0.840426,0.95,0.949367,1.0,0.306667,4.575435,0.569122,2.70805,0.0,4.89477,0.569534,0.356717,0.192669,64,speed + onset
64 / nlvo / speed + onset,nlvo,312.0,0.182885,0.027876,0.888889,0.762821,0.55042,0.95,0.873518,1.0,0.524887,4.590488,0.713489,2.70805,0.0,3.036413,0.951408,0.762821,0.619748,0.95,0.927586,1.0,0.066914,4.715652,0.760265,2.70805,0.0,5.069961,0.369397,0.182885,0.027876,64,speed + onset
64 / other / speed + onset,other,46.5,0.0,0.0,,0.785804,0.666667,0.95,0.906977,1.0,0.0,4.581819,0.567604,2.70805,0.0,,,0.785804,0.742424,0.95,0.9375,1.0,0.0,4.694155,0.63474,2.70805,0.0,,,0.0,0.0,64,speed + onset
64 / mixed / speed + onset,mixed,418.5,0.190511,0.048692,0.711111,0.783802,0.595912,0.95,0.888587,1.0,0.48318,4.568803,0.659426,2.70805,0.0,3.046936,0.873089,0.783802,0.665094,0.95,0.932854,1.0,0.105398,4.686975,0.715045,2.70805,0.0,4.971683,0.494109,0.190511,0.048692,64,speed + onset
64 / lvo / speed + onset + benchmark,lvo,60.0,0.433156,0.192669,0.592593,0.828872,0.776596,0.95,0.930556,1.0,0.761194,4.48313,0.485691,2.70805,0.0,3.075998,0.61555,0.828872,0.840426,0.95,0.949367,1.0,0.306667,4.575435,0.569122,2.70805,0.0,4.89477,0.569534,0.433156,0.192669,64,speed + onset + benchmark
64 / nlvo / speed + onset + benchmark,nlvo,312.0,0.170162,0.027876,0.888889,0.762821,0.55042,0.95,0.873518,1.0,0.488372,4.590488,0.713489,2.70805,0.0,3.036413,0.951408,0.762821,0.619748,0.95,0.927586,1.0,0.066914,4.715652,0.760265,2.70805,0.0,5.069961,0.369397,0.170162,0.027876,64,speed + onset + benchmark
64 / other / speed + onset + benchmark,other,46.5,0.0,0.0,,0.785804,0.666667,0.95,0.906977,1.0,0.0,4.581819,0.567604,2.70805,0.0,,,0.785804,0.742424,0.95,0.9375,1.0,0.0,4.694155,0.63474,2.70805,0.0,,,0.0,0.0,64,speed + onset + benchmark
64 / mixed / speed + onset + benchmark,mixed,418.5,0.194129,0.048692,0.711111,0.783802,0.595912,0.95,0.888587,1.0,0.492355,4.568803,0.659426,2.70805,0.0,3.046936,0.873089,0.783802,0.665094,0.95,0.932854,1.0,0.105398,4.686975,0.715045,2.70805,0.0,4.971683,0.494109,0.194129,0.048692,64,speed + onset + benchmark
65 / lvo / base,lvo,27.5,0.145455,0.145455,0.125,0.527273,0.862069,1.0,0.92,1.0,0.347826,4.871151,0.446891,1.976703,1.276313,,,0.527273,0.896552,1.0,1.0,1.0,0.192308,4.906841,0.474175,1.996249,1.254492,,,0.145455,0.090909,65,base
65 / nlvo / base,nlvo,142.0,0.06338,0.003521,0.0,0.503521,0.517483,0.945946,0.871429,1.0,0.295082,4.692735,0.509308,2.650123,1.506718,2.973029,0.758141,0.503521,0.615385,0.965909,0.882353,1.0,0.013333,4.855968,0.601659,2.886683,1.606926,,,0.06338,0.003521,65,base
65 / other / base,other,21.5,0.0,0.0,,0.627907,0.777778,0.904762,0.894737,1.0,0.0,4.608224,0.491769,2.284461,1.480081,,,0.627907,0.814815,0.954545,1.0,1.0,0.0,4.652725,0.523344,2.332053,1.66413,,,0.0,0.0,65,base
65 / mixed / base,mixed,191.0,0.068063,0.02356,0.111111,0.520942,0.603015,0.95,0.885965,1.0,0.257426,4.715115,0.497484,2.4415,1.469715,3.030986,0.702815,0.520942,0.683417,0.970588,0.924242,1.0,0.04918,4.832816,0.5694,2.623058,1.586048,,,0.068063,0.015707,65,base
65 / lvo / benchmark,lvo,27.5,0.254546,0.090909,0.125,0.527273,0.862069,1.0,0.92,1.0,0.608696,4.871151,0.446891,1.976703,1.276313,,,0.527273,0.896552,1.0,1.0,1.0,0.192308,4.906841,0.474175,1.996249,1.254492,,,0.254546,0.090909,65,benchmark
65 / nlvo / benchmark,nlvo,142.0,0.113252,0.003521,0.0,0.503521,0.517483,0.945946,0.871429,1.0,0.527273,4.692735,0.509308,2.650123,1.506718,2.973029,0.758141,0.503521,0.615385,0.965909,0.882353,1.0,0.013333,4.855968,0.601659,2.886683,1.606926,,,0.113252,0.003521,65,benchmark
65 / other / benchmark,other,21.5,0.0,0.0,,0.627907,0.777778,0.904762,0.894737,1.0,0.0,4.608224,0.491769,2.284461,1.480081,,,0.627907,0.814815,0.954545,1.0,1.0,0.0,4.652725,0.523344,2.332053,1.66413,,,0.0,0.0,65,benchmark
65 / mixed / benchmark,mixed,191.0,0.120419,0.015707,0.111111,0.520942,0.603015,0.95,0.885965,1.0,0.455446,4.715115,0.497484,2.4415,1.469715,3.030986,0.702815,0.520942,0.683417,0.970588,0.924242,1.0,0.04918,4.832816,0.5694,2.623058,1.586048,,,0.120419,0.015707,65,benchmark
65 / lvo / onset,lvo,27.5,0.228654,0.142909,0.125,0.828872,0.862069,1.0,0.92,1.0,0.347826,4.871151,0.446891,1.976703,1.276313,,,0.828872,0.896552,1.0,1.0,1.0,0.192308,4.906841,0.474175,1.996249,1.254492,,,0.228654,0.142909,65,onset
65 / nlvo / onset,nlvo,142.0,0.095907,0.005328,0.0,0.761925,0.517483,0.945946,0.871429,1.0,0.295082,4.692735,0.509308,2.650123,1.506718,2.973029,0.758141,0.761925,0.615385,0.965909,0.882353,1.0,0.013333,4.855968,0.601659,2.886683,1.606926,,,0.095907,0.005328,65,onset
65 / other / onset,other,21.5,0.0,0.0,,0.785804,0.777778,0.904762,0.894737,1.0,0.0,4.608224,0.491769,2.284461,1.480081,,,0.785804,0.814815,0.954545,1.0,1.0,0.0,4.652725,0.523344,2.332053,1.66413,,,0.0,0.0,65,onset
65 / mixed / onset,mixed,191.0,0.102406,0.023632,0.111111,0.783802,0.603015,0.95,0.885965,1.0,0.257426,4.715115,0.497484,2.4415,1.469715,3.030986,0.702815,0.783802,0.683417,0.970588,0.924242,1.0,0.04918,4.832816,0.5694,2.623058,1.586048,,,0.102406,0.023632,65,onset
65 / lvo / speed,lvo,27.5,0.138182,0.086364,0.125,0.527273,0.862069,0.95,0.92,1.0,0.347826,4.871151,0.446891,1.976703,0.0,,,0.527273,0.896552,0.95,1.0,1.0,0.192308,4.906841,0.474175,1.996249,0.0,,,0.138182,0.086364,65,speed
65 / nlvo / speed,nlvo,142.0,0.063652,0.003463,0.0,0.503521,0.517483,0.95,0.871429,1.0,0.295082,4.692735,0.509308,2.650123,0.0,2.973029,0.758141,0.503521,0.615385,0.95,0.882353,1.0,0.013333,4.855968,0.601659,2.70805,0.0,,,0.063652,0.003463,65,speed
65 / other / speed,other,21.5,0.0,0.0,,0.627907,0.777778,0.95,0.894737,1.0,0.0,4.608224,0.491769,2.284461,0.0,,,0.627907,0.814815,0.95,1.0,1.0,0.0,4.652725,0.523344,2.332053,0.0,,,0.0,0.0,65,speed
65 / mixed / speed,mixed,191.0,0.068063,0.015374,0.111111,0.520942,0.603015,0.95,0.885965,1.0,0.257426,4.715115,0.497484,2.4415,0.0,3.030986,0.702815,0.520942,0.683417,0.95,0.924242,1.0,0.04918,4.832816,0.5694,2.623058,0.0,,,0.068063,0.015374,65,speed
65 / lvo / onset + benchmark,lvo,27.5,0.400145,0.142909,0.125,0.828872,0.862069,1.0,0.92,1.0,0.608696,4.871151,0.446891,1.976703,1.276313,,,0.828872,0.896552,1.0,1.0,1.0,0.192308,4.906841,0.474175,1.996249,1.254492,,,0.400145,0.142909,65,onset + benchmark
65 / nlvo / onset + benchmark,nlvo,142.0,0.171373,0.005328,0.0,0.761925,0.517483,0.945946,0.871429,1.0,0.527273,4.692735,0.509308,2.650123,1.506718,2.973029,0.758141,0.761925,0.615385,0.965909,0.882353,1.0,0.013333,4.855968,0.601659,2.886683,1.606926,,,0.171373,0.005328,65,onset + benchmark
65 / other / onset + benchmark,other,21.5,0.0,0.0,,0.785804,0.777778,0.904762,0.894737,1.0,0.0,4.608224,0.491769,2.284461,1.480081,,,0.785804,0.814815,0.954545,1.0,1.0,0.0,4.652725,0.523344,2.332053,1.66413,,,0.0,0.0,65,onset + benchmark
65 / mixed / onset + benchmark,mixed,191.0,0.18118,0.023632,0.111111,0.783802,0.603015,0.95,0.885965,1.0,0.455446,4.715115,0.497484,2.4415,1.469715,3.030986,0.702815,0.783802,0.683417,0.970588,0.924242,1.0,0.04918,4.832816,0.5694,2.623058,1.586048,,,0.18118,0.023632,65,onset + benchmark
65 / lvo / speed + benchmark,lvo,27.5,0.241818,0.086364,0.125,0.527273,0.862069,0.95,0.92,1.0,0.608696,4.871151,0.446891,1.976703,0.0,,,0.527273,0.896552,0.95,1.0,1.0,0.192308,4.906841,0.474175,1.996249,0.0,,,0.241818,0.086364,65,speed + benchmark
65 / nlvo / speed + benchmark,nlvo,142.0,0.113738,0.003463,0.0,0.503521,0.517483,0.95,0.871429,1.0,0.527273,4.692735,0.509308,2.650123,0.0,2.973029,0.758141,0.503521,0.615385,0.95,0.882353,1.0,0.013333,4.855968,0.601659,2.70805,0.0,,,0.113738,0.003463,65,speed + benchmark
65 / other / speed + benchmark,other,21.5,0.0,0.0,,0.627907,0.777778,0.95,0.894737,1.0,0.0,4.608224,0.491769,2.284461,0.0,,,0.627907,0.814815,0.95,1.0,1.0,0.0,4.652725,0.523344,2.332053,0.0,,,0.0,0.0,65,speed + benchmark
65 / mixed / speed + benchmark,mixed,191.0,0.120419,0.015374,0.111111,0.520942,0.603015,0.95,0.885965,1.0,0.455446,4.715115,0.497484,2.4415,0.0,3.030986,0.702815,0.520942,0.683417,0.95,0.924242,1.0,0.04918,4.832816,0.5694,2.623058,0.0,,,0.120419,0.015374,65,speed + benchmark
65 / lvo / speed + onset,lvo,27.5,0.217222,0.135764,0.125,0.828872,0.862069,0.95,0.92,1.0,0.347826,4.871151,0.446891,1.976703,0.0,,,0.828872,0.896552,0.95,1.0,1.0,0.192308,4.906841,0.474175,1.996249,0.0,,,0.217222,0.135764,65,speed + onset
65 / nlvo / speed + onset,nlvo,142.0,0.096318,0.00524,0.0,0.761925,0.517483,0.95,0.871429,1.0,0.295082,4.692735,0.509308,2.650123,0.0,2.973029,0.758141,0.761925,0.615385,0.95,0.882353,1.0,0.013333,4.855968,0.601659,2.70805,0.0,,,0.096318,0.00524,65,speed + onset
65 / other / speed + onset,other,21.5,0.0,0.0,,0.785804,0.777778,0.95,0.894737,1.0,0.0,4.608224,0.491769,2.284461,0.0,,,0.785804,0.814815,0.95,1.0,1.0,0.0,4.652725,0.523344,2.332053,0.0,,,0.0,0.0,65,speed + onset
65 / mixed / speed + onset,mixed,191.0,0.102406,0.023131,0.111111,0.783802,0.603015,0.95,0.885965,1.0,0.257426,4.715115,0.497484,2.4415,0.0,3.030986,0.702815,0.783802,0.683417,0.95,0.924242,1.0,0.04918,4.832816,0.5694,2.623058,0.0,,,0.102406,0.023131,65,speed + onset
65 / lvo / speed + onset + benchmark,lvo,27.5,0.380138,0.135764,0.125,0.828872,0.862069,0.95,0.92,1.0,0.608696,4.871151,0.446891,1.976703,0.0,,,0.828872,0.896552,0.95,1.0,1.0,0.192308,4.906841,0.474175,1.996249,0.0,,,0.380138,0.135764,65,speed + onset + benchmark
65 / nlvo / speed + onset + benchmark,nlvo,142.0,0.172107,0.00524,0.0,0.761925,0.517483,0.95,0.871429,1.0,0.527273,4.692735,0.509308,2.650123,0.0,2.973029,0.758141,0.761925,0.615385,0.95,0.882353,1.0,0.013333,4.855968,0.601659,2.70805,0.0,,,0.172107,0.00524,65,speed + onset + benchmark
65 / other / speed + onset + benchmark,other,21.5,0.0,0.0,,0.785804,0.777778,0.95,0.894737,1.0,0.0,4.608224,0.491769,2.284461,0.0,,,0.785804,0.814815,0.95,1.0,1.0,0.0,4.652725,0.523344,2.332053,0.0,,,0.0,0.0,65,speed + onset + benchmark
65 / mixed / speed + onset + benchmark,mixed,191.0,0.18118,0.023131,0.111111,0.783802,0.603015,0.95,0.885965,1.0,0.455446,4.715115,0.497484,2.4415,0.0,3.030986,0.702815,0.783802,0.683417,0.95,0.924242,1.0,0.04918,4.832816,0.5694,2.623058,0.0,,,0.18118,0.023131,65,speed + onset + benchmark
66 / lvo / base,lvo,20.5,0.463415,0.04878,0.0,0.878049,0.75,0.962963,0.923077,1.0,0.708333,4.735493,0.488864,2.440843,1.04602,3.834399,0.452749,0.878049,0.861111,1.0,0.903226,1.0,0.071429,4.8678,0.574401,2.726918,1.210947,,,0.414634,0.048781,66,base
66 / nlvo / base,nlvo,95.5,0.125654,0.0,,0.811518,0.432258,0.985075,0.878788,1.0,0.413793,4.768525,0.58766,2.668319,1.129105,3.879802,0.425856,0.811518,0.548387,1.0,0.929412,1.0,0.0,4.964735,0.647485,2.828477,1.206364,,,0.125654,0.0,66,base
66 / other / base,other,24.5,0.0,0.0,,0.918367,0.533333,0.958333,1.0,1.0,0.0,4.762708,0.419268,2.678348,0.991296,,,0.918367,0.755556,0.970588,0.909091,1.0,0.0,5.028577,0.547009,2.852054,1.213207,,,0.0,0.0,66,base
66 / mixed / base,mixed,140.5,0.153025,0.007117,0.0,0.839858,0.5,0.974576,0.913043,1.0,0.390476,4.759784,0.531654,2.618895,1.079744,3.860976,0.432185,0.839858,0.635593,0.993333,0.919463,1.0,0.014599,4.959173,0.609838,2.812569,1.201458,,,0.145907,0.007118,66,base
66 / lvo / benchmark,lvo,20.5,0.463415,0.048781,0.0,0.878049,0.75,0.962963,0.923077,1.0,0.791667,4.735493,0.488864,2.440843,1.04602,3.834399,0.452749,0.878049,0.861111,1.0,0.903226,1.0,0.071429,4.8678,0.574401,2.726918,1.210947,,,0.463415,0.048781,66,benchmark
66 / nlvo / benchmark,nlvo,95.5,0.119084,0.0,,0.811518,0.432258,0.985075,0.878788,1.0,0.392157,4.768525,0.58766,2.668319,1.129105,3.879802,0.425856,0.811518,0.548387,1.0,0.929412,1.0,0.0,4.964735,0.647485,2.828477,1.206364,,,0.119084,0.0,66,benchmark
66 / other / benchmark,other,24.5,0.0,0.0,,0.918367,0.533333,0.958333,1.0,1.0,0.0,4.762708,0.419268,2.678348,0.991296,,,0.918367,0.755556,0.970588,0.909091,1.0,0.0,5.028577,0.547009,2.852054,1.213207,,,0.0,0.0,66,benchmark
66 / mixed / benchmark,mixed,140.5,0.156584,0.007118,0.0,0.839858,0.5,0.974576,0.913043,1.0,0.419048,4.759784,0.531654,2.618895,1.079744,3.860976,0.432185,0.839858,0.635593,0.993333,0.919463,1.0,0.014599,4.959173,0.609838,2.812569,1.201458,,,0.156584,0.007118,66,benchmark
66 / lvo / onset,lvo,20.5,0.414634,0.048781,0.0,0.878049,0.75,0.962963,0.923077,1.0,0.708333,4.735493,0.488864,2.440843,1.04602,3.834399,0.452749,0.878049,0.861111,1.0,0.903226,1.0,0.071429,4.8678,0.574401,2.726918,1.210947,,,0.414634,0.048781,66,onset
66 / nlvo / onset,nlvo,95.5,0.125654,0.0,,0.811518,0.432258,0.985075,0.878788,1.0,0.413793,4.768525,0.58766,2.668319,1.129105,3.879802,0.425856,0.811518,0.548387,1.0,0.929412,1.0,0.0,4.964735,0.647485,2.828477,1.206364,,,0.125654,0.0,66,onset
66 / other / onset,other,24.5,0.0,0.0,,0.918367,0.533333,0.958333,1.0,1.0,0.0,4.762708,0.419268,2.678348,0.991296,,,0.918367,0.755556,0.970588,0.909091,1.0,0.0,5.028577,0.547009,2.852054,1.213207,,,0.0,0.0,66,onset
66 / mixed / onset,mixed,140.5,0.145907,0.007118,0.0,0.839858,0.5,0.974576,0.913043,1.0,0.390476,4.759784,0.531654,2.618895,1.079744,3.860976,0.432185,0.839858,0.635593,0.993333,0.919463,1.0,0.014599,4.959173,0.609838,2.812569,1.201458,,,0.145907,0.007118,66,onset
66 / lvo / speed,lvo,20.5,0.409052,0.046342,0.0,0.878049,0.75,0.95,0.923077,1.0,0.708333,4.735493,0.488864,2.440843,0.0,3.834399,0.452749,0.878049,0.861111,0.95,0.903226,1.0,0.071429,4.8678,0.574401,2.70805,0.0,,,0.409052,0.046342,66,speed
66 / nlvo / speed,nlvo,95.5,0.12118,0.0,,0.811518,0.432258,0.95,0.878788,1.0,0.413793,4.768525,0.58766,2.668319,0.0,3.879802,0.425856,0.811518,0.548387,0.95,0.929412,1.0,0.0,4.964735,0.647485,2.70805,0.0,,,0.12118,0.0,66,speed
66 / other / speed,other,24.5,0.0,0.0,,0.918367,0.533333,0.95,1.0,1.0,0.0,4.762708,0.419268,2.678348,0.0,,,0.918367,0.755556,0.95,0.909091,1.0,0.0,5.028577,0.547009,2.70805,0.0,,,0.0,0.0,66,speed
66 / mixed / speed,mixed,140.5,0.142228,0.006807,0.0,0.839858,0.5,0.95,0.913043,1.0,0.390476,4.759784,0.531654,2.618895,0.0,3.860976,0.432185,0.839858,0.635593,0.95,0.919463,1.0,0.014599,4.959173,0.609838,2.70805,0.0,,,0.142228,0.006807,66,speed
66 / lvo / onset + benchmark,lvo,20.5,0.463415,0.048781,0.0,0.878049,0.75,0.962963,0.923077,1.0,0.791667,4.735493,0.488864,2.440843,1.04602,3.834399,0.452749,0.878049,0.861111,1.0,0.903226,1.0,0.071429,4.8678,0.574401,2.726918,1.210947,,,0.463415,0.048781,66,onset + benchmark
66 / nlvo / onset + benchmark,nlvo,95.5,0.119084,0.0,,0.811518,0.432258,0.985075,0.878788,1.0,0.392157,4.768525,0.58766,2.668319,1.129105,3.879802,0.425856,0.811518,0.548387,1.0,0.929412,1.0,0.0,4.964735,0.647485,2.828477,1.206364,,,0.119084,0.0,66,onset + benchmark
66 / other / onset + benchmark,other,24.5,0.0,0.0,,0.918367,0.533333,0.958333,1.0,1.0,0.0,4.762708,0.419268,2.678348,0.991296,,,0.918367,0.755556,0.970588,0.909091,1.0,0.0,5.028577,0.547009,2.852054,1.213207,,,0.0,0.0,66,onset + benchmark
66 / mixed / onset + benchmark,mixed,140.5,0.156584,0.007118,0.0,0.839858,0.5,0.974576,0.913043,1.0,0.419048,4.759784,0.531654,2.618895,1.079744,3.860976,0.432185,0.839858,0.635593,0.993333,0.919463,1.0,0.014599,4.959173,0.609838,2.812569,1.201458,,,0.156584,0.007118,66,onset + benchmark
66 / lvo / speed + benchmark,lvo,20.5,0.457177,0.046342,0.0,0.878049,0.75,0.95,0.923077,1.0,0.791667,4.735493,0.488864,2.440843,0.0,3.834399,0.452749,0.878049,0.861111,0.95,0.903226,1.0,0.071429,4.8678,0.574401,2.70805,0.0,,,0.457177,0.046342,66,speed + benchmark
66 / nlvo / speed + benchmark,nlvo,95.5,0.114844,0.0,,0.811518,0.432258,0.95,0.878788,1.0,0.392157,4.768525,0.58766,2.668319,0.0,3.879802,0.425856,0.811518,0.548387,0.95,0.929412,1.0,0.0,4.964735,0.647485,2.70805,0.0,,,0.114844,0.0,66,speed + benchmark
66 / other / speed + benchmark,other,24.5,0.0,0.0,,0.918367,0.533333,0.95,1.0,1.0,0.0,4.762708,0.419268,2.678348,0.0,,,0.918367,0.755556,0.95,0.909091,1.0,0.0,5.028577,0.547009,2.70805,0.0,,,0.0,0.0,66,speed + benchmark
66 / mixed / speed + benchmark,mixed,140.5,0.152635,0.006807,0.0,0.839858,0.5,0.95,0.913043,1.0,0.419048,4.759784,0.531654,2.618895,0.0,3.860976,0.432185,0.839858,0.635593,0.95,0.919463,1.0,0.014599,4.959173,0.609838,2.70805,0.0,,,0.152635,0.006807,66,speed + benchmark
66 / lvo / speed + onset,lvo,20.5,0.409052,0.046342,0.0,0.878049,0.75,0.95,0.923077,1.0,0.708333,4.735493,0.488864,2.440843,0.0,3.834399,0.452749,0.878049,0.861111,0.95,0.903226,1.0,0.071429,4.8678,0.574401,2.70805,0.0,,,0.409052,0.046342,66,speed + onset
66 / nlvo / speed + onset,nlvo,95.5,0.12118,0.0,,0.811518,0.432258,0.95,0.878788,1.0,0.413793,4.768525,0.58766,2.668319,0.0,3.879802,0.425856,0.811518,0.548387,0.95,0.929412,1.0,0.0,4.964735,0.647485,2.70805,0.0,,,0.12118,0.0,66,speed + onset
66 / other / speed + onset,other,24.5,0.0,0.0,,0.918367,0.533333,0.95,1.0,1.0,0.0,4.762708,0.419268,2.678348,0.0,,,0.918367,0.755556,0.95,0.909091,1.0,0.0,5.028577,0.547009,2.70805,0.0,,,0.0,0.0,66,speed + onset
66 / mixed / speed + onset,mixed,140.5,0.142228,0.006807,0.0,0.839858,0.5,0.95,0.913043,1.0,0.390476,4.759784,0.531654,2.618895,0.0,3.860976,0.432185,0.839858,0.635593,0.95,0.919463,1.0,0.014599,4.959173,0.609838,2.70805,0.0,,,0.142228,0.006807,66,speed + onset
66 / lvo / speed + onset + benchmark,lvo,20.5,0.457177,0.046342,0.0,0.878049,0.75,0.95,0.923077,1.0,0.791667,4.735493,0.488864,2.440843,0.0,3.834399,0.452749,0.878049,0.861111,0.95,0.903226,1.0,0.071429,4.8678,0.574401,2.70805,0.0,,,0.457177,0.046342,66,speed + onset + benchmark
66 / nlvo / speed + onset + benchmark,nlvo,95.5,0.114844,0.0,,0.811518,0.432258,0.95,0.878788,1.0,0.392157,4.768525,0.58766,2.668319,0.0,3.879802,0.425856,0.811518,0.548387,0.95,0.929412,1.0,0.0,4.964735,0.647485,2.70805,0.0,,,0.114844,0.0,66,speed + onset + benchmark
66 / other / speed + onset + benchmark,other,24.5,0.0,0.0,,0.918367,0.533333,0.95,1.0,1.0,0.0,4.762708,0.419268,2.678348,0.0,,,0.918367,0.755556,0.95,0.909091,1.0,0.0,5.028577,0.547009,2.70805,0.0,,,0.0,0.0,66,speed + onset + benchmark
66 / mixed / speed + onset + benchmark,mixed,140.5,0.152635,0.006807,0.0,0.839858,0.5,0.95,0.913043,1.0,0.419048,4.759784,0.531654,2.618895,0.0,3.860976,0.432185,0.839858,0.635593,0.95,0.919463,1.0,0.014599,4.959173,0.609838,2.70805,0.0,,,0.152635,0.006807,66,speed + onset + benchmark
67 / lvo / base,lvo,67.0,0.268657,0.089552,0.5,0.835821,0.580357,1.0,0.923077,1.0,0.6,4.505143,0.565542,3.149705,0.70069,3.319364,0.806795,0.835821,0.633929,1.0,0.957746,1.0,0.132353,4.607277,0.638904,3.165398,0.691057,,,0.268657,0.067164,67,base
67 / nlvo / base,nlvo,312.0,0.049679,0.00641,0.5,0.684295,0.386417,0.939394,0.76129,1.0,0.254237,4.632524,0.641896,3.64027,0.811598,3.124252,0.878347,0.684295,0.473068,0.970297,0.836735,1.0,0.018293,4.83243,0.719956,3.755704,0.878211,,,0.048077,0.004808,67,base
67 / other / base,other,50.0,0.0,0.0,,0.7,0.614286,0.953488,0.878049,1.0,0.0,4.641106,0.447014,3.313078,0.783148,,,0.7,0.714286,1.0,0.9,1.0,0.0,4.786435,0.55372,3.445096,0.846676,,,0.0,0.0,67,base
67 / mixed / base,mixed,429.0,0.078089,0.018648,0.5,0.70979,0.448276,0.956044,0.819923,1.0,0.308411,4.603547,0.597986,3.466701,0.807565,3.230677,0.839216,0.70979,0.530378,0.981424,0.873817,1.0,0.043321,4.775818,0.683554,3.574499,0.868043,4.625538,0.301054,0.076923,0.013986,67,base
67 / lvo / benchmark,lvo,67.0,0.335821,0.067164,0.5,0.835821,0.580357,1.0,0.923077,1.0,0.75,4.505143,0.565542,3.149705,0.70069,3.319364,0.806795,0.835821,0.633929,1.0,0.957746,1.0,0.132353,4.607277,0.638904,3.165398,0.691057,,,0.335821,0.067164,67,benchmark
67 / nlvo / benchmark,nlvo,312.0,0.078367,0.004808,0.5,0.684295,0.386417,0.939394,0.76129,1.0,0.414414,4.632524,0.641896,3.64027,0.811598,3.124252,0.878347,0.684295,0.473068,0.970297,0.836735,1.0,0.018293,4.83243,0.719956,3.755704,0.878211,,,0.078367,0.004808,67,benchmark
67 / other / benchmark,other,50.0,0.0,0.0,,0.7,0.614286,0.953488,0.878049,1.0,0.0,4.641106,0.447014,3.313078,0.783148,,,0.7,0.714286,1.0,0.9,1.0,0.0,4.786435,0.55372,3.445096,0.846676,,,0.0,0.0,67,benchmark
67 / mixed / benchmark,mixed,429.0,0.111888,0.013986,0.5,0.70979,0.448276,0.956044,0.819923,1.0,0.448598,4.603547,0.597986,3.466701,0.807565,3.230677,0.839216,0.70979,0.530378,0.981424,0.873817,1.0,0.043321,4.775818,0.683554,3.574499,0.868043,4.625538,0.301054,0.111888,0.013986,67,benchmark
67 / lvo / onset,lvo,67.0,0.268657,0.067164,0.5,0.835821,0.580357,1.0,0.923077,1.0,0.6,4.505143,0.565542,3.149705,0.70069,3.319364,0.806795,0.835821,0.633929,1.0,0.957746,1.0,0.132353,4.607277,0.638904,3.165398,0.691057,,,0.268657,0.067164,67,onset
67 / nlvo / onset,nlvo,312.0,0.053531,0.005353,0.5,0.761925,0.386417,0.939394,0.76129,1.0,0.254237,4.632524,0.641896,3.64027,0.811598,3.124252,0.878347,0.761925,0.473068,0.970297,0.836735,1.0,0.018293,4.83243,0.719956,3.755704,0.878211,,,0.053531,0.005353,67,onset
67 / other / onset,other,50.0,0.0,0.0,,0.785804,0.614286,0.953488,0.878049,1.0,0.0,4.641106,0.447014,3.313078,0.783148,,,0.785804,0.714286,1.0,0.9,1.0,0.0,4.786435,0.55372,3.445096,0.846676,,,0.0,0.0,67,onset
67 / mixed / onset,mixed,429.0,0.084944,0.015444,0.5,0.783802,0.448276,0.956044,0.819923,1.0,0.308411,4.603547,0.597986,3.466701,0.807565,3.230677,0.839216,0.783802,0.530378,0.981424,0.873817,1.0,0.043321,4.775818,0.683554,3.574499,0.868043,4.625538,0.301054,0.084944,0.015444,67,onset
67 / lvo / speed,lvo,67.0,0.255224,0.063806,0.5,0.835821,0.580357,0.95,0.923077,1.0,0.6,4.505143,0.565542,2.70805,0.0,3.319364,0.806795,0.835821,0.633929,0.95,0.957746,1.0,0.132353,4.607277,0.638904,2.70805,0.0,,,0.255224,0.063806,67,speed
67 / nlvo / speed,nlvo,312.0,0.04862,0.004707,0.5,0.684295,0.386417,0.95,0.76129,1.0,0.254237,4.632524,0.641896,2.70805,0.0,3.124252,0.878347,0.684295,0.473068,0.95,0.836735,1.0,0.018293,4.83243,0.719956,2.70805,0.0,,,0.04862,0.004707,67,speed
67 / other / speed,other,50.0,0.0,0.0,,0.7,0.614286,0.95,0.878049,1.0,0.0,4.641106,0.447014,2.70805,0.0,,,0.7,0.714286,0.95,0.9,1.0,0.0,4.786435,0.55372,2.70805,0.0,,,0.0,0.0,67,speed
67 / mixed / speed,mixed,429.0,0.076437,0.013538,0.5,0.70979,0.448276,0.95,0.819923,1.0,0.308411,4.603547,0.597986,2.70805,0.0,3.230677,0.839216,0.70979,0.530378,0.95,0.873817,1.0,0.043321,4.775818,0.683554,2.70805,0.0,4.625538,0.301054,0.076437,0.013538,67,speed
67 / lvo / onset + benchmark,lvo,67.0,0.335821,0.067164,0.5,0.835821,0.580357,1.0,0.923077,1.0,0.75,4.505143,0.565542,3.149705,0.70069,3.319364,0.806795,0.835821,0.633929,1.0,0.957746,1.0,0.132353,4.607277,0.638904,3.165398,0.691057,,,0.335821,0.067164,67,onset + benchmark
67 / nlvo / onset + benchmark,nlvo,312.0,0.087257,0.005353,0.5,0.761925,0.386417,0.939394,0.76129,1.0,0.414414,4.632524,0.641896,3.64027,0.811598,3.124252,0.878347,0.761925,0.473068,0.970297,0.836735,1.0,0.018293,4.83243,0.719956,3.755704,0.878211,,,0.087257,0.005353,67,onset + benchmark
67 / other / onset + benchmark,other,50.0,0.0,0.0,,0.785804,0.614286,0.953488,0.878049,1.0,0.0,4.641106,0.447014,3.313078,0.783148,,,0.785804,0.714286,1.0,0.9,1.0,0.0,4.786435,0.55372,3.445096,0.846676,,,0.0,0.0,67,onset + benchmark
67 / mixed / onset + benchmark,mixed,429.0,0.123555,0.015444,0.5,0.783802,0.448276,0.956044,0.819923,1.0,0.448598,4.603547,0.597986,3.466701,0.807565,3.230677,0.839216,0.783802,0.530378,0.981424,0.873817,1.0,0.043321,4.775818,0.683554,3.574499,0.868043,4.625538,0.301054,0.123555,0.015444,67,onset + benchmark
67 / lvo / speed + benchmark,lvo,67.0,0.31903,0.063806,0.5,0.835821,0.580357,0.95,0.923077,1.0,0.75,4.505143,0.565542,2.70805,0.0,3.319364,0.806795,0.835821,0.633929,0.95,0.957746,1.0,0.132353,4.607277,0.638904,2.70805,0.0,,,0.31903,0.063806,67,speed + benchmark
67 / nlvo / speed + benchmark,nlvo,312.0,0.079252,0.004707,0.5,0.684295,0.386417,0.95,0.76129,1.0,0.414414,4.632524,0.641896,2.70805,0.0,3.124252,0.878347,0.684295,0.473068,0.95,0.836735,1.0,0.018293,4.83243,0.719956,2.70805,0.0,,,0.079252,0.004707,67,speed + benchmark
67 / other / speed + benchmark,other,50.0,0.0,0.0,,0.7,0.614286,0.95,0.878049,1.0,0.0,4.641106,0.447014,2.70805,0.0,,,0.7,0.714286,0.95,0.9,1.0,0.0,4.786435,0.55372,2.70805,0.0,,,0.0,0.0,67,speed + benchmark
67 / mixed / speed + benchmark,mixed,429.0,0.111181,0.013538,0.5,0.70979,0.448276,0.95,0.819923,1.0,0.448598,4.603547,0.597986,2.70805,0.0,3.230677,0.839216,0.70979,0.530378,0.95,0.873817,1.0,0.043321,4.775818,0.683554,2.70805,0.0,4.625538,0.301054,0.111181,0.013538,67,speed + benchmark
67 / lvo / speed + onset,lvo,67.0,0.255224,0.063806,0.5,0.835821,0.580357,0.95,0.923077,1.0,0.6,4.505143,0.565542,2.70805,0.0,3.319364,0.806795,0.835821,0.633929,0.95,0.957746,1.0,0.132353,4.607277,0.638904,2.70805,0.0,,,0.255224,0.063806,67,speed + onset
67 / nlvo / speed + onset,nlvo,312.0,0.054135,0.005241,0.5,0.761925,0.386417,0.95,0.76129,1.0,0.254237,4.632524,0.641896,2.70805,0.0,3.124252,0.878347,0.761925,0.473068,0.95,0.836735,1.0,0.018293,4.83243,0.719956,2.70805,0.0,,,0.054135,0.005241,67,speed + onset
67 / other / speed + onset,other,50.0,0.0,0.0,,0.785804,0.614286,0.95,0.878049,1.0,0.0,4.641106,0.447014,2.70805,0.0,,,0.785804,0.714286,0.95,0.9,1.0,0.0,4.786435,0.55372,2.70805,0.0,,,0.0,0.0,67,speed + onset
67 / mixed / speed + onset,mixed,429.0,0.084407,0.01495,0.5,0.783802,0.448276,0.95,0.819923,1.0,0.308411,4.603547,0.597986,2.70805,0.0,3.230677,0.839216,0.783802,0.530378,0.95,0.873817,1.0,0.043321,4.775818,0.683554,2.70805,0.0,4.625538,0.301054,0.084407,0.01495,67,speed + onset
67 / lvo / speed + onset + benchmark,lvo,67.0,0.31903,0.063806,0.5,0.835821,0.580357,0.95,0.923077,1.0,0.75,4.505143,0.565542,2.70805,0.0,3.319364,0.806795,0.835821,0.633929,0.95,0.957746,1.0,0.132353,4.607277,0.638904,2.70805,0.0,,,0.31903,0.063806,67,speed + onset + benchmark
67 / nlvo / speed + onset + benchmark,nlvo,312.0,0.088242,0.005241,0.5,0.761925,0.386417,0.95,0.76129,1.0,0.414414,4.632524,0.641896,2.70805,0.0,3.124252,0.878347,0.761925,0.473068,0.95,0.836735,1.0,0.018293,4.83243,0.719956,2.70805,0.0,,,0.088242,0.005241,67,speed + onset + benchmark
67 / other / speed + onset + benchmark,other,50.0,0.0,0.0,,0.785804,0.614286,0.95,0.878049,1.0,0.0,4.641106,0.447014,2.70805,0.0,,,0.785804,0.714286,0.95,0.9,1.0,0.0,4.786435,0.55372,2.70805,0.0,,,0.0,0.0,67,speed + onset + benchmark
67 / mixed / speed + onset + benchmark,mixed,429.0,0.122774,0.01495,0.5,0.783802,0.448276,0.95,0.819923,1.0,0.448598,4.603547,0.597986,2.70805,0.0,3.230677,0.839216,0.783802,0.530378,0.95,0.873817,1.0,0.043321,4.775818,0.683554,2.70805,0.0,4.625538,0.301054,0.122774,0.01495,67,speed + onset + benchmark
68 / lvo / base,lvo,70.0,0.157143,0.0,,0.792857,0.846847,1.0,0.851064,1.0,0.275,4.645491,0.509989,3.591657,0.634695,3.023415,1.283785,0.792857,0.936937,1.0,0.942308,1.0,0.0,4.744419,0.57358,3.621414,0.644794,,,0.157143,0.0,68,base
68 / nlvo / base,nlvo,385.5,0.040208,0.0,,0.634241,0.433538,0.966981,0.785366,1.0,0.192547,4.745968,0.526109,3.777585,0.838919,3.386202,0.993496,0.634241,0.552147,0.974074,0.86692,1.0,0.0,4.948786,0.609053,3.827906,0.824185,,,0.040208,0.0,68,base
68 / other / base,other,60.0,0.0,0.0,,0.641667,0.597403,0.978261,0.8,1.0,0.0,4.771402,0.419584,3.680053,0.623759,,,0.641667,0.714286,0.981818,0.907407,1.0,0.0,4.92297,0.51898,3.778355,0.685087,,,0.0,0.0,68,base
68 / mixed / base,mixed,515.5,0.051406,0.0,,0.656644,0.519941,0.977273,0.805233,1.0,0.191336,4.72246,0.510007,3.714021,0.764449,3.235611,1.125874,0.656644,0.633678,0.981352,0.890736,1.0,0.0,4.895933,0.594753,3.770541,0.769743,,,0.051407,0.0,68,base
68 / lvo / benchmark,lvo,70.0,0.257143,0.0,,0.792857,0.846847,1.0,0.851064,1.0,0.45,4.645491,0.509989,3.591657,0.634695,3.023415,1.283785,0.792857,0.936937,1.0,0.942308,1.0,0.0,4.744419,0.57358,3.621414,0.644794,,,0.257143,0.0,68,benchmark
68 / nlvo / benchmark,nlvo,385.5,0.054239,0.0,,0.634241,0.433538,0.966981,0.785366,1.0,0.25974,4.745968,0.526109,3.777585,0.838919,3.386202,0.993496,0.634241,0.552147,0.974074,0.86692,1.0,0.0,4.948786,0.609053,3.827906,0.824185,,,0.054239,0.0,68,benchmark
68 / other / benchmark,other,60.0,0.0,0.0,,0.641667,0.597403,0.978261,0.8,1.0,0.0,4.771402,0.419584,3.680053,0.623759,,,0.641667,0.714286,0.981818,0.907407,1.0,0.0,4.92297,0.51898,3.778355,0.685087,,,0.0,0.0,68,benchmark
68 / mixed / benchmark,mixed,515.5,0.077595,0.0,,0.656644,0.519941,0.977273,0.805233,1.0,0.288809,4.72246,0.510007,3.714021,0.764449,3.235611,1.125874,0.656644,0.633678,0.981352,0.890736,1.0,0.0,4.895933,0.594753,3.770541,0.769743,,,0.077595,0.0,68,benchmark
68 / lvo / onset,lvo,70.0,0.164281,0.0,,0.828872,0.846847,1.0,0.851064,1.0,0.275,4.645491,0.509989,3.591657,0.634695,3.023415,1.283785,0.828872,0.936937,1.0,0.942308,1.0,0.0,4.744419,0.57358,3.621414,0.644794,,,0.164281,0.0,68,onset
68 / nlvo / onset,nlvo,385.5,0.048302,0.0,,0.761925,0.433538,0.966981,0.785366,1.0,0.192547,4.745968,0.526109,3.777585,0.838919,3.386202,0.993496,0.761925,0.552147,0.974074,0.86692,1.0,0.0,4.948786,0.609053,3.827906,0.824185,,,0.048302,0.0,68,onset
68 / other / onset,other,60.0,0.0,0.0,,0.785804,0.597403,0.978261,0.8,1.0,0.0,4.771402,0.419584,3.680053,0.623759,,,0.785804,0.714286,0.981818,0.907407,1.0,0.0,4.92297,0.51898,3.778355,0.685087,,,0.0,0.0,68,onset
68 / mixed / onset,mixed,515.5,0.061361,0.0,,0.783802,0.519941,0.977273,0.805233,1.0,0.191336,4.72246,0.510007,3.714021,0.764449,3.235611,1.125874,0.783802,0.633678,0.981352,0.890736,1.0,0.0,4.895933,0.594753,3.770541,0.769743,,,0.061361,0.0,68,onset
68 / lvo / speed,lvo,70.0,0.149286,0.0,,0.792857,0.846847,0.95,0.851064,1.0,0.275,4.645491,0.509989,2.70805,0.0,3.023415,1.283785,0.792857,0.936937,0.95,0.942308,1.0,0.0,4.744419,0.57358,2.70805,0.0,,,0.149286,0.0,68,speed
68 / nlvo / speed,nlvo,385.5,0.039502,0.0,,0.634241,0.433538,0.95,0.785366,1.0,0.192547,4.745968,0.526109,2.70805,0.0,3.386202,0.993496,0.634241,0.552147,0.95,0.86692,1.0,0.0,4.948786,0.609053,2.70805,0.0,,,0.039502,0.0,68,speed
68 / other / speed,other,60.0,0.0,0.0,,0.641667,0.597403,0.95,0.8,1.0,0.0,4.771402,0.419584,2.70805,0.0,,,0.641667,0.714286,0.95,0.907407,1.0,0.0,4.92297,0.51898,2.70805,0.0,,,0.0,0.0,68,speed
68 / mixed / speed,mixed,515.5,0.049972,0.0,,0.656644,0.519941,0.95,0.805233,1.0,0.191336,4.72246,0.510007,2.70805,0.0,3.235611,1.125874,0.656644,0.633678,0.95,0.890736,1.0,0.0,4.895933,0.594753,2.70805,0.0,,,0.049972,0.0,68,speed
68 / lvo / onset + benchmark,lvo,70.0,0.268823,0.0,,0.828872,0.846847,1.0,0.851064,1.0,0.45,4.645491,0.509989,3.591657,0.634695,3.023415,1.283785,0.828872,0.936937,1.0,0.942308,1.0,0.0,4.744419,0.57358,3.621414,0.644794,,,0.268823,0.0,68,onset + benchmark
68 / nlvo / onset + benchmark,nlvo,385.5,0.065158,0.0,,0.761925,0.433538,0.966981,0.785366,1.0,0.25974,4.745968,0.526109,3.777585,0.838919,3.386202,0.993496,0.761925,0.552147,0.974074,0.86692,1.0,0.0,4.948786,0.609053,3.827906,0.824185,,,0.065158,0.0,68,onset + benchmark
68 / other / onset + benchmark,other,60.0,0.0,0.0,,0.785804,0.597403,0.978261,0.8,1.0,0.0,4.771402,0.419584,3.680053,0.623759,,,0.785804,0.714286,0.981818,0.907407,1.0,0.0,4.92297,0.51898,3.778355,0.685087,,,0.0,0.0,68,onset + benchmark
68 / mixed / onset + benchmark,mixed,515.5,0.092621,0.0,,0.783802,0.519941,0.977273,0.805233,1.0,0.288809,4.72246,0.510007,3.714021,0.764449,3.235611,1.125874,0.783802,0.633678,0.981352,0.890736,1.0,0.0,4.895933,0.594753,3.770541,0.769743,,,0.092621,0.0,68,onset + benchmark
68 / lvo / speed + benchmark,lvo,70.0,0.244286,0.0,,0.792857,0.846847,0.95,0.851064,1.0,0.45,4.645491,0.509989,2.70805,0.0,3.023415,1.283785,0.792857,0.936937,0.95,0.942308,1.0,0.0,4.744419,0.57358,2.70805,0.0,,,0.244286,0.0,68,speed + benchmark
68 / nlvo / speed + benchmark,nlvo,385.5,0.053286,0.0,,0.634241,0.433538,0.95,0.785366,1.0,0.25974,4.745968,0.526109,2.70805,0.0,3.386202,0.993496,0.634241,0.552147,0.95,0.86692,1.0,0.0,4.948786,0.609053,2.70805,0.0,,,0.053286,0.0,68,speed + benchmark
68 / other / speed + benchmark,other,60.0,0.0,0.0,,0.641667,0.597403,0.95,0.8,1.0,0.0,4.771402,0.419584,2.70805,0.0,,,0.641667,0.714286,0.95,0.907407,1.0,0.0,4.92297,0.51898,2.70805,0.0,,,0.0,0.0,68,speed + benchmark
68 / mixed / speed + benchmark,mixed,515.5,0.075429,0.0,,0.656644,0.519941,0.95,0.805233,1.0,0.288809,4.72246,0.510007,2.70805,0.0,3.235611,1.125874,0.656644,0.633678,0.95,0.890736,1.0,0.0,4.895933,0.594753,2.70805,0.0,,,0.075429,0.0,68,speed + benchmark
68 / lvo / speed + onset,lvo,70.0,0.156067,0.0,,0.828872,0.846847,0.95,0.851064,1.0,0.275,4.645491,0.509989,2.70805,0.0,3.023415,1.283785,0.828872,0.936937,0.95,0.942308,1.0,0.0,4.744419,0.57358,2.70805,0.0,,,0.156067,0.0,68,speed + onset
68 / nlvo / speed + onset,nlvo,385.5,0.047454,0.0,,0.761925,0.433538,0.95,0.785366,1.0,0.192547,4.745968,0.526109,2.70805,0.0,3.386202,0.993496,0.761925,0.552147,0.95,0.86692,1.0,0.0,4.948786,0.609053,2.70805,0.0,,,0.047454,0.0,68,speed + onset
68 / other / speed + onset,other,60.0,0.0,0.0,,0.785804,0.597403,0.95,0.8,1.0,0.0,4.771402,0.419584,2.70805,0.0,,,0.785804,0.714286,0.95,0.907407,1.0,0.0,4.92297,0.51898,2.70805,0.0,,,0.0,0.0,68,speed + onset
68 / mixed / speed + onset,mixed,515.5,0.059649,0.0,,0.783802,0.519941,0.95,0.805233,1.0,0.191336,4.72246,0.510007,2.70805,0.0,3.235611,1.125874,0.783802,0.633678,0.95,0.890736,1.0,0.0,4.895933,0.594753,2.70805,0.0,,,0.059649,0.0,68,speed + onset
68 / lvo / speed + onset + benchmark,lvo,70.0,0.255382,0.0,,0.828872,0.846847,0.95,0.851064,1.0,0.45,4.645491,0.509989,2.70805,0.0,3.023415,1.283785,0.828872,0.936937,0.95,0.942308,1.0,0.0,4.744419,0.57358,2.70805,0.0,,,0.255382,0.0,68,speed + onset + benchmark
68 / nlvo / speed + onset + benchmark,nlvo,385.5,0.064014,0.0,,0.761925,0.433538,0.95,0.785366,1.0,0.25974,4.745968,0.526109,2.70805,0.0,3.386202,0.993496,0.761925,0.552147,0.95,0.86692,1.0,0.0,4.948786,0.609053,2.70805,0.0,,,0.064014,0.0,68,speed + onset + benchmark
68 / other / speed + onset + benchmark,other,60.0,0.0,0.0,,0.785804,0.597403,0.95,0.8,1.0,0.0,4.771402,0.419584,2.70805,0.0,,,0.785804,0.714286,0.95,0.907407,1.0,0.0,4.92297,0.51898,2.70805,0.0,,,0.0,0.0,68,speed + onset + benchmark
68 / mixed / speed + onset + benchmark,mixed,515.5,0.090036,0.0,,0.783802,0.519941,0.95,0.805233,1.0,0.288809,4.72246,0.510007,2.70805,0.0,3.235611,1.125874,0.783802,0.633678,0.95,0.890736,1.0,0.0,4.895933,0.594753,2.70805,0.0,,,0.090036,0.0,68,speed + onset + benchmark
69 / lvo / base,lvo,38.5,0.38961,0.0,,0.883117,0.823529,0.982143,0.945455,1.0,0.519231,4.449663,0.416303,3.184981,0.686581,3.433807,1.231366,0.883117,0.882353,1.0,0.966667,1.0,0.0,4.525826,0.494584,3.239618,0.741536,,,0.35065,0.0,69,base
69 / nlvo / base,nlvo,297.0,0.102694,0.003367,0.5,0.661616,0.600509,0.944915,0.802691,1.0,0.307263,4.685701,0.522018,3.440582,0.901622,3.651235,0.896172,0.661616,0.704835,0.956679,0.890566,1.0,0.008475,4.834988,0.602718,3.526231,0.951323,,,0.092593,0.003367,69,base
69 / other / base,other,37.0,0.0,0.0,,0.581081,0.744186,0.96875,0.903226,1.0,0.0,4.580156,0.398271,3.42891,0.859388,,,0.581081,0.860465,0.972973,0.916667,1.0,0.0,4.734051,0.543626,3.501941,0.95241,,,0.0,0.0,69,base
69 / mixed / base,mixed,372.5,0.122148,0.002685,0.5,0.67651,0.642857,0.953704,0.838188,1.0,0.316602,4.63448,0.501125,3.393916,0.866035,3.579643,1.016212,0.67651,0.742063,0.965241,0.905817,1.0,0.006116,4.775404,0.590627,3.476173,0.9237,,,0.110067,0.002684,69,base
69 / lvo / benchmark,lvo,38.5,0.454546,0.0,,0.883117,0.823529,0.982143,0.945455,1.0,0.673077,4.449663,0.416303,3.184981,0.686581,3.433807,1.231366,0.883117,0.882353,1.0,0.966667,1.0,0.0,4.525826,0.494584,3.239618,0.741536,,,0.454546,0.0,69,benchmark
69 / nlvo / benchmark,nlvo,297.0,0.10102,0.003367,0.5,0.661616,0.600509,0.944915,0.802691,1.0,0.335227,4.685701,0.522018,3.440582,0.901622,3.651235,0.896172,0.661616,0.704835,0.956679,0.890566,1.0,0.008475,4.834988,0.602718,3.526231,0.951323,,,0.10102,0.003367,69,benchmark
69 / other / benchmark,other,37.0,0.0,0.0,,0.581081,0.744186,0.96875,0.903226,1.0,0.0,4.580156,0.398271,3.42891,0.859388,,,0.581081,0.860465,0.972973,0.916667,1.0,0.0,4.734051,0.543626,3.501941,0.95241,,,0.0,0.0,69,benchmark
69 / mixed / benchmark,mixed,372.5,0.130201,0.002684,0.5,0.67651,0.642857,0.953704,0.838188,1.0,0.374517,4.63448,0.501125,3.393916,0.866035,3.579643,1.016212,0.67651,0.742063,0.965241,0.905817,1.0,0.006116,4.775404,0.590627,3.476173,0.9237,,,0.130201,0.002684,69,benchmark
69 / lvo / onset,lvo,38.5,0.35065,0.0,,0.883117,0.823529,0.982143,0.945455,1.0,0.519231,4.449663,0.416303,3.184981,0.686581,3.433807,1.231366,0.883117,0.882353,1.0,0.966667,1.0,0.0,4.525826,0.494584,3.239618,0.741536,,,0.35065,0.0,69,onset
69 / nlvo / onset,nlvo,297.0,0.106631,0.003878,0.5,0.761925,0.600509,0.944915,0.802691,1.0,0.307263,4.685701,0.522018,3.440582,0.901622,3.651235,0.896172,0.761925,0.704835,0.956679,0.890566,1.0,0.008475,4.834988,0.602718,3.526231,0.951323,,,0.106631,0.003878,69,onset
69 / other / onset,other,37.0,0.0,0.0,,0.785804,0.744186,0.96875,0.903226,1.0,0.0,4.580156,0.398271,3.42891,0.859388,,,0.785804,0.860465,0.972973,0.916667,1.0,0.0,4.734051,0.543626,3.501941,0.95241,,,0.0,0.0,69,onset
69 / mixed / onset,mixed,372.5,0.127523,0.00311,0.5,0.783802,0.642857,0.953704,0.838188,1.0,0.316602,4.63448,0.501125,3.393916,0.866035,3.579643,1.016212,0.783802,0.742063,0.965241,0.905817,1.0,0.006116,4.775404,0.590627,3.476173,0.9237,,,0.127523,0.00311,69,onset
69 / lvo / speed,lvo,38.5,0.339174,0.0,,0.883117,0.823529,0.95,0.945455,1.0,0.519231,4.449663,0.416303,2.70805,0.0,3.433807,1.231366,0.883117,0.882353,0.95,0.966667,1.0,0.0,4.525826,0.494584,2.70805,0.0,,,0.339174,0.0,69,speed
69 / nlvo / speed,nlvo,297.0,0.093091,0.003344,0.5,0.661616,0.600509,0.95,0.802691,1.0,0.307263,4.685701,0.522018,2.70805,0.0,3.651235,0.896172,0.661616,0.704835,0.95,0.890566,1.0,0.008475,4.834988,0.602718,2.70805,0.0,,,0.093091,0.003344,69,speed
69 / other / speed,other,37.0,0.0,0.0,,0.581081,0.744186,0.95,0.903226,1.0,0.0,4.580156,0.398271,2.70805,0.0,,,0.581081,0.860465,0.95,0.916667,1.0,0.0,4.734051,0.543626,2.70805,0.0,,,0.0,0.0,69,speed
69 / mixed / speed,mixed,372.5,0.10964,0.002642,0.5,0.67651,0.642857,0.95,0.838188,1.0,0.316602,4.63448,0.501125,2.70805,0.0,3.579643,1.016212,0.67651,0.742063,0.95,0.905817,1.0,0.006116,4.775404,0.590627,2.70805,0.0,,,0.10964,0.002642,69,speed
69 / lvo / onset + benchmark,lvo,38.5,0.454546,0.0,,0.883117,0.823529,0.982143,0.945455,1.0,0.673077,4.449663,0.416303,3.184981,0.686581,3.433807,1.231366,0.883117,0.882353,1.0,0.966667,1.0,0.0,4.525826,0.494584,3.239618,0.741536,,,0.454546,0.0,69,onset + benchmark
69 / nlvo / onset + benchmark,nlvo,297.0,0.116335,0.003878,0.5,0.761925,0.600509,0.944915,0.802691,1.0,0.335227,4.685701,0.522018,3.440582,0.901622,3.651235,0.896172,0.761925,0.704835,0.956679,0.890566,1.0,0.008475,4.834988,0.602718,3.526231,0.951323,,,0.116335,0.003878,69,onset + benchmark
69 / other / onset + benchmark,other,37.0,0.0,0.0,,0.785804,0.744186,0.96875,0.903226,1.0,0.0,4.580156,0.398271,3.42891,0.859388,,,0.785804,0.860465,0.972973,0.916667,1.0,0.0,4.734051,0.543626,3.501941,0.95241,,,0.0,0.0,69,onset + benchmark
69 / mixed / onset + benchmark,mixed,372.5,0.150851,0.00311,0.5,0.783802,0.642857,0.953704,0.838188,1.0,0.374517,4.63448,0.501125,3.393916,0.866035,3.579643,1.016212,0.783802,0.742063,0.965241,0.905817,1.0,0.006116,4.775404,0.590627,3.476173,0.9237,,,0.150851,0.00311,69,onset + benchmark
69 / lvo / speed + benchmark,lvo,38.5,0.439669,0.0,,0.883117,0.823529,0.95,0.945455,1.0,0.673077,4.449663,0.416303,2.70805,0.0,3.433807,1.231366,0.883117,0.882353,0.95,0.966667,1.0,0.0,4.525826,0.494584,2.70805,0.0,,,0.439669,0.0,69,speed + benchmark
69 / nlvo / speed + benchmark,nlvo,297.0,0.101563,0.003344,0.5,0.661616,0.600509,0.95,0.802691,1.0,0.335227,4.685701,0.522018,2.70805,0.0,3.651235,0.896172,0.661616,0.704835,0.95,0.890566,1.0,0.008475,4.834988,0.602718,2.70805,0.0,,,0.101563,0.003344,69,speed + benchmark
69 / other / speed + benchmark,other,37.0,0.0,0.0,,0.581081,0.744186,0.95,0.903226,1.0,0.0,4.580156,0.398271,2.70805,0.0,,,0.581081,0.860465,0.95,0.916667,1.0,0.0,4.734051,0.543626,2.70805,0.0,,,0.0,0.0,69,speed + benchmark
69 / mixed / speed + benchmark,mixed,372.5,0.129696,0.002642,0.5,0.67651,0.642857,0.95,0.838188,1.0,0.374517,4.63448,0.501125,2.70805,0.0,3.579643,1.016212,0.67651,0.742063,0.95,0.905817,1.0,0.006116,4.775404,0.590627,2.70805,0.0,,,0.129696,0.002642,69,speed + benchmark
69 / lvo / speed + onset,lvo,38.5,0.339174,0.0,,0.883117,0.823529,0.95,0.945455,1.0,0.519231,4.449663,0.416303,2.70805,0.0,3.433807,1.231366,0.883117,0.882353,0.95,0.966667,1.0,0.0,4.525826,0.494584,2.70805,0.0,,,0.339174,0.0,69,speed + onset
69 / nlvo / speed + onset,nlvo,297.0,0.107205,0.003851,0.5,0.761925,0.600509,0.95,0.802691,1.0,0.307263,4.685701,0.522018,2.70805,0.0,3.651235,0.896172,0.761925,0.704835,0.95,0.890566,1.0,0.008475,4.834988,0.602718,2.70805,0.0,,,0.107205,0.003851,69,speed + onset
69 / other / speed + onset,other,37.0,0.0,0.0,,0.785804,0.744186,0.95,0.903226,1.0,0.0,4.580156,0.398271,2.70805,0.0,,,0.785804,0.860465,0.95,0.916667,1.0,0.0,4.734051,0.543626,2.70805,0.0,,,0.0,0.0,69,speed + onset
69 / mixed / speed + onset,mixed,372.5,0.127028,0.003061,0.5,0.783802,0.642857,0.95,0.838188,1.0,0.316602,4.63448,0.501125,2.70805,0.0,3.579643,1.016212,0.783802,0.742063,0.95,0.905817,1.0,0.006116,4.775404,0.590627,2.70805,0.0,,,0.127028,0.003061,69,speed + onset
69 / lvo / speed + onset + benchmark,lvo,38.5,0.439669,0.0,,0.883117,0.823529,0.95,0.945455,1.0,0.673077,4.449663,0.416303,2.70805,0.0,3.433807,1.231366,0.883117,0.882353,0.95,0.966667,1.0,0.0,4.525826,0.494584,2.70805,0.0,,,0.439669,0.0,69,speed + onset + benchmark
69 / nlvo / speed + onset + benchmark,nlvo,297.0,0.116962,0.003851,0.5,0.761925,0.600509,0.95,0.802691,1.0,0.335227,4.685701,0.522018,2.70805,0.0,3.651235,0.896172,0.761925,0.704835,0.95,0.890566,1.0,0.008475,4.834988,0.602718,2.70805,0.0,,,0.116962,0.003851,69,speed + onset + benchmark
69 / other / speed + onset + benchmark,other,37.0,0.0,0.0,,0.785804,0.744186,0.95,0.903226,1.0,0.0,4.580156,0.398271,2.70805,0.0,,,0.785804,0.860465,0.95,0.916667,1.0,0.0,4.734051,0.543626,2.70805,0.0,,,0.0,0.0,69,speed + onset + benchmark
69 / mixed / speed + onset + benchmark,mixed,372.5,0.150265,0.003061,0.5,0.783802,0.642857,0.95,0.838188,1.0,0.374517,4.63448,0.501125,2.70805,0.0,3.579643,1.016212,0.783802,0.742063,0.95,0.905817,1.0,0.006116,4.775404,0.590627,2.70805,0.0,,,0.150265,0.003061,69,speed + onset + benchmark
70 / lvo / base,lvo,128.0,0.320312,0.027344,1.0,0.851562,0.807339,0.9375,0.909091,1.0,0.513333,4.548043,0.559455,3.373186,0.708484,3.576642,0.619093,0.851562,0.880734,0.963542,0.92973,1.0,0.040698,4.639964,0.617183,3.494928,0.824683,,,0.300781,0.027344,70,base
70 / nlvo / base,nlvo,646.5,0.081206,0.001547,1.0,0.799691,0.477756,0.908907,0.759465,1.0,0.296188,4.679992,0.544267,3.850683,0.83601,3.72131,0.481227,0.799691,0.582205,0.958472,0.797227,1.0,0.004348,4.863178,0.632008,4.069109,0.932465,,,0.078113,0.001547,70,base
70 / other / base,other,110.0,0.0,0.0,,0.777273,0.719298,0.95122,0.82906,1.0,0.0,4.539354,0.595387,3.72489,0.78907,,,0.777273,0.789474,0.977778,0.916667,1.0,0.0,4.637549,0.65052,3.796693,0.855966,,,0.0,0.0,70,base
70 / mixed / base,mixed,884.5,0.105709,0.005088,1.0,0.804409,0.557273,0.921816,0.804378,1.0,0.302721,4.628893,0.559002,3.72277,0.823598,3.658729,0.548245,0.804409,0.652846,0.962325,0.842282,1.0,0.011952,4.784257,0.640054,3.910068,0.928654,,,0.100622,0.005088,70,base
70 / lvo / benchmark,lvo,128.0,0.371093,0.027344,1.0,0.851562,0.807339,0.9375,0.909091,1.0,0.633333,4.548043,0.559455,3.373186,0.708484,3.576642,0.619093,0.851562,0.880734,0.963542,0.92973,1.0,0.040698,4.639964,0.617183,3.494928,0.824683,,,0.371093,0.027344,70,benchmark
70 / nlvo / benchmark,nlvo,646.5,0.096192,0.001547,1.0,0.799691,0.477756,0.908907,0.759465,1.0,0.364742,4.679992,0.544267,3.850683,0.83601,3.72131,0.481227,0.799691,0.582205,0.958472,0.797227,1.0,0.004348,4.863178,0.632008,4.069109,0.932465,,,0.096192,0.001547,70,benchmark
70 / other / benchmark,other,110.0,0.0,0.0,,0.777273,0.719298,0.95122,0.82906,1.0,0.0,4.539354,0.595387,3.72489,0.78907,,,0.777273,0.789474,0.977778,0.916667,1.0,0.0,4.637549,0.65052,3.796693,0.855966,,,0.0,0.0,70,benchmark
70 / mixed / benchmark,mixed,884.5,0.12719,0.005088,1.0,0.804409,0.557273,0.921816,0.804378,1.0,0.382653,4.628893,0.559002,3.72277,0.823598,3.658729,0.548245,0.804409,0.652846,0.962325,0.842282,1.0,0.011952,4.784257,0.640054,3.910068,0.928654,,,0.12719,0.005088,70,benchmark
70 / lvo / onset,lvo,128.0,0.300781,0.027344,1.0,0.851562,0.807339,0.9375,0.909091,1.0,0.513333,4.548043,0.559455,3.373186,0.708484,3.576642,0.619093,0.851562,0.880734,0.963542,0.92973,1.0,0.040698,4.639964,0.617183,3.494928,0.824683,,,0.300781,0.027344,70,onset
70 / nlvo / onset,nlvo,646.5,0.078113,0.001547,1.0,0.799691,0.477756,0.908907,0.759465,1.0,0.296188,4.679992,0.544267,3.850683,0.83601,3.72131,0.481227,0.799691,0.582205,0.958472,0.797227,1.0,0.004348,4.863178,0.632008,4.069109,0.932465,,,0.078113,0.001547,70,onset
70 / other / onset,other,110.0,0.0,0.0,,0.785804,0.719298,0.95122,0.82906,1.0,0.0,4.539354,0.595387,3.72489,0.78907,,,0.785804,0.789474,0.977778,0.916667,1.0,0.0,4.637549,0.65052,3.796693,0.855966,,,0.0,0.0,70,onset
70 / mixed / onset,mixed,884.5,0.100622,0.005088,1.0,0.804409,0.557273,0.921816,0.804378,1.0,0.302721,4.628893,0.559002,3.72277,0.823598,3.658729,0.548245,0.804409,0.652846,0.962325,0.842282,1.0,0.011952,4.784257,0.640054,3.910068,0.928654,,,0.100622,0.005088,70,onset
70 / lvo / speed,lvo,128.0,0.304791,0.02696,1.0,0.851562,0.807339,0.95,0.909091,1.0,0.513333,4.548043,0.559455,2.70805,0.0,3.576642,0.619093,0.851562,0.880734,0.95,0.92973,1.0,0.040698,4.639964,0.617183,2.70805,0.0,,,0.304791,0.02696,70,speed
70 / nlvo / speed,nlvo,646.5,0.081645,0.001533,1.0,0.799691,0.477756,0.95,0.759465,1.0,0.296188,4.679992,0.544267,2.70805,0.0,3.72131,0.481227,0.799691,0.582205,0.95,0.797227,1.0,0.004348,4.863178,0.632008,2.70805,0.0,,,0.081645,0.001533,70,speed
70 / other / speed,other,110.0,0.0,0.0,,0.777273,0.719298,0.95,0.82906,1.0,0.0,4.539354,0.595387,2.70805,0.0,,,0.777273,0.789474,0.95,0.916667,1.0,0.0,4.637549,0.65052,2.70805,0.0,,,0.0,0.0,70,speed
70 / mixed / speed,mixed,884.5,0.103698,0.005022,1.0,0.804409,0.557273,0.95,0.804378,1.0,0.302721,4.628893,0.559002,2.70805,0.0,3.658729,0.548245,0.804409,0.652846,0.95,0.842282,1.0,0.011952,4.784257,0.640054,2.70805,0.0,,,0.103698,0.005022,70,speed
70 / lvo / onset + benchmark,lvo,128.0,0.371093,0.027344,1.0,0.851562,0.807339,0.9375,0.909091,1.0,0.633333,4.548043,0.559455,3.373186,0.708484,3.576642,0.619093,0.851562,0.880734,0.963542,0.92973,1.0,0.040698,4.639964,0.617183,3.494928,0.824683,,,0.371093,0.027344,70,onset + benchmark
70 / nlvo / onset + benchmark,nlvo,646.5,0.096192,0.001547,1.0,0.799691,0.477756,0.908907,0.759465,1.0,0.364742,4.679992,0.544267,3.850683,0.83601,3.72131,0.481227,0.799691,0.582205,0.958472,0.797227,1.0,0.004348,4.863178,0.632008,4.069109,0.932465,,,0.096192,0.001547,70,onset + benchmark
70 / other / onset + benchmark,other,110.0,0.0,0.0,,0.785804,0.719298,0.95122,0.82906,1.0,0.0,4.539354,0.595387,3.72489,0.78907,,,0.785804,0.789474,0.977778,0.916667,1.0,0.0,4.637549,0.65052,3.796693,0.855966,,,0.0,0.0,70,onset + benchmark
70 / mixed / onset + benchmark,mixed,884.5,0.12719,0.005088,1.0,0.804409,0.557273,0.921816,0.804378,1.0,0.382653,4.628893,0.559002,3.72277,0.823598,3.658729,0.548245,0.804409,0.652846,0.962325,0.842282,1.0,0.011952,4.784257,0.640054,3.910068,0.928654,,,0.12719,0.005088,70,onset + benchmark
70 / lvo / speed + benchmark,lvo,128.0,0.376041,0.02696,1.0,0.851562,0.807339,0.95,0.909091,1.0,0.633333,4.548043,0.559455,2.70805,0.0,3.576642,0.619093,0.851562,0.880734,0.95,0.92973,1.0,0.040698,4.639964,0.617183,2.70805,0.0,,,0.376041,0.02696,70,speed + benchmark
70 / nlvo / speed + benchmark,nlvo,646.5,0.100541,0.001533,1.0,0.799691,0.477756,0.95,0.759465,1.0,0.364742,4.679992,0.544267,2.70805,0.0,3.72131,0.481227,0.799691,0.582205,0.95,0.797227,1.0,0.004348,4.863178,0.632008,2.70805,0.0,,,0.100541,0.001533,70,speed + benchmark
70 / other / speed + benchmark,other,110.0,0.0,0.0,,0.777273,0.719298,0.95,0.82906,1.0,0.0,4.539354,0.595387,2.70805,0.0,,,0.777273,0.789474,0.95,0.916667,1.0,0.0,4.637549,0.65052,2.70805,0.0,,,0.0,0.0,70,speed + benchmark
70 / mixed / speed + benchmark,mixed,884.5,0.131079,0.005022,1.0,0.804409,0.557273,0.95,0.804378,1.0,0.382653,4.628893,0.559002,2.70805,0.0,3.658729,0.548245,0.804409,0.652846,0.95,0.842282,1.0,0.011952,4.784257,0.640054,2.70805,0.0,,,0.131079,0.005022,70,speed + benchmark
70 / lvo / speed + onset,lvo,128.0,0.304791,0.02696,1.0,0.851562,0.807339,0.95,0.909091,1.0,0.513333,4.548043,0.559455,2.70805,0.0,3.576642,0.619093,0.851562,0.880734,0.95,0.92973,1.0,0.040698,4.639964,0.617183,2.70805,0.0,,,0.304791,0.02696,70,speed + onset
70 / nlvo / speed + onset,nlvo,646.5,0.081645,0.001533,1.0,0.799691,0.477756,0.95,0.759465,1.0,0.296188,4.679992,0.544267,2.70805,0.0,3.72131,0.481227,0.799691,0.582205,0.95,0.797227,1.0,0.004348,4.863178,0.632008,2.70805,0.0,,,0.081645,0.001533,70,speed + onset
70 / other / speed + onset,other,110.0,0.0,0.0,,0.785804,0.719298,0.95,0.82906,1.0,0.0,4.539354,0.595387,2.70805,0.0,,,0.785804,0.789474,0.95,0.916667,1.0,0.0,4.637549,0.65052,2.70805,0.0,,,0.0,0.0,70,speed + onset
70 / mixed / speed + onset,mixed,884.5,0.103698,0.005022,1.0,0.804409,0.557273,0.95,0.804378,1.0,0.302721,4.628893,0.559002,2.70805,0.0,3.658729,0.548245,0.804409,0.652846,0.95,0.842282,1.0,0.011952,4.784257,0.640054,2.70805,0.0,,,0.103698,0.005022,70,speed + onset
70 / lvo / speed + onset + benchmark,lvo,128.0,0.376041,0.02696,1.0,0.851562,0.807339,0.95,0.909091,1.0,0.633333,4.548043,0.559455,2.70805,0.0,3.576642,0.619093,0.851562,0.880734,0.95,0.92973,1.0,0.040698,4.639964,0.617183,2.70805,0.0,,,0.376041,0.02696,70,speed + onset + benchmark
70 / nlvo / speed + onset + benchmark,nlvo,646.5,0.100541,0.001533,1.0,0.799691,0.477756,0.95,0.759465,1.0,0.364742,4.679992,0.544267,2.70805,0.0,3.72131,0.481227,0.799691,0.582205,0.95,0.797227,1.0,0.004348,4.863178,0.632008,2.70805,0.0,,,0.100541,0.001533,70,speed + onset + benchmark
70 / other / speed + onset + benchmark,other,110.0,0.0,0.0,,0.785804,0.719298,0.95,0.82906,1.0,0.0,4.539354,0.595387,2.70805,0.0,,,0.785804,0.789474,0.95,0.916667,1.0,0.0,4.637549,0.65052,2.70805,0.0,,,0.0,0.0,70,speed + onset + benchmark
70 / mixed / speed + onset + benchmark,mixed,884.5,0.131079,0.005022,1.0,0.804409,0.557273,0.95,0.804378,1.0,0.382653,4.628893,0.559002,2.70805,0.0,3.658729,0.548245,0.804409,0.652846,0.95,0.842282,1.0,0.011952,4.784257,0.640054,2.70805,0.0,,,0.131079,0.005022,70,speed + onset + benchmark
71 / lvo / base,lvo,120.0,0.541667,0.079167,1.0,0.825,0.833333,0.993939,0.987805,1.0,0.796296,4.410558,0.563638,2.736896,0.691942,2.640979,0.952293,0.825,0.883838,0.994286,0.988506,1.0,0.110465,4.487283,0.630823,2.756373,0.706977,5.180572,0.28926,0.537499,0.079167,71,base
71 / nlvo / base,nlvo,425.5,0.206816,0.00235,1.0,0.815511,0.51585,0.955307,0.938596,1.0,0.52648,4.611287,0.573395,2.882799,0.731999,2.69252,0.956081,0.815511,0.622478,0.967593,0.889952,1.0,0.005376,4.79227,0.658725,3.09207,0.984084,,,0.19859,0.00235,71,base
71 / other / base,other,82.0,0.0,0.0,,0.823171,0.688889,0.956989,0.921348,1.0,0.0,4.469987,0.4316,2.865451,0.882945,,,0.823171,0.755556,0.970588,0.949495,1.0,0.0,4.573778,0.532216,2.957839,0.949017,,,0.0,0.0,71,base
71 / mixed / base,mixed,627.5,0.243825,0.016733,1.0,0.818327,0.599805,0.965909,0.94958,1.0,0.527434,4.536188,0.558226,2.839989,0.747373,2.670209,0.95318,0.818327,0.69036,0.974612,0.9233,1.0,0.032915,4.685558,0.648708,2.988307,0.926669,5.240525,0.382855,0.23745,0.016733,71,base
71 / lvo / benchmark,lvo,120.0,0.475,0.079167,1.0,0.825,0.833333,0.993939,0.987805,1.0,0.703704,4.410558,0.563638,2.736896,0.691942,2.640979,0.952293,0.825,0.883838,0.994286,0.988506,1.0,0.110465,4.487283,0.630823,2.756373,0.706977,5.180572,0.28926,0.475,0.079167,71,benchmark
71 / nlvo / benchmark,nlvo,425.5,0.194241,0.00235,1.0,0.815511,0.51585,0.955307,0.938596,1.0,0.51495,4.611287,0.573395,2.882799,0.731999,2.69252,0.956081,0.815511,0.622478,0.967593,0.889952,1.0,0.005376,4.79227,0.658725,3.09207,0.984084,,,0.194241,0.00235,71,benchmark
71 / other / benchmark,other,82.0,0.0,0.0,,0.823171,0.688889,0.956989,0.921348,1.0,0.0,4.469987,0.4316,2.865451,0.882945,,,0.823171,0.755556,0.970588,0.949495,1.0,0.0,4.573778,0.532216,2.957839,0.949017,,,0.0,0.0,71,benchmark
71 / mixed / benchmark,mixed,627.5,0.225498,0.016733,1.0,0.818327,0.599805,0.965909,0.94958,1.0,0.500885,4.536188,0.558226,2.839989,0.747373,2.670209,0.95318,0.818327,0.69036,0.974612,0.9233,1.0,0.032915,4.685558,0.648708,2.988307,0.926669,5.240525,0.382855,0.225498,0.016733,71,benchmark
71 / lvo / onset,lvo,120.0,0.540022,0.079538,1.0,0.828872,0.833333,0.993939,0.987805,1.0,0.796296,4.410558,0.563638,2.736896,0.691942,2.640979,0.952293,0.828872,0.883838,0.994286,0.988506,1.0,0.110465,4.487283,0.630823,2.756373,0.706977,5.180572,0.28926,0.540022,0.079538,71,onset
71 / nlvo / onset,nlvo,425.5,0.19859,0.00235,1.0,0.815511,0.51585,0.955307,0.938596,1.0,0.52648,4.611287,0.573395,2.882799,0.731999,2.69252,0.956081,0.815511,0.622478,0.967593,0.889952,1.0,0.005376,4.79227,0.658725,3.09207,0.984084,,,0.19859,0.00235,71,onset
71 / other / onset,other,82.0,0.0,0.0,,0.823171,0.688889,0.956989,0.921348,1.0,0.0,4.469987,0.4316,2.865451,0.882945,,,0.823171,0.755556,0.970588,0.949495,1.0,0.0,4.573778,0.532216,2.957839,0.949017,,,0.0,0.0,71,onset
71 / mixed / onset,mixed,627.5,0.23745,0.016733,1.0,0.818327,0.599805,0.965909,0.94958,1.0,0.527434,4.536188,0.558226,2.839989,0.747373,2.670209,0.95318,0.818327,0.69036,0.974612,0.9233,1.0,0.032915,4.685558,0.648708,2.988307,0.926669,5.240525,0.382855,0.23745,0.016733,71,onset
71 / lvo / speed,lvo,120.0,0.513738,0.07564,1.0,0.825,0.833333,0.95,0.987805,1.0,0.796296,4.410558,0.563638,2.70805,0.0,2.640979,0.952293,0.825,0.883838,0.95,0.988506,1.0,0.110465,4.487283,0.630823,2.70805,0.0,5.180572,0.28926,0.513738,0.07564,71,speed
71 / nlvo / speed,nlvo,425.5,0.197487,0.002307,1.0,0.815511,0.51585,0.95,0.938596,1.0,0.52648,4.611287,0.573395,2.70805,0.0,2.69252,0.956081,0.815511,0.622478,0.95,0.889952,1.0,0.005376,4.79227,0.658725,2.70805,0.0,,,0.197487,0.002307,71,speed
71 / other / speed,other,82.0,0.0,0.0,,0.823171,0.688889,0.95,0.921348,1.0,0.0,4.469987,0.4316,2.70805,0.0,,,0.823171,0.755556,0.95,0.949495,1.0,0.0,4.573778,0.532216,2.70805,0.0,,,0.0,0.0,71,speed
71 / mixed / speed,mixed,627.5,0.233539,0.01631,1.0,0.818327,0.599805,0.95,0.94958,1.0,0.527434,4.536188,0.558226,2.70805,0.0,2.670209,0.95318,0.818327,0.69036,0.95,0.9233,1.0,0.032915,4.685558,0.648708,2.70805,0.0,5.240525,0.382855,0.233539,0.01631,71,speed
71 / lvo / onset + benchmark,lvo,120.0,0.477229,0.079538,1.0,0.828872,0.833333,0.993939,0.987805,1.0,0.703704,4.410558,0.563638,2.736896,0.691942,2.640979,0.952293,0.828872,0.883838,0.994286,0.988506,1.0,0.110465,4.487283,0.630823,2.756373,0.706977,5.180572,0.28926,0.477229,0.079538,71,onset + benchmark
71 / nlvo / onset + benchmark,nlvo,425.5,0.194241,0.00235,1.0,0.815511,0.51585,0.955307,0.938596,1.0,0.51495,4.611287,0.573395,2.882799,0.731999,2.69252,0.956081,0.815511,0.622478,0.967593,0.889952,1.0,0.005376,4.79227,0.658725,3.09207,0.984084,,,0.194241,0.00235,71,onset + benchmark
71 / other / onset + benchmark,other,82.0,0.0,0.0,,0.823171,0.688889,0.956989,0.921348,1.0,0.0,4.469987,0.4316,2.865451,0.882945,,,0.823171,0.755556,0.970588,0.949495,1.0,0.0,4.573778,0.532216,2.957839,0.949017,,,0.0,0.0,71,onset + benchmark
71 / mixed / onset + benchmark,mixed,627.5,0.225498,0.016733,1.0,0.818327,0.599805,0.965909,0.94958,1.0,0.500885,4.536188,0.558226,2.839989,0.747373,2.670209,0.95318,0.818327,0.69036,0.974612,0.9233,1.0,0.032915,4.685558,0.648708,2.988307,0.926669,5.240525,0.382855,0.225498,0.016733,71,onset + benchmark
71 / lvo / speed + benchmark,lvo,120.0,0.454001,0.07564,1.0,0.825,0.833333,0.95,0.987805,1.0,0.703704,4.410558,0.563638,2.70805,0.0,2.640979,0.952293,0.825,0.883838,0.95,0.988506,1.0,0.110465,4.487283,0.630823,2.70805,0.0,5.180572,0.28926,0.454001,0.07564,71,speed + benchmark
71 / nlvo / speed + benchmark,nlvo,425.5,0.193162,0.002307,1.0,0.815511,0.51585,0.95,0.938596,1.0,0.51495,4.611287,0.573395,2.70805,0.0,2.69252,0.956081,0.815511,0.622478,0.95,0.889952,1.0,0.005376,4.79227,0.658725,2.70805,0.0,,,0.193162,0.002307,71,speed + benchmark
71 / other / speed + benchmark,other,82.0,0.0,0.0,,0.823171,0.688889,0.95,0.921348,1.0,0.0,4.469987,0.4316,2.70805,0.0,,,0.823171,0.755556,0.95,0.949495,1.0,0.0,4.573778,0.532216,2.70805,0.0,,,0.0,0.0,71,speed + benchmark
71 / mixed / speed + benchmark,mixed,627.5,0.221784,0.01631,1.0,0.818327,0.599805,0.95,0.94958,1.0,0.500885,4.536188,0.558226,2.70805,0.0,2.670209,0.95318,0.818327,0.69036,0.95,0.9233,1.0,0.032915,4.685558,0.648708,2.70805,0.0,5.240525,0.382855,0.221784,0.01631,71,speed + benchmark
71 / lvo / speed + onset,lvo,120.0,0.516149,0.075995,1.0,0.828872,0.833333,0.95,0.987805,1.0,0.796296,4.410558,0.563638,2.70805,0.0,2.640979,0.952293,0.828872,0.883838,0.95,0.988506,1.0,0.110465,4.487283,0.630823,2.70805,0.0,5.180572,0.28926,0.516149,0.075995,71,speed + onset
71 / nlvo / speed + onset,nlvo,425.5,0.197487,0.002307,1.0,0.815511,0.51585,0.95,0.938596,1.0,0.52648,4.611287,0.573395,2.70805,0.0,2.69252,0.956081,0.815511,0.622478,0.95,0.889952,1.0,0.005376,4.79227,0.658725,2.70805,0.0,,,0.197487,0.002307,71,speed + onset
71 / other / speed + onset,other,82.0,0.0,0.0,,0.823171,0.688889,0.95,0.921348,1.0,0.0,4.469987,0.4316,2.70805,0.0,,,0.823171,0.755556,0.95,0.949495,1.0,0.0,4.573778,0.532216,2.70805,0.0,,,0.0,0.0,71,speed + onset
71 / mixed / speed + onset,mixed,627.5,0.233539,0.01631,1.0,0.818327,0.599805,0.95,0.94958,1.0,0.527434,4.536188,0.558226,2.70805,0.0,2.670209,0.95318,0.818327,0.69036,0.95,0.9233,1.0,0.032915,4.685558,0.648708,2.70805,0.0,5.240525,0.382855,0.233539,0.01631,71,speed + onset
71 / lvo / speed + onset + benchmark,lvo,120.0,0.456132,0.075995,1.0,0.828872,0.833333,0.95,0.987805,1.0,0.703704,4.410558,0.563638,2.70805,0.0,2.640979,0.952293,0.828872,0.883838,0.95,0.988506,1.0,0.110465,4.487283,0.630823,2.70805,0.0,5.180572,0.28926,0.456132,0.075995,71,speed + onset + benchmark
71 / nlvo / speed + onset + benchmark,nlvo,425.5,0.193162,0.002307,1.0,0.815511,0.51585,0.95,0.938596,1.0,0.51495,4.611287,0.573395,2.70805,0.0,2.69252,0.956081,0.815511,0.622478,0.95,0.889952,1.0,0.005376,4.79227,0.658725,2.70805,0.0,,,0.193162,0.002307,71,speed + onset + benchmark
71 / other / speed + onset + benchmark,other,82.0,0.0,0.0,,0.823171,0.688889,0.95,0.921348,1.0,0.0,4.469987,0.4316,2.70805,0.0,,,0.823171,0.755556,0.95,0.949495,1.0,0.0,4.573778,0.532216,2.70805,0.0,,,0.0,0.0,71,speed + onset + benchmark
71 / mixed / speed + onset + benchmark,mixed,627.5,0.221784,0.01631,1.0,0.818327,0.599805,0.95,0.94958,1.0,0.500885,4.536188,0.558226,2.70805,0.0,2.670209,0.95318,0.818327,0.69036,0.95,0.9233,1.0,0.032915,4.685558,0.648708,2.70805,0.0,5.240525,0.382855,0.221784,0.01631,71,speed + onset + benchmark
72 / lvo / base,lvo,61.5,0.365854,0.01626,1.0,0.926829,0.649123,0.959459,0.915493,1.0,0.646154,4.700654,0.598037,3.23315,0.722388,3.51648,0.863783,0.926829,0.754386,0.965116,0.927711,1.0,0.025974,4.841765,0.658342,3.304022,0.84196,,,0.341463,0.01626,72,base
72 / nlvo / base,nlvo,296.0,0.199324,0.0,,0.876689,0.423892,0.959091,0.843602,1.0,0.606742,4.734915,0.572707,3.479347,0.741069,3.645197,0.42051,0.876689,0.541426,0.975089,0.843066,1.0,0.0,4.941318,0.643761,3.712806,0.902234,,,0.182433,0.0,72,base
72 / other / base,other,53.5,0.0,0.0,,0.897196,0.541667,0.961538,0.9,1.0,0.0,4.813648,0.459374,3.389128,0.703277,,,0.897196,0.729167,0.971429,0.852941,1.0,0.0,5.036109,0.552576,3.665768,0.887666,,,0.0,0.0,72,base
72 / mixed / base,mixed,411.0,0.198297,0.002433,1.0,0.886861,0.474623,0.959538,0.86747,1.0,0.520833,4.73942,0.562353,3.413109,0.736093,3.609156,0.579358,0.886861,0.599451,0.97254,0.861176,1.0,0.005464,4.93691,0.634305,3.625447,0.900639,,,0.182482,0.002433,72,base
72 / lvo / benchmark,lvo,61.5,0.390244,0.01626,1.0,0.926829,0.649123,0.959459,0.915493,1.0,0.738462,4.700654,0.598037,3.23315,0.722388,3.51648,0.863783,0.926829,0.754386,0.965116,0.927711,1.0,0.025974,4.841765,0.658342,3.304022,0.84196,,,0.390244,0.01626,72,benchmark
72 / nlvo / benchmark,nlvo,296.0,0.154786,0.0,,0.876689,0.423892,0.959091,0.843602,1.0,0.514793,4.734915,0.572707,3.479347,0.741069,3.645197,0.42051,0.876689,0.541426,0.975089,0.843066,1.0,0.0,4.941318,0.643761,3.712806,0.902234,,,0.154786,0.0,72,benchmark
72 / other / benchmark,other,53.5,0.0,0.0,,0.897196,0.541667,0.961538,0.9,1.0,0.0,4.813648,0.459374,3.389128,0.703277,,,0.897196,0.729167,0.971429,0.852941,1.0,0.0,5.036109,0.552576,3.665768,0.887666,,,0.0,0.0,72,benchmark
72 / mixed / benchmark,mixed,411.0,0.171533,0.002433,1.0,0.886861,0.474623,0.959538,0.86747,1.0,0.489583,4.73942,0.562353,3.413109,0.736093,3.609156,0.579358,0.886861,0.599451,0.97254,0.861176,1.0,0.005464,4.93691,0.634305,3.625447,0.900639,,,0.171533,0.002433,72,benchmark
72 / lvo / onset,lvo,61.5,0.341463,0.01626,1.0,0.926829,0.649123,0.959459,0.915493,1.0,0.646154,4.700654,0.598037,3.23315,0.722388,3.51648,0.863783,0.926829,0.754386,0.965116,0.927711,1.0,0.025974,4.841765,0.658342,3.304022,0.84196,,,0.341463,0.01626,72,onset
72 / nlvo / onset,nlvo,296.0,0.182433,0.0,,0.876689,0.423892,0.959091,0.843602,1.0,0.606742,4.734915,0.572707,3.479347,0.741069,3.645197,0.42051,0.876689,0.541426,0.975089,0.843066,1.0,0.0,4.941318,0.643761,3.712806,0.902234,,,0.182433,0.0,72,onset
72 / other / onset,other,53.5,0.0,0.0,,0.897196,0.541667,0.961538,0.9,1.0,0.0,4.813648,0.459374,3.389128,0.703277,,,0.897196,0.729167,0.971429,0.852941,1.0,0.0,5.036109,0.552576,3.665768,0.887666,,,0.0,0.0,72,onset
72 / mixed / onset,mixed,411.0,0.182482,0.002433,1.0,0.886861,0.474623,0.959538,0.86747,1.0,0.520833,4.73942,0.562353,3.413109,0.736093,3.609156,0.579358,0.886861,0.599451,0.97254,0.861176,1.0,0.005464,4.93691,0.634305,3.625447,0.900639,,,0.182482,0.002433,72,onset
72 / lvo / speed,lvo,61.5,0.338097,0.016005,1.0,0.926829,0.649123,0.95,0.915493,1.0,0.646154,4.700654,0.598037,2.70805,0.0,3.51648,0.863783,0.926829,0.754386,0.95,0.927711,1.0,0.025974,4.841765,0.658342,2.70805,0.0,,,0.338097,0.016005,72,speed
72 / nlvo / speed,nlvo,296.0,0.180703,0.0,,0.876689,0.423892,0.95,0.843602,1.0,0.606742,4.734915,0.572707,2.70805,0.0,3.645197,0.42051,0.876689,0.541426,0.95,0.843066,1.0,0.0,4.941318,0.643761,2.70805,0.0,,,0.180703,0.0,72,speed
72 / other / speed,other,53.5,0.0,0.0,,0.897196,0.541667,0.95,0.9,1.0,0.0,4.813648,0.459374,2.70805,0.0,,,0.897196,0.729167,0.95,0.852941,1.0,0.0,5.036109,0.552576,2.70805,0.0,,,0.0,0.0,72,speed
72 / mixed / speed,mixed,411.0,0.180668,0.002376,1.0,0.886861,0.474623,0.95,0.86747,1.0,0.520833,4.73942,0.562353,2.70805,0.0,3.609156,0.579358,0.886861,0.599451,0.95,0.861176,1.0,0.005464,4.93691,0.634305,2.70805,0.0,,,0.180668,0.002376,72,speed
72 / lvo / onset + benchmark,lvo,61.5,0.390244,0.01626,1.0,0.926829,0.649123,0.959459,0.915493,1.0,0.738462,4.700654,0.598037,3.23315,0.722388,3.51648,0.863783,0.926829,0.754386,0.965116,0.927711,1.0,0.025974,4.841765,0.658342,3.304022,0.84196,,,0.390244,0.01626,72,onset + benchmark
72 / nlvo / onset + benchmark,nlvo,296.0,0.154786,0.0,,0.876689,0.423892,0.959091,0.843602,1.0,0.514793,4.734915,0.572707,3.479347,0.741069,3.645197,0.42051,0.876689,0.541426,0.975089,0.843066,1.0,0.0,4.941318,0.643761,3.712806,0.902234,,,0.154786,0.0,72,onset + benchmark
72 / other / onset + benchmark,other,53.5,0.0,0.0,,0.897196,0.541667,0.961538,0.9,1.0,0.0,4.813648,0.459374,3.389128,0.703277,,,0.897196,0.729167,0.971429,0.852941,1.0,0.0,5.036109,0.552576,3.665768,0.887666,,,0.0,0.0,72,onset + benchmark
72 / mixed / onset + benchmark,mixed,411.0,0.171533,0.002433,1.0,0.886861,0.474623,0.959538,0.86747,1.0,0.489583,4.73942,0.562353,3.413109,0.736093,3.609156,0.579358,0.886861,0.599451,0.97254,0.861176,1.0,0.005464,4.93691,0.634305,3.625447,0.900639,,,0.171533,0.002433,72,onset + benchmark
72 / lvo / speed + benchmark,lvo,61.5,0.386396,0.016005,1.0,0.926829,0.649123,0.95,0.915493,1.0,0.738462,4.700654,0.598037,2.70805,0.0,3.51648,0.863783,0.926829,0.754386,0.95,0.927711,1.0,0.025974,4.841765,0.658342,2.70805,0.0,,,0.386396,0.016005,72,speed + benchmark
72 / nlvo / speed + benchmark,nlvo,296.0,0.153318,0.0,,0.876689,0.423892,0.95,0.843602,1.0,0.514793,4.734915,0.572707,2.70805,0.0,3.645197,0.42051,0.876689,0.541426,0.95,0.843066,1.0,0.0,4.941318,0.643761,2.70805,0.0,,,0.153318,0.0,72,speed + benchmark
72 / other / speed + benchmark,other,53.5,0.0,0.0,,0.897196,0.541667,0.95,0.9,1.0,0.0,4.813648,0.459374,2.70805,0.0,,,0.897196,0.729167,0.95,0.852941,1.0,0.0,5.036109,0.552576,2.70805,0.0,,,0.0,0.0,72,speed + benchmark
72 / mixed / speed + benchmark,mixed,411.0,0.169828,0.002376,1.0,0.886861,0.474623,0.95,0.86747,1.0,0.489583,4.73942,0.562353,2.70805,0.0,3.609156,0.579358,0.886861,0.599451,0.95,0.861176,1.0,0.005464,4.93691,0.634305,2.70805,0.0,,,0.169828,0.002376,72,speed + benchmark
72 / lvo / speed + onset,lvo,61.5,0.338097,0.016005,1.0,0.926829,0.649123,0.95,0.915493,1.0,0.646154,4.700654,0.598037,2.70805,0.0,3.51648,0.863783,0.926829,0.754386,0.95,0.927711,1.0,0.025974,4.841765,0.658342,2.70805,0.0,,,0.338097,0.016005,72,speed + onset
72 / nlvo / speed + onset,nlvo,296.0,0.180703,0.0,,0.876689,0.423892,0.95,0.843602,1.0,0.606742,4.734915,0.572707,2.70805,0.0,3.645197,0.42051,0.876689,0.541426,0.95,0.843066,1.0,0.0,4.941318,0.643761,2.70805,0.0,,,0.180703,0.0,72,speed + onset
72 / other / speed + onset,other,53.5,0.0,0.0,,0.897196,0.541667,0.95,0.9,1.0,0.0,4.813648,0.459374,2.70805,0.0,,,0.897196,0.729167,0.95,0.852941,1.0,0.0,5.036109,0.552576,2.70805,0.0,,,0.0,0.0,72,speed + onset
72 / mixed / speed + onset,mixed,411.0,0.180668,0.002376,1.0,0.886861,0.474623,0.95,0.86747,1.0,0.520833,4.73942,0.562353,2.70805,0.0,3.609156,0.579358,0.886861,0.599451,0.95,0.861176,1.0,0.005464,4.93691,0.634305,2.70805,0.0,,,0.180668,0.002376,72,speed + onset
72 / lvo / speed + onset + benchmark,lvo,61.5,0.386396,0.016005,1.0,0.926829,0.649123,0.95,0.915493,1.0,0.738462,4.700654,0.598037,2.70805,0.0,3.51648,0.863783,0.926829,0.754386,0.95,0.927711,1.0,0.025974,4.841765,0.658342,2.70805,0.0,,,0.386396,0.016005,72,speed + onset + benchmark
72 / nlvo / speed + onset + benchmark,nlvo,296.0,0.153318,0.0,,0.876689,0.423892,0.95,0.843602,1.0,0.514793,4.734915,0.572707,2.70805,0.0,3.645197,0.42051,0.876689,0.541426,0.95,0.843066,1.0,0.0,4.941318,0.643761,2.70805,0.0,,,0.153318,0.0,72,speed + onset + benchmark
72 / other / speed + onset + benchmark,other,53.5,0.0,0.0,,0.897196,0.541667,0.95,0.9,1.0,0.0,4.813648,0.459374,2.70805,0.0,,,0.897196,0.729167,0.95,0.852941,1.0,0.0,5.036109,0.552576,2.70805,0.0,,,0.0,0.0,72,speed + onset + benchmark
72 / mixed / speed + onset + benchmark,mixed,411.0,0.169828,0.002376,1.0,0.886861,0.474623,0.95,0.86747,1.0,0.489583,4.73942,0.562353,2.70805,0.0,3.609156,0.579358,0.886861,0.599451,0.95,0.861176,1.0,0.005464,4.93691,0.634305,2.70805,0.0,,,0.169828,0.002376,72,speed + onset + benchmark
73 / lvo / base,lvo,143.0,0.265734,0.192308,0.581818,0.611888,0.817143,0.986014,0.985816,1.0,0.532374,4.407464,0.536804,2.799388,1.126115,3.518703,0.573144,0.611888,0.874286,0.993464,0.953947,1.0,0.337931,4.493566,0.6138,2.885239,1.1672,4.893394,0.581879,0.258741,0.171329,73,base
73 / nlvo / base,nlvo,480.5,0.083247,0.009365,0.666667,0.536941,0.593023,0.918301,0.900356,1.0,0.3083,4.590115,0.481543,2.998177,1.285697,3.542969,0.505881,0.536941,0.672481,0.962536,0.898204,1.0,0.02,4.718346,0.574237,3.17119,1.415663,,,0.081165,0.006244,73,base
73 / other / base,other,95.0,0.0,0.0,,0.568421,0.694444,0.96,0.916667,1.0,0.0,4.529528,0.510156,2.929903,1.397159,,,0.568421,0.787037,0.976471,0.927711,1.0,0.0,4.668737,0.614415,3.078167,1.396236,,,0.0,0.0,73,base
73 / mixed / base,mixed,718.5,0.108559,0.044537,0.59375,0.556019,0.65582,0.942748,0.927126,1.0,0.331878,4.531598,0.506467,2.931487,1.260003,3.531155,0.538011,0.556019,0.732165,0.97265,0.917399,1.0,0.105364,4.652349,0.597456,3.081233,1.354103,4.977657,0.656381,0.105776,0.038274,73,base
73 / lvo / benchmark,lvo,143.0,0.328671,0.171329,0.581818,0.611888,0.817143,0.986014,0.985816,1.0,0.676259,4.407464,0.536804,2.799388,1.126115,3.518703,0.573144,0.611888,0.874286,0.993464,0.953947,1.0,0.337931,4.493566,0.6138,2.885239,1.1672,4.893394,0.581879,0.328671,0.171329,73,benchmark
73 / nlvo / benchmark,nlvo,480.5,0.107298,0.006244,0.666667,0.536941,0.593023,0.918301,0.900356,1.0,0.407563,4.590115,0.481543,2.998177,1.285697,3.542969,0.505881,0.536941,0.672481,0.962536,0.898204,1.0,0.02,4.718346,0.574237,3.17119,1.415663,,,0.107298,0.006244,73,benchmark
73 / other / benchmark,other,95.0,0.0,0.0,,0.568421,0.694444,0.96,0.916667,1.0,0.0,4.529528,0.510156,2.929903,1.397159,,,0.568421,0.787037,0.976471,0.927711,1.0,0.0,4.668737,0.614415,3.078167,1.396236,,,0.0,0.0,73,benchmark
73 / mixed / benchmark,mixed,718.5,0.140571,0.038274,0.59375,0.556019,0.65582,0.942748,0.927126,1.0,0.441048,4.531598,0.506467,2.931487,1.260003,3.531155,0.538011,0.556019,0.732165,0.97265,0.917399,1.0,0.105364,4.652349,0.597456,3.081233,1.354103,4.977657,0.656381,0.140571,0.038274,73,benchmark
73 / lvo / onset,lvo,143.0,0.350495,0.232084,0.581818,0.828872,0.817143,0.986014,0.985816,1.0,0.532374,4.407464,0.536804,2.799388,1.126115,3.518703,0.573144,0.828872,0.874286,0.993464,0.953947,1.0,0.337931,4.493566,0.6138,2.885239,1.1672,4.893394,0.581879,0.350495,0.232084,73,onset
73 / nlvo / onset,nlvo,480.5,0.115175,0.00886,0.666667,0.761925,0.593023,0.918301,0.900356,1.0,0.3083,4.590115,0.481543,2.998177,1.285697,3.542969,0.505881,0.761925,0.672481,0.962536,0.898204,1.0,0.02,4.718346,0.574237,3.17119,1.415663,,,0.115175,0.00886,73,onset
73 / other / onset,other,95.0,0.0,0.0,,0.785804,0.694444,0.96,0.916667,1.0,0.0,4.529528,0.510156,2.929903,1.397159,,,0.785804,0.787037,0.976471,0.927711,1.0,0.0,4.668737,0.614415,3.078167,1.396236,,,0.0,0.0,73,onset
73 / mixed / onset,mixed,718.5,0.149109,0.053954,0.59375,0.783802,0.65582,0.942748,0.927126,1.0,0.331878,4.531598,0.506467,2.931487,1.260003,3.531155,0.538011,0.783802,0.732165,0.97265,0.917399,1.0,0.105364,4.652349,0.597456,3.081233,1.354103,4.977657,0.656381,0.149109,0.053954,73,onset
73 / lvo / speed,lvo,143.0,0.249291,0.163833,0.581818,0.611888,0.817143,0.95,0.985816,1.0,0.532374,4.407464,0.536804,2.70805,0.0,3.518703,0.573144,0.611888,0.874286,0.95,0.953947,1.0,0.337931,4.493566,0.6138,2.70805,0.0,4.893394,0.581879,0.249291,0.163833,73,speed
73 / nlvo / speed,nlvo,480.5,0.083967,0.006162,0.666667,0.536941,0.593023,0.95,0.900356,1.0,0.3083,4.590115,0.481543,2.70805,0.0,3.542969,0.505881,0.536941,0.672481,0.95,0.898204,1.0,0.02,4.718346,0.574237,2.70805,0.0,,,0.083967,0.006162,73,speed
73 / other / speed,other,95.0,0.0,0.0,,0.568421,0.694444,0.95,0.916667,1.0,0.0,4.529528,0.510156,2.70805,0.0,,,0.568421,0.787037,0.95,0.927711,1.0,0.0,4.668737,0.614415,2.70805,0.0,,,0.0,0.0,73,speed
73 / mixed / speed,mixed,718.5,0.10659,0.037383,0.59375,0.556019,0.65582,0.95,0.927126,1.0,0.331878,4.531598,0.506467,2.70805,0.0,3.531155,0.538011,0.556019,0.732165,0.95,0.917399,1.0,0.105364,4.652349,0.597456,2.70805,0.0,4.977657,0.656381,0.10659,0.037383,73,speed
73 / lvo / onset + benchmark,lvo,143.0,0.445223,0.232084,0.581818,0.828872,0.817143,0.986014,0.985816,1.0,0.676259,4.407464,0.536804,2.799388,1.126115,3.518703,0.573144,0.828872,0.874286,0.993464,0.953947,1.0,0.337931,4.493566,0.6138,2.885239,1.1672,4.893394,0.581879,0.445223,0.232084,73,onset + benchmark
73 / nlvo / onset + benchmark,nlvo,480.5,0.152257,0.00886,0.666667,0.761925,0.593023,0.918301,0.900356,1.0,0.407563,4.590115,0.481543,2.998177,1.285697,3.542969,0.505881,0.761925,0.672481,0.962536,0.898204,1.0,0.02,4.718346,0.574237,3.17119,1.415663,,,0.152257,0.00886,73,onset + benchmark
73 / other / onset + benchmark,other,95.0,0.0,0.0,,0.785804,0.694444,0.96,0.916667,1.0,0.0,4.529528,0.510156,2.929903,1.397159,,,0.785804,0.787037,0.976471,0.927711,1.0,0.0,4.668737,0.614415,3.078167,1.396236,,,0.0,0.0,73,onset + benchmark
73 / mixed / onset + benchmark,mixed,718.5,0.198158,0.053954,0.59375,0.783802,0.65582,0.942748,0.927126,1.0,0.441048,4.531598,0.506467,2.931487,1.260003,3.531155,0.538011,0.783802,0.732165,0.97265,0.917399,1.0,0.105364,4.652349,0.597456,3.081233,1.354103,4.977657,0.656381,0.198158,0.053954,73,onset + benchmark
73 / lvo / speed + benchmark,lvo,143.0,0.316667,0.163833,0.581818,0.611888,0.817143,0.95,0.985816,1.0,0.676259,4.407464,0.536804,2.70805,0.0,3.518703,0.573144,0.611888,0.874286,0.95,0.953947,1.0,0.337931,4.493566,0.6138,2.70805,0.0,4.893394,0.581879,0.316667,0.163833,73,speed + benchmark
73 / nlvo / speed + benchmark,nlvo,480.5,0.111002,0.006162,0.666667,0.536941,0.593023,0.95,0.900356,1.0,0.407563,4.590115,0.481543,2.70805,0.0,3.542969,0.505881,0.536941,0.672481,0.95,0.898204,1.0,0.02,4.718346,0.574237,2.70805,0.0,,,0.111002,0.006162,73,speed + benchmark
73 / other / speed + benchmark,other,95.0,0.0,0.0,,0.568421,0.694444,0.95,0.916667,1.0,0.0,4.529528,0.510156,2.70805,0.0,,,0.568421,0.787037,0.95,0.927711,1.0,0.0,4.668737,0.614415,2.70805,0.0,,,0.0,0.0,73,speed + benchmark
73 / mixed / speed + benchmark,mixed,718.5,0.141652,0.037383,0.59375,0.556019,0.65582,0.95,0.927126,1.0,0.441048,4.531598,0.506467,2.70805,0.0,3.531155,0.538011,0.556019,0.732165,0.95,0.917399,1.0,0.105364,4.652349,0.597456,2.70805,0.0,4.977657,0.656381,0.141652,0.037383,73,speed + benchmark
73 / lvo / speed + onset,lvo,143.0,0.337693,0.22193,0.581818,0.828872,0.817143,0.95,0.985816,1.0,0.532374,4.407464,0.536804,2.70805,0.0,3.518703,0.573144,0.828872,0.874286,0.95,0.953947,1.0,0.337931,4.493566,0.6138,2.70805,0.0,4.893394,0.581879,0.337693,0.22193,73,speed + onset
73 / nlvo / speed + onset,nlvo,480.5,0.11915,0.008744,0.666667,0.761925,0.593023,0.95,0.900356,1.0,0.3083,4.590115,0.481543,2.70805,0.0,3.542969,0.505881,0.761925,0.672481,0.95,0.898204,1.0,0.02,4.718346,0.574237,2.70805,0.0,,,0.11915,0.008744,73,speed + onset
73 / other / speed + onset,other,95.0,0.0,0.0,,0.785804,0.694444,0.95,0.916667,1.0,0.0,4.529528,0.510156,2.70805,0.0,,,0.785804,0.787037,0.95,0.927711,1.0,0.0,4.668737,0.614415,2.70805,0.0,,,0.0,0.0,73,speed + onset
73 / mixed / speed + onset,mixed,718.5,0.150256,0.052697,0.59375,0.783802,0.65582,0.95,0.927126,1.0,0.331878,4.531598,0.506467,2.70805,0.0,3.531155,0.538011,0.783802,0.732165,0.95,0.917399,1.0,0.105364,4.652349,0.597456,2.70805,0.0,4.977657,0.656381,0.150256,0.052697,73,speed + onset
73 / lvo / speed + onset + benchmark,lvo,143.0,0.428961,0.22193,0.581818,0.828872,0.817143,0.95,0.985816,1.0,0.676259,4.407464,0.536804,2.70805,0.0,3.518703,0.573144,0.828872,0.874286,0.95,0.953947,1.0,0.337931,4.493566,0.6138,2.70805,0.0,4.893394,0.581879,0.428961,0.22193,73,speed + onset + benchmark
73 / nlvo / speed + onset + benchmark,nlvo,480.5,0.157513,0.008744,0.666667,0.761925,0.593023,0.95,0.900356,1.0,0.407563,4.590115,0.481543,2.70805,0.0,3.542969,0.505881,0.761925,0.672481,0.95,0.898204,1.0,0.02,4.718346,0.574237,2.70805,0.0,,,0.157513,0.008744,73,speed + onset + benchmark
73 / other / speed + onset + benchmark,other,95.0,0.0,0.0,,0.785804,0.694444,0.95,0.916667,1.0,0.0,4.529528,0.510156,2.70805,0.0,,,0.785804,0.787037,0.95,0.927711,1.0,0.0,4.668737,0.614415,2.70805,0.0,,,0.0,0.0,73,speed + onset + benchmark
73 / mixed / speed + onset + benchmark,mixed,718.5,0.199682,0.052697,0.59375,0.783802,0.65582,0.95,0.927126,1.0,0.441048,4.531598,0.506467,2.70805,0.0,3.531155,0.538011,0.783802,0.732165,0.95,0.917399,1.0,0.105364,4.652349,0.597456,2.70805,0.0,4.977657,0.656381,0.199682,0.052697,73,speed + onset + benchmark
74 / lvo / base,lvo,141.0,0.276596,0.031915,0.888889,0.617021,0.775862,0.992593,0.925373,1.0,0.629032,4.485271,0.495041,2.999071,0.839417,3.459195,0.429656,0.617021,0.83908,1.0,0.952055,1.0,0.064748,4.576924,0.575039,3.093785,0.897215,,,0.276596,0.031915,74,base
74 / nlvo / base,nlvo,454.5,0.068207,0.0,,0.484048,0.538636,0.966245,0.838428,1.0,0.3125,4.591195,0.685913,3.414227,0.890602,3.460144,0.480941,0.484048,0.640909,0.978723,0.923913,1.0,0.0,4.763675,0.744347,3.503132,0.941618,,,0.066007,0.0,74,base
74 / other / base,other,89.5,0.0,0.0,,0.581006,0.836538,0.977011,0.894118,1.0,0.0,4.621616,0.462691,3.112286,0.860398,,,0.581006,0.913462,0.978947,0.935484,1.0,0.0,4.706788,0.526497,3.179608,0.887409,,,0.0,0.0,74,base
74 / mixed / base,mixed,685.0,0.10219,0.006569,0.888889,0.524088,0.639276,0.976035,0.875,1.0,0.352041,4.565807,0.597633,3.232763,0.888447,3.459608,0.450964,0.524088,0.728412,0.984704,0.933981,1.0,0.018711,4.701208,0.668175,3.328662,0.937256,,,0.10073,0.006569,74,base
74 / lvo / benchmark,lvo,141.0,0.319149,0.031915,0.888889,0.617021,0.775862,0.992593,0.925373,1.0,0.725806,4.485271,0.495041,2.999071,0.839417,3.459195,0.429656,0.617021,0.83908,1.0,0.952055,1.0,0.064748,4.576924,0.575039,3.093785,0.897215,,,0.319149,0.031915,74,benchmark
74 / nlvo / benchmark,nlvo,454.5,0.088103,0.0,,0.484048,0.538636,0.966245,0.838428,1.0,0.417112,4.591195,0.685913,3.414227,0.890602,3.460144,0.480941,0.484048,0.640909,0.978723,0.923913,1.0,0.0,4.763675,0.744347,3.503132,0.941618,,,0.088103,0.0,74,benchmark
74 / other / benchmark,other,89.5,0.0,0.0,,0.581006,0.836538,0.977011,0.894118,1.0,0.0,4.621616,0.462691,3.112286,0.860398,,,0.581006,0.913462,0.978947,0.935484,1.0,0.0,4.706788,0.526497,3.179608,0.887409,,,0.0,0.0,74,benchmark
74 / mixed / benchmark,mixed,685.0,0.124818,0.006569,0.888889,0.524088,0.639276,0.976035,0.875,1.0,0.436224,4.565807,0.597633,3.232763,0.888447,3.459608,0.450964,0.524088,0.728412,0.984704,0.933981,1.0,0.018711,4.701208,0.668175,3.328662,0.937256,,,0.124818,0.006569,74,benchmark
74 / lvo / onset,lvo,141.0,0.371563,0.042873,0.888889,0.828872,0.775862,0.992593,0.925373,1.0,0.629032,4.485271,0.495041,2.999071,0.839417,3.459195,0.429656,0.828872,0.83908,1.0,0.952055,1.0,0.064748,4.576924,0.575039,3.093785,0.897215,,,0.371563,0.042873,74,onset
74 / nlvo / onset,nlvo,454.5,0.103899,0.0,,0.761925,0.538636,0.966245,0.838428,1.0,0.3125,4.591195,0.685913,3.414227,0.890602,3.460144,0.480941,0.761925,0.640909,0.978723,0.923913,1.0,0.0,4.763675,0.744347,3.503132,0.941618,,,0.103899,0.0,74,onset
74 / other / onset,other,89.5,0.0,0.0,,0.785804,0.836538,0.977011,0.894118,1.0,0.0,4.621616,0.462691,3.112286,0.860398,,,0.785804,0.913462,0.978947,0.935484,1.0,0.0,4.706788,0.526497,3.179608,0.887409,,,0.0,0.0,74,onset
74 / mixed / onset,mixed,685.0,0.150647,0.009825,0.888889,0.783802,0.639276,0.976035,0.875,1.0,0.352041,4.565807,0.597633,3.232763,0.888447,3.459608,0.450964,0.783802,0.728412,0.984704,0.933981,1.0,0.018711,4.701208,0.668175,3.328662,0.937256,,,0.150647,0.009825,74,onset
74 / lvo / speed,lvo,141.0,0.264727,0.030319,0.888889,0.617021,0.775862,0.95,0.925373,1.0,0.629032,4.485271,0.495041,2.70805,0.0,3.459195,0.429656,0.617021,0.83908,0.95,0.952055,1.0,0.064748,4.576924,0.575039,2.70805,0.0,,,0.264727,0.030319,74,speed
74 / nlvo / speed,nlvo,454.5,0.064897,0.0,,0.484048,0.538636,0.95,0.838428,1.0,0.3125,4.591195,0.685913,2.70805,0.0,3.460144,0.480941,0.484048,0.640909,0.95,0.923913,1.0,0.0,4.763675,0.744347,2.70805,0.0,,,0.064897,0.0,74,speed
74 / other / speed,other,89.5,0.0,0.0,,0.581006,0.836538,0.95,0.894118,1.0,0.0,4.621616,0.462691,2.70805,0.0,,,0.581006,0.913462,0.95,0.935484,1.0,0.0,4.706788,0.526497,2.70805,0.0,,,0.0,0.0,74,speed
74 / mixed / speed,mixed,685.0,0.098043,0.006338,0.888889,0.524088,0.639276,0.95,0.875,1.0,0.352041,4.565807,0.597633,2.70805,0.0,3.459608,0.450964,0.524088,0.728412,0.95,0.933981,1.0,0.018711,4.701208,0.668175,2.70805,0.0,,,0.098043,0.006338,74,speed
74 / lvo / onset + benchmark,lvo,141.0,0.428727,0.042873,0.888889,0.828872,0.775862,0.992593,0.925373,1.0,0.725806,4.485271,0.495041,2.999071,0.839417,3.459195,0.429656,0.828872,0.83908,1.0,0.952055,1.0,0.064748,4.576924,0.575039,3.093785,0.897215,,,0.428727,0.042873,74,onset + benchmark
74 / nlvo / onset + benchmark,nlvo,454.5,0.13868,0.0,,0.761925,0.538636,0.966245,0.838428,1.0,0.417112,4.591195,0.685913,3.414227,0.890602,3.460144,0.480941,0.761925,0.640909,0.978723,0.923913,1.0,0.0,4.763675,0.744347,3.503132,0.941618,,,0.13868,0.0,74,onset + benchmark
74 / other / onset + benchmark,other,89.5,0.0,0.0,,0.785804,0.836538,0.977011,0.894118,1.0,0.0,4.621616,0.462691,3.112286,0.860398,,,0.785804,0.913462,0.978947,0.935484,1.0,0.0,4.706788,0.526497,3.179608,0.887409,,,0.0,0.0,74,onset + benchmark
74 / mixed / onset + benchmark,mixed,685.0,0.186671,0.009825,0.888889,0.783802,0.639276,0.976035,0.875,1.0,0.436224,4.565807,0.597633,3.232763,0.888447,3.459608,0.450964,0.783802,0.728412,0.984704,0.933981,1.0,0.018711,4.701208,0.668175,3.328662,0.937256,,,0.186671,0.009825,74,onset + benchmark
74 / lvo / speed + benchmark,lvo,141.0,0.305454,0.030319,0.888889,0.617021,0.775862,0.95,0.925373,1.0,0.725806,4.485271,0.495041,2.70805,0.0,3.459195,0.429656,0.617021,0.83908,0.95,0.952055,1.0,0.064748,4.576924,0.575039,2.70805,0.0,,,0.305454,0.030319,74,speed + benchmark
74 / nlvo / speed + benchmark,nlvo,454.5,0.086622,0.0,,0.484048,0.538636,0.95,0.838428,1.0,0.417112,4.591195,0.685913,2.70805,0.0,3.460144,0.480941,0.484048,0.640909,0.95,0.923913,1.0,0.0,4.763675,0.744347,2.70805,0.0,,,0.086622,0.0,74,speed + benchmark
74 / other / speed + benchmark,other,89.5,0.0,0.0,,0.581006,0.836538,0.95,0.894118,1.0,0.0,4.621616,0.462691,2.70805,0.0,,,0.581006,0.913462,0.95,0.935484,1.0,0.0,4.706788,0.526497,2.70805,0.0,,,0.0,0.0,74,speed + benchmark
74 / mixed / speed + benchmark,mixed,685.0,0.121488,0.006338,0.888889,0.524088,0.639276,0.95,0.875,1.0,0.436224,4.565807,0.597633,2.70805,0.0,3.459608,0.450964,0.524088,0.728412,0.95,0.933981,1.0,0.018711,4.701208,0.668175,2.70805,0.0,,,0.121488,0.006338,74,speed + benchmark
74 / lvo / speed + onset,lvo,141.0,0.355619,0.040729,0.888889,0.828872,0.775862,0.95,0.925373,1.0,0.629032,4.485271,0.495041,2.70805,0.0,3.459195,0.429656,0.828872,0.83908,0.95,0.952055,1.0,0.064748,4.576924,0.575039,2.70805,0.0,,,0.355619,0.040729,74,speed + onset
74 / nlvo / speed + onset,nlvo,454.5,0.102152,0.0,,0.761925,0.538636,0.95,0.838428,1.0,0.3125,4.591195,0.685913,2.70805,0.0,3.460144,0.480941,0.761925,0.640909,0.95,0.923913,1.0,0.0,4.763675,0.744347,2.70805,0.0,,,0.102152,0.0,74,speed + onset
74 / other / speed + onset,other,89.5,0.0,0.0,,0.785804,0.836538,0.95,0.894118,1.0,0.0,4.621616,0.462691,2.70805,0.0,,,0.785804,0.913462,0.95,0.935484,1.0,0.0,4.706788,0.526497,2.70805,0.0,,,0.0,0.0,74,speed + onset
74 / mixed / speed + onset,mixed,685.0,0.146629,0.009479,0.888889,0.783802,0.639276,0.95,0.875,1.0,0.352041,4.565807,0.597633,2.70805,0.0,3.459608,0.450964,0.783802,0.728412,0.95,0.933981,1.0,0.018711,4.701208,0.668175,2.70805,0.0,,,0.146629,0.009479,74,speed + onset
74 / lvo / speed + onset + benchmark,lvo,141.0,0.41033,0.040729,0.888889,0.828872,0.775862,0.95,0.925373,1.0,0.725806,4.485271,0.495041,2.70805,0.0,3.459195,0.429656,0.828872,0.83908,0.95,0.952055,1.0,0.064748,4.576924,0.575039,2.70805,0.0,,,0.41033,0.040729,74,speed + onset + benchmark
74 / nlvo / speed + onset + benchmark,nlvo,454.5,0.136348,0.0,,0.761925,0.538636,0.95,0.838428,1.0,0.417112,4.591195,0.685913,2.70805,0.0,3.460144,0.480941,0.761925,0.640909,0.95,0.923913,1.0,0.0,4.763675,0.744347,2.70805,0.0,,,0.136348,0.0,74,speed + onset + benchmark
74 / other / speed + onset + benchmark,other,89.5,0.0,0.0,,0.785804,0.836538,0.95,0.894118,1.0,0.0,4.621616,0.462691,2.70805,0.0,,,0.785804,0.913462,0.95,0.935484,1.0,0.0,4.706788,0.526497,2.70805,0.0,,,0.0,0.0,74,speed + onset + benchmark
74 / mixed / speed + onset + benchmark,mixed,685.0,0.181692,0.009479,0.888889,0.783802,0.639276,0.95,0.875,1.0,0.436224,4.565807,0.597633,2.70805,0.0,3.459608,0.450964,0.783802,0.728412,0.95,0.933981,1.0,0.018711,4.701208,0.668175,2.70805,0.0,,,0.181692,0.009479,74,speed + onset + benchmark
75 / lvo / base,lvo,91.0,0.208791,0.06044,0.727273,0.659341,0.816667,1.0,0.94898,1.0,0.387097,4.426739,0.468475,3.58272,0.484995,3.611733,0.901963,0.659341,0.875,1.0,0.980952,1.0,0.087379,4.510386,0.5515,3.598991,0.489935,,,0.197803,0.049451,75,base
75 / nlvo / base,nlvo,409.0,0.051345,0.003667,0.0,0.617359,0.592079,0.963211,0.864583,1.0,0.160643,4.565104,0.467235,3.853173,0.578802,3.595778,0.557552,0.617359,0.69505,0.97151,0.909091,1.0,0.006452,4.73192,0.590203,3.898626,0.597527,,,0.0489,0.002445,75,base
75 / other / base,other,75.0,0.0,0.0,,0.626667,0.734043,0.985507,0.882353,1.0,0.0,4.499968,0.493622,3.741933,0.562277,,,0.626667,0.797872,0.986667,0.986486,1.0,0.0,4.588242,0.561919,3.733962,0.558569,,,0.0,0.0,75,base
75 / mixed / base,mixed,575.0,0.069565,0.012174,0.571429,0.625217,0.648122,0.974249,0.885463,1.0,0.189055,4.526361,0.473792,3.778132,0.566933,3.603336,0.735775,0.625217,0.738526,0.979284,0.934615,1.0,0.022634,4.667821,0.585092,3.81469,0.583827,5.301771,0.58008,0.066087,0.009565,75,base
75 / lvo / benchmark,lvo,91.0,0.241759,0.049451,0.727273,0.659341,0.816667,1.0,0.94898,1.0,0.473118,4.426739,0.468475,3.58272,0.484995,3.611733,0.901963,0.659341,0.875,1.0,0.980952,1.0,0.087379,4.510386,0.5515,3.598991,0.489935,,,0.241759,0.049451,75,benchmark
75 / nlvo / benchmark,nlvo,409.0,0.069947,0.002445,0.0,0.617359,0.592079,0.963211,0.864583,1.0,0.229787,4.565104,0.467235,3.853173,0.578802,3.595778,0.557552,0.617359,0.69505,0.97151,0.909091,1.0,0.006452,4.73192,0.590203,3.898626,0.597527,,,0.069947,0.002445,75,benchmark
75 / other / benchmark,other,75.0,0.0,0.0,,0.626667,0.734043,0.985507,0.882353,1.0,0.0,4.499968,0.493622,3.741933,0.562277,,,0.626667,0.797872,0.986667,0.986486,1.0,0.0,4.588242,0.561919,3.733962,0.558569,,,0.0,0.0,75,benchmark
75 / mixed / benchmark,mixed,575.0,0.087826,0.009565,0.571429,0.625217,0.648122,0.974249,0.885463,1.0,0.251244,4.526361,0.473792,3.778132,0.566933,3.603336,0.735775,0.625217,0.738526,0.979284,0.934615,1.0,0.022634,4.667821,0.585092,3.81469,0.583827,5.301771,0.58008,0.087826,0.009565,75,benchmark
75 / lvo / onset,lvo,91.0,0.248662,0.062166,0.727273,0.828872,0.816667,1.0,0.94898,1.0,0.387097,4.426739,0.468475,3.58272,0.484995,3.611733,0.901963,0.828872,0.875,1.0,0.980952,1.0,0.087379,4.510386,0.5515,3.598991,0.489935,,,0.248662,0.062166,75,onset
75 / nlvo / onset,nlvo,409.0,0.060351,0.003018,0.0,0.761925,0.592079,0.963211,0.864583,1.0,0.160643,4.565104,0.467235,3.853173,0.578802,3.595778,0.557552,0.761925,0.69505,0.97151,0.909091,1.0,0.006452,4.73192,0.590203,3.898626,0.597527,,,0.060351,0.003018,75,onset
75 / other / onset,other,75.0,0.0,0.0,,0.785804,0.734043,0.985507,0.882353,1.0,0.0,4.499968,0.493622,3.741933,0.562277,,,0.785804,0.797872,0.986667,0.986486,1.0,0.0,4.588242,0.561919,3.733962,0.558569,,,0.0,0.0,75,onset
75 / mixed / onset,mixed,575.0,0.08285,0.011992,0.571429,0.783802,0.648122,0.974249,0.885463,1.0,0.189055,4.526361,0.473792,3.778132,0.566933,3.603336,0.735775,0.783802,0.738526,0.979284,0.934615,1.0,0.022634,4.667821,0.585092,3.81469,0.583827,5.301771,0.58008,0.08285,0.011992,75,onset
75 / lvo / speed,lvo,91.0,0.187912,0.046978,0.727273,0.659341,0.816667,0.95,0.94898,1.0,0.387097,4.426739,0.468475,2.70805,0.0,3.611733,0.901963,0.659341,0.875,0.95,0.980952,1.0,0.087379,4.510386,0.5515,2.70805,0.0,,,0.187912,0.046978,75,speed
75 / nlvo / speed,nlvo,409.0,0.048229,0.002391,0.0,0.617359,0.592079,0.95,0.864583,1.0,0.160643,4.565104,0.467235,2.70805,0.0,3.595778,0.557552,0.617359,0.69505,0.95,0.909091,1.0,0.006452,4.73192,0.590203,2.70805,0.0,,,0.048229,0.002391,75,speed
75 / other / speed,other,75.0,0.0,0.0,,0.626667,0.734043,0.95,0.882353,1.0,0.0,4.499968,0.493622,2.70805,0.0,,,0.626667,0.797872,0.95,0.986486,1.0,0.0,4.588242,0.561919,2.70805,0.0,,,0.0,0.0,75,speed
75 / mixed / speed,mixed,575.0,0.064442,0.009279,0.571429,0.625217,0.648122,0.95,0.885463,1.0,0.189055,4.526361,0.473792,2.70805,0.0,3.603336,0.735775,0.625217,0.738526,0.95,0.934615,1.0,0.022634,4.667821,0.585092,2.70805,0.0,5.301771,0.58008,0.064442,0.009279,75,speed
75 / lvo / onset + benchmark,lvo,91.0,0.30392,0.062166,0.727273,0.828872,0.816667,1.0,0.94898,1.0,0.473118,4.426739,0.468475,3.58272,0.484995,3.611733,0.901963,0.828872,0.875,1.0,0.980952,1.0,0.087379,4.510386,0.5515,3.598991,0.489935,,,0.30392,0.062166,75,onset + benchmark
75 / nlvo / onset + benchmark,nlvo,409.0,0.086327,0.003018,0.0,0.761925,0.592079,0.963211,0.864583,1.0,0.229787,4.565104,0.467235,3.853173,0.578802,3.595778,0.557552,0.761925,0.69505,0.97151,0.909091,1.0,0.006452,4.73192,0.590203,3.898626,0.597527,,,0.086327,0.003018,75,onset + benchmark
75 / other / onset + benchmark,other,75.0,0.0,0.0,,0.785804,0.734043,0.985507,0.882353,1.0,0.0,4.499968,0.493622,3.741933,0.562277,,,0.785804,0.797872,0.986667,0.986486,1.0,0.0,4.588242,0.561919,3.733962,0.558569,,,0.0,0.0,75,onset + benchmark
75 / mixed / onset + benchmark,mixed,575.0,0.110103,0.011992,0.571429,0.783802,0.648122,0.974249,0.885463,1.0,0.251244,4.526361,0.473792,3.778132,0.566933,3.603336,0.735775,0.783802,0.738526,0.979284,0.934615,1.0,0.022634,4.667821,0.585092,3.81469,0.583827,5.301771,0.58008,0.110103,0.011992,75,onset + benchmark
75 / lvo / speed + benchmark,lvo,91.0,0.229671,0.046978,0.727273,0.659341,0.816667,0.95,0.94898,1.0,0.473118,4.426739,0.468475,2.70805,0.0,3.611733,0.901963,0.659341,0.875,0.95,0.980952,1.0,0.087379,4.510386,0.5515,2.70805,0.0,,,0.229671,0.046978,75,speed + benchmark
75 / nlvo / speed + benchmark,nlvo,409.0,0.068988,0.002391,0.0,0.617359,0.592079,0.95,0.864583,1.0,0.229787,4.565104,0.467235,2.70805,0.0,3.595778,0.557552,0.617359,0.69505,0.95,0.909091,1.0,0.006452,4.73192,0.590203,2.70805,0.0,,,0.068988,0.002391,75,speed + benchmark
75 / other / speed + benchmark,other,75.0,0.0,0.0,,0.626667,0.734043,0.95,0.882353,1.0,0.0,4.499968,0.493622,2.70805,0.0,,,0.626667,0.797872,0.95,0.986486,1.0,0.0,4.588242,0.561919,2.70805,0.0,,,0.0,0.0,75,speed + benchmark
75 / mixed / speed + benchmark,mixed,575.0,0.08564,0.009279,0.571429,0.625217,0.648122,0.95,0.885463,1.0,0.251244,4.526361,0.473792,2.70805,0.0,3.603336,0.735775,0.625217,0.738526,0.95,0.934615,1.0,0.022634,4.667821,0.585092,2.70805,0.0,5.301771,0.58008,0.08564,0.009279,75,speed + benchmark
75 / lvo / speed + onset,lvo,91.0,0.236229,0.059057,0.727273,0.828872,0.816667,0.95,0.94898,1.0,0.387097,4.426739,0.468475,2.70805,0.0,3.611733,0.901963,0.828872,0.875,0.95,0.980952,1.0,0.087379,4.510386,0.5515,2.70805,0.0,,,0.236229,0.059057,75,speed + onset
75 / nlvo / speed + onset,nlvo,409.0,0.059523,0.002951,0.0,0.761925,0.592079,0.95,0.864583,1.0,0.160643,4.565104,0.467235,2.70805,0.0,3.595778,0.557552,0.761925,0.69505,0.95,0.909091,1.0,0.006452,4.73192,0.590203,2.70805,0.0,,,0.059523,0.002951,75,speed + onset
75 / other / speed + onset,other,75.0,0.0,0.0,,0.785804,0.734043,0.95,0.882353,1.0,0.0,4.499968,0.493622,2.70805,0.0,,,0.785804,0.797872,0.95,0.986486,1.0,0.0,4.588242,0.561919,2.70805,0.0,,,0.0,0.0,75,speed + onset
75 / mixed / speed + onset,mixed,575.0,0.080788,0.011633,0.571429,0.783802,0.648122,0.95,0.885463,1.0,0.189055,4.526361,0.473792,2.70805,0.0,3.603336,0.735775,0.783802,0.738526,0.95,0.934615,1.0,0.022634,4.667821,0.585092,2.70805,0.0,5.301771,0.58008,0.080788,0.011633,75,speed + onset
75 / lvo / speed + onset + benchmark,lvo,91.0,0.288724,0.059057,0.727273,0.828872,0.816667,0.95,0.94898,1.0,0.473118,4.426739,0.468475,2.70805,0.0,3.611733,0.901963,0.828872,0.875,0.95,0.980952,1.0,0.087379,4.510386,0.5515,2.70805,0.0,,,0.288724,0.059057,75,speed + onset + benchmark
75 / nlvo / speed + onset + benchmark,nlvo,409.0,0.085143,0.002951,0.0,0.761925,0.592079,0.95,0.864583,1.0,0.229787,4.565104,0.467235,2.70805,0.0,3.595778,0.557552,0.761925,0.69505,0.95,0.909091,1.0,0.006452,4.73192,0.590203,2.70805,0.0,,,0.085143,0.002951,75,speed + onset + benchmark
75 / other / speed + onset + benchmark,other,75.0,0.0,0.0,,0.785804,0.734043,0.95,0.882353,1.0,0.0,4.499968,0.493622,2.70805,0.0,,,0.785804,0.797872,0.95,0.986486,1.0,0.0,4.588242,0.561919,2.70805,0.0,,,0.0,0.0,75,speed + onset + benchmark
75 / mixed / speed + onset + benchmark,mixed,575.0,0.107362,0.011633,0.571429,0.783802,0.648122,0.95,0.885463,1.0,0.251244,4.526361,0.473792,2.70805,0.0,3.603336,0.735775,0.783802,0.738526,0.95,0.934615,1.0,0.022634,4.667821,0.585092,2.70805,0.0,5.301771,0.58008,0.107362,0.011633,75,speed + onset + benchmark
76 / lvo / base,lvo,41.0,0.170732,0.036585,0.333333,1.0,0.634146,0.980769,0.960784,1.0,0.285714,4.357796,0.490945,3.625817,0.493323,3.634784,0.452571,1.0,0.719512,0.966102,0.912281,1.0,0.057692,4.52631,0.654372,3.65799,0.508617,,,0.170731,0.036585,76,base
76 / nlvo / base,nlvo,180.0,0.086111,0.002778,0.0,0.969444,0.475645,0.963855,0.9,1.0,0.215278,4.535222,0.543057,3.660565,0.524116,3.432203,0.818093,0.969444,0.56447,0.984772,0.886598,1.0,0.005814,4.720728,0.65989,3.7656,0.625637,,,0.086111,0.002778,76,base
76 / other / base,other,45.0,0.0,0.0,,0.955556,0.546512,0.978723,0.826087,1.0,0.0,4.549585,0.543541,3.610813,0.78422,,,0.955556,0.604651,1.0,0.903846,1.0,0.0,4.662266,0.62463,3.720125,0.849219,,,0.0,0.0,76,base
76 / mixed / base,mixed,266.0,0.084586,0.007519,0.25,0.971805,0.512573,0.969811,0.898833,1.0,0.194805,4.502954,0.536238,3.644765,0.571565,3.495228,0.725145,0.971805,0.595745,0.983766,0.894389,1.0,0.01476,4.673615,0.655241,3.737552,0.64935,,,0.084587,0.007519,76,base
76 / lvo / benchmark,lvo,41.0,0.243902,0.036585,0.333333,1.0,0.634146,0.980769,0.960784,1.0,0.408163,4.357796,0.490945,3.625817,0.493323,3.634784,0.452571,1.0,0.719512,0.966102,0.912281,1.0,0.057692,4.52631,0.654372,3.65799,0.508617,,,0.243902,0.036585,76,benchmark
76 / nlvo / benchmark,nlvo,180.0,0.119708,0.002778,0.0,0.969444,0.475645,0.963855,0.9,1.0,0.29927,4.535222,0.543057,3.660565,0.524116,3.432203,0.818093,0.969444,0.56447,0.984772,0.886598,1.0,0.005814,4.720728,0.65989,3.7656,0.625637,,,0.119708,0.002778,76,benchmark
76 / other / benchmark,other,45.0,0.0,0.0,,0.955556,0.546512,0.978723,0.826087,1.0,0.0,4.549585,0.543541,3.610813,0.78422,,,0.955556,0.604651,1.0,0.903846,1.0,0.0,4.662266,0.62463,3.720125,0.849219,,,0.0,0.0,76,benchmark
76 / mixed / benchmark,mixed,266.0,0.122181,0.007519,0.25,0.971805,0.512573,0.969811,0.898833,1.0,0.281385,4.502954,0.536238,3.644765,0.571565,3.495228,0.725145,0.971805,0.595745,0.983766,0.894389,1.0,0.01476,4.673615,0.655241,3.737552,0.64935,,,0.122181,0.007519,76,benchmark
76 / lvo / onset,lvo,41.0,0.170731,0.036585,0.333333,1.0,0.634146,0.980769,0.960784,1.0,0.285714,4.357796,0.490945,3.625817,0.493323,3.634784,0.452571,1.0,0.719512,0.966102,0.912281,1.0,0.057692,4.52631,0.654372,3.65799,0.508617,,,0.170731,0.036585,76,onset
76 / nlvo / onset,nlvo,180.0,0.086111,0.002778,0.0,0.969444,0.475645,0.963855,0.9,1.0,0.215278,4.535222,0.543057,3.660565,0.524116,3.432203,0.818093,0.969444,0.56447,0.984772,0.886598,1.0,0.005814,4.720728,0.65989,3.7656,0.625637,,,0.086111,0.002778,76,onset
76 / other / onset,other,45.0,0.0,0.0,,0.955556,0.546512,0.978723,0.826087,1.0,0.0,4.549585,0.543541,3.610813,0.78422,,,0.955556,0.604651,1.0,0.903846,1.0,0.0,4.662266,0.62463,3.720125,0.849219,,,0.0,0.0,76,onset
76 / mixed / onset,mixed,266.0,0.084587,0.007519,0.25,0.971805,0.512573,0.969811,0.898833,1.0,0.194805,4.502954,0.536238,3.644765,0.571565,3.495228,0.725145,0.971805,0.595745,0.983766,0.894389,1.0,0.01476,4.673615,0.655241,3.737552,0.64935,,,0.084587,0.007519,76,onset
76 / lvo / speed,lvo,41.0,0.165375,0.035975,0.333333,1.0,0.634146,0.95,0.960784,1.0,0.285714,4.357796,0.490945,2.70805,0.0,3.634784,0.452571,1.0,0.719512,0.95,0.912281,1.0,0.057692,4.52631,0.654372,2.70805,0.0,,,0.165375,0.035975,76,speed
76 / nlvo / speed,nlvo,180.0,0.084873,0.00268,0.0,0.969444,0.475645,0.95,0.9,1.0,0.215278,4.535222,0.543057,2.70805,0.0,3.432203,0.818093,0.969444,0.56447,0.95,0.886598,1.0,0.005814,4.720728,0.65989,2.70805,0.0,,,0.084873,0.00268,76,speed
76 / other / speed,other,45.0,0.0,0.0,,0.955556,0.546512,0.95,0.826087,1.0,0.0,4.549585,0.543541,2.70805,0.0,,,0.955556,0.604651,0.95,0.903846,1.0,0.0,4.662266,0.62463,2.70805,0.0,,,0.0,0.0,76,speed
76 / mixed / speed,mixed,266.0,0.082859,0.007261,0.25,0.971805,0.512573,0.95,0.898833,1.0,0.194805,4.502954,0.536238,2.70805,0.0,3.495228,0.725145,0.971805,0.595745,0.95,0.894389,1.0,0.01476,4.673615,0.655241,2.70805,0.0,,,0.082859,0.007261,76,speed
76 / lvo / onset + benchmark,lvo,41.0,0.243902,0.036585,0.333333,1.0,0.634146,0.980769,0.960784,1.0,0.408163,4.357796,0.490945,3.625817,0.493323,3.634784,0.452571,1.0,0.719512,0.966102,0.912281,1.0,0.057692,4.52631,0.654372,3.65799,0.508617,,,0.243902,0.036585,76,onset + benchmark
76 / nlvo / onset + benchmark,nlvo,180.0,0.119708,0.002778,0.0,0.969444,0.475645,0.963855,0.9,1.0,0.29927,4.535222,0.543057,3.660565,0.524116,3.432203,0.818093,0.969444,0.56447,0.984772,0.886598,1.0,0.005814,4.720728,0.65989,3.7656,0.625637,,,0.119708,0.002778,76,onset + benchmark
76 / other / onset + benchmark,other,45.0,0.0,0.0,,0.955556,0.546512,0.978723,0.826087,1.0,0.0,4.549585,0.543541,3.610813,0.78422,,,0.955556,0.604651,1.0,0.903846,1.0,0.0,4.662266,0.62463,3.720125,0.849219,,,0.0,0.0,76,onset + benchmark
76 / mixed / onset + benchmark,mixed,266.0,0.122181,0.007519,0.25,0.971805,0.512573,0.969811,0.898833,1.0,0.281385,4.502954,0.536238,3.644765,0.571565,3.495228,0.725145,0.971805,0.595745,0.983766,0.894389,1.0,0.01476,4.673615,0.655241,3.737552,0.64935,,,0.122181,0.007519,76,onset + benchmark
76 / lvo / speed + benchmark,lvo,41.0,0.23625,0.035975,0.333333,1.0,0.634146,0.95,0.960784,1.0,0.408163,4.357796,0.490945,2.70805,0.0,3.634784,0.452571,1.0,0.719512,0.95,0.912281,1.0,0.057692,4.52631,0.654372,2.70805,0.0,,,0.23625,0.035975,76,speed + benchmark
76 / nlvo / speed + benchmark,nlvo,180.0,0.117987,0.00268,0.0,0.969444,0.475645,0.95,0.9,1.0,0.29927,4.535222,0.543057,2.70805,0.0,3.432203,0.818093,0.969444,0.56447,0.95,0.886598,1.0,0.005814,4.720728,0.65989,2.70805,0.0,,,0.117987,0.00268,76,speed + benchmark
76 / other / speed + benchmark,other,45.0,0.0,0.0,,0.955556,0.546512,0.95,0.826087,1.0,0.0,4.549585,0.543541,2.70805,0.0,,,0.955556,0.604651,0.95,0.903846,1.0,0.0,4.662266,0.62463,2.70805,0.0,,,0.0,0.0,76,speed + benchmark
76 / mixed / speed + benchmark,mixed,266.0,0.119685,0.007261,0.25,0.971805,0.512573,0.95,0.898833,1.0,0.281385,4.502954,0.536238,2.70805,0.0,3.495228,0.725145,0.971805,0.595745,0.95,0.894389,1.0,0.01476,4.673615,0.655241,2.70805,0.0,,,0.119685,0.007261,76,speed + benchmark
76 / lvo / speed + onset,lvo,41.0,0.165375,0.035975,0.333333,1.0,0.634146,0.95,0.960784,1.0,0.285714,4.357796,0.490945,2.70805,0.0,3.634784,0.452571,1.0,0.719512,0.95,0.912281,1.0,0.057692,4.52631,0.654372,2.70805,0.0,,,0.165375,0.035975,76,speed + onset
76 / nlvo / speed + onset,nlvo,180.0,0.084873,0.00268,0.0,0.969444,0.475645,0.95,0.9,1.0,0.215278,4.535222,0.543057,2.70805,0.0,3.432203,0.818093,0.969444,0.56447,0.95,0.886598,1.0,0.005814,4.720728,0.65989,2.70805,0.0,,,0.084873,0.00268,76,speed + onset
76 / other / speed + onset,other,45.0,0.0,0.0,,0.955556,0.546512,0.95,0.826087,1.0,0.0,4.549585,0.543541,2.70805,0.0,,,0.955556,0.604651,0.95,0.903846,1.0,0.0,4.662266,0.62463,2.70805,0.0,,,0.0,0.0,76,speed + onset
76 / mixed / speed + onset,mixed,266.0,0.082859,0.007261,0.25,0.971805,0.512573,0.95,0.898833,1.0,0.194805,4.502954,0.536238,2.70805,0.0,3.495228,0.725145,0.971805,0.595745,0.95,0.894389,1.0,0.01476,4.673615,0.655241,2.70805,0.0,,,0.082859,0.007261,76,speed + onset
76 / lvo / speed + onset + benchmark,lvo,41.0,0.23625,0.035975,0.333333,1.0,0.634146,0.95,0.960784,1.0,0.408163,4.357796,0.490945,2.70805,0.0,3.634784,0.452571,1.0,0.719512,0.95,0.912281,1.0,0.057692,4.52631,0.654372,2.70805,0.0,,,0.23625,0.035975,76,speed + onset + benchmark
76 / nlvo / speed + onset + benchmark,nlvo,180.0,0.117987,0.00268,0.0,0.969444,0.475645,0.95,0.9,1.0,0.29927,4.535222,0.543057,2.70805,0.0,3.432203,0.818093,0.969444,0.56447,0.95,0.886598,1.0,0.005814,4.720728,0.65989,2.70805,0.0,,,0.117987,0.00268,76,speed + onset + benchmark
76 / other / speed + onset + benchmark,other,45.0,0.0,0.0,,0.955556,0.546512,0.95,0.826087,1.0,0.0,4.549585,0.543541,2.70805,0.0,,,0.955556,0.604651,0.95,0.903846,1.0,0.0,4.662266,0.62463,2.70805,0.0,,,0.0,0.0,76,speed + onset + benchmark
76 / mixed / speed + onset + benchmark,mixed,266.0,0.119685,0.007261,0.25,0.971805,0.512573,0.95,0.898833,1.0,0.281385,4.502954,0.536238,2.70805,0.0,3.495228,0.725145,0.971805,0.595745,0.95,0.894389,1.0,0.01476,4.673615,0.655241,2.70805,0.0,,,0.119685,0.007261,76,speed + onset + benchmark
77 / lvo / base,lvo,115.0,0.304348,0.086957,0.65,0.769565,0.683616,0.983471,0.932773,1.0,0.594595,4.371126,0.514715,2.949243,0.843001,3.104219,0.617311,0.769565,0.745763,1.0,0.954545,1.0,0.126984,4.477306,0.607105,3.03548,0.970992,3.873252,0.800366,0.286957,0.069565,77,base
77 / nlvo / base,nlvo,518.0,0.084942,0.002896,1.0,0.637066,0.545455,0.863889,0.813505,1.0,0.320158,4.489697,0.624073,3.631433,0.961896,3.183935,0.903699,0.637066,0.624242,0.917476,0.859788,1.0,0.006154,4.642917,0.710509,3.804422,1.040114,,,0.078185,0.001931,77,base
77 / other / base,other,83.5,0.0,0.0,,0.682635,0.692982,0.911392,0.847222,1.0,0.0,4.528563,0.596112,3.373131,1.033255,,,0.682635,0.789474,0.944444,0.905882,1.0,0.0,4.668063,0.674234,3.524298,1.08603,,,0.0,0.0,77,base
77 / mixed / base,mixed,716.5,0.110258,0.01605,0.695652,0.663643,0.588854,0.896429,0.846614,1.0,0.345882,4.46956,0.599524,3.432671,0.985762,3.148144,0.786594,0.663643,0.666667,0.938486,0.887395,1.0,0.034091,4.612006,0.68762,3.593815,1.076818,3.89952,0.797436,0.102582,0.012561,77,base
77 / lvo / benchmark,lvo,115.0,0.373913,0.069565,0.65,0.769565,0.683616,0.983471,0.932773,1.0,0.774775,4.371126,0.514715,2.949243,0.843001,3.104219,0.617311,0.769565,0.745763,1.0,0.954545,1.0,0.126984,4.477306,0.607105,3.03548,0.970992,3.873252,0.800366,0.373913,0.069565,77,benchmark
77 / nlvo / benchmark,nlvo,518.0,0.095081,0.001931,1.0,0.637066,0.545455,0.863889,0.813505,1.0,0.389344,4.489697,0.624073,3.631433,0.961896,3.183935,0.903699,0.637066,0.624242,0.917476,0.859788,1.0,0.006154,4.642917,0.710509,3.804422,1.040114,,,0.095081,0.001931,77,benchmark
77 / other / benchmark,other,83.5,0.0,0.0,,0.682635,0.692982,0.911392,0.847222,1.0,0.0,4.528563,0.596112,3.373131,1.033255,,,0.682635,0.789474,0.944444,0.905882,1.0,0.0,4.668063,0.674234,3.524298,1.08603,,,0.0,0.0,77,benchmark
77 / mixed / benchmark,mixed,716.5,0.131194,0.012561,0.695652,0.663643,0.588854,0.896429,0.846614,1.0,0.442353,4.46956,0.599524,3.432671,0.985762,3.148144,0.786594,0.663643,0.666667,0.938486,0.887395,1.0,0.034091,4.612006,0.68762,3.593815,1.076818,3.89952,0.797436,0.131194,0.012561,77,benchmark
77 / lvo / onset,lvo,115.0,0.309071,0.074926,0.65,0.828872,0.683616,0.983471,0.932773,1.0,0.594595,4.371126,0.514715,2.949243,0.843001,3.104219,0.617311,0.828872,0.745763,1.0,0.954545,1.0,0.126984,4.477306,0.607105,3.03548,0.970992,3.873252,0.800366,0.309071,0.074926,77,onset
77 / nlvo / onset,nlvo,518.0,0.093509,0.002309,1.0,0.761925,0.545455,0.863889,0.813505,1.0,0.320158,4.489697,0.624073,3.631433,0.961896,3.183935,0.903699,0.761925,0.624242,0.917476,0.859788,1.0,0.006154,4.642917,0.710509,3.804422,1.040114,,,0.093509,0.002309,77,onset
77 / other / onset,other,83.5,0.0,0.0,,0.785804,0.692982,0.911392,0.847222,1.0,0.0,4.528563,0.596112,3.373131,1.033255,,,0.785804,0.789474,0.944444,0.905882,1.0,0.0,4.668063,0.674234,3.524298,1.08603,,,0.0,0.0,77,onset
77 / mixed / onset,mixed,716.5,0.121155,0.014835,0.695652,0.783802,0.588854,0.896429,0.846614,1.0,0.345882,4.46956,0.599524,3.432671,0.985762,3.148144,0.786594,0.783802,0.666667,0.938486,0.887395,1.0,0.034091,4.612006,0.68762,3.593815,1.076818,3.89952,0.797436,0.121155,0.014835,77,onset
77 / lvo / speed,lvo,115.0,0.277191,0.066087,0.65,0.769565,0.683616,0.95,0.932773,1.0,0.594595,4.371126,0.514715,2.70805,0.0,3.104219,0.617311,0.769565,0.745763,0.95,0.954545,1.0,0.126984,4.477306,0.607105,2.70805,0.0,3.873252,0.800366,0.277191,0.066087,77,speed
77 / nlvo / speed,nlvo,518.0,0.085979,0.001999,1.0,0.637066,0.545455,0.95,0.813505,1.0,0.320158,4.489697,0.624073,2.70805,0.0,3.183935,0.903699,0.637066,0.624242,0.95,0.859788,1.0,0.006154,4.642917,0.710509,2.70805,0.0,,,0.085979,0.001999,77,speed
77 / other / speed,other,83.5,0.0,0.0,,0.682635,0.692982,0.95,0.847222,1.0,0.0,4.528563,0.596112,2.70805,0.0,,,0.682635,0.789474,0.95,0.905882,1.0,0.0,4.668063,0.674234,2.70805,0.0,,,0.0,0.0,77,speed
77 / mixed / speed,mixed,716.5,0.108712,0.012715,0.695652,0.663643,0.588854,0.95,0.846614,1.0,0.345882,4.46956,0.599524,2.70805,0.0,3.148144,0.786594,0.663643,0.666667,0.95,0.887395,1.0,0.034091,4.612006,0.68762,2.70805,0.0,3.89952,0.797436,0.108712,0.012715,77,speed
77 / lvo / onset + benchmark,lvo,115.0,0.402729,0.074926,0.65,0.828872,0.683616,0.983471,0.932773,1.0,0.774775,4.371126,0.514715,2.949243,0.843001,3.104219,0.617311,0.828872,0.745763,1.0,0.954545,1.0,0.126984,4.477306,0.607105,3.03548,0.970992,3.873252,0.800366,0.402729,0.074926,77,onset + benchmark
77 / nlvo / onset + benchmark,nlvo,518.0,0.113716,0.002309,1.0,0.761925,0.545455,0.863889,0.813505,1.0,0.389344,4.489697,0.624073,3.631433,0.961896,3.183935,0.903699,0.761925,0.624242,0.917476,0.859788,1.0,0.006154,4.642917,0.710509,3.804422,1.040114,,,0.113716,0.002309,77,onset + benchmark
77 / other / onset + benchmark,other,83.5,0.0,0.0,,0.785804,0.692982,0.911392,0.847222,1.0,0.0,4.528563,0.596112,3.373131,1.033255,,,0.785804,0.789474,0.944444,0.905882,1.0,0.0,4.668063,0.674234,3.524298,1.08603,,,0.0,0.0,77,onset + benchmark
77 / mixed / onset + benchmark,mixed,716.5,0.154947,0.014835,0.695652,0.783802,0.588854,0.896429,0.846614,1.0,0.442353,4.46956,0.599524,3.432671,0.985762,3.148144,0.786594,0.783802,0.666667,0.938486,0.887395,1.0,0.034091,4.612006,0.68762,3.593815,1.076818,3.89952,0.797436,0.154947,0.014835,77,onset + benchmark
77 / lvo / speed + benchmark,lvo,115.0,0.361187,0.066087,0.65,0.769565,0.683616,0.95,0.932773,1.0,0.774775,4.371126,0.514715,2.70805,0.0,3.104219,0.617311,0.769565,0.745763,0.95,0.954545,1.0,0.126984,4.477306,0.607105,2.70805,0.0,3.873252,0.800366,0.361187,0.066087,77,speed + benchmark
77 / nlvo / speed + benchmark,nlvo,518.0,0.104559,0.001999,1.0,0.637066,0.545455,0.95,0.813505,1.0,0.389344,4.489697,0.624073,2.70805,0.0,3.183935,0.903699,0.637066,0.624242,0.95,0.859788,1.0,0.006154,4.642917,0.710509,2.70805,0.0,,,0.104559,0.001999,77,speed + benchmark
77 / other / speed + benchmark,other,83.5,0.0,0.0,,0.682635,0.692982,0.95,0.847222,1.0,0.0,4.528563,0.596112,2.70805,0.0,,,0.682635,0.789474,0.95,0.905882,1.0,0.0,4.668063,0.674234,2.70805,0.0,,,0.0,0.0,77,speed + benchmark
77 / mixed / speed + benchmark,mixed,716.5,0.139034,0.012715,0.695652,0.663643,0.588854,0.95,0.846614,1.0,0.442353,4.46956,0.599524,2.70805,0.0,3.148144,0.786594,0.663643,0.666667,0.95,0.887395,1.0,0.034091,4.612006,0.68762,2.70805,0.0,3.89952,0.797436,0.139034,0.012715,77,speed + benchmark
77 / lvo / speed + onset,lvo,115.0,0.298552,0.07118,0.65,0.828872,0.683616,0.95,0.932773,1.0,0.594595,4.371126,0.514715,2.70805,0.0,3.104219,0.617311,0.828872,0.745763,0.95,0.954545,1.0,0.126984,4.477306,0.607105,2.70805,0.0,3.873252,0.800366,0.298552,0.07118,77,speed + onset
77 / nlvo / speed + onset,nlvo,518.0,0.10283,0.002391,1.0,0.761925,0.545455,0.95,0.813505,1.0,0.320158,4.489697,0.624073,2.70805,0.0,3.183935,0.903699,0.761925,0.624242,0.95,0.859788,1.0,0.006154,4.642917,0.710509,2.70805,0.0,,,0.10283,0.002391,77,speed + onset
77 / other / speed + onset,other,83.5,0.0,0.0,,0.785804,0.692982,0.95,0.847222,1.0,0.0,4.528563,0.596112,2.70805,0.0,,,0.785804,0.789474,0.95,0.905882,1.0,0.0,4.668063,0.674234,2.70805,0.0,,,0.0,0.0,77,speed + onset
77 / mixed / speed + onset,mixed,716.5,0.128396,0.015017,0.695652,0.783802,0.588854,0.95,0.846614,1.0,0.345882,4.46956,0.599524,2.70805,0.0,3.148144,0.786594,0.783802,0.666667,0.95,0.887395,1.0,0.034091,4.612006,0.68762,2.70805,0.0,3.89952,0.797436,0.128396,0.015017,77,speed + onset
77 / lvo / speed + onset + benchmark,lvo,115.0,0.389023,0.07118,0.65,0.828872,0.683616,0.95,0.932773,1.0,0.774775,4.371126,0.514715,2.70805,0.0,3.104219,0.617311,0.828872,0.745763,0.95,0.954545,1.0,0.126984,4.477306,0.607105,2.70805,0.0,3.873252,0.800366,0.389023,0.07118,77,speed + onset + benchmark
77 / nlvo / speed + onset + benchmark,nlvo,518.0,0.125051,0.002391,1.0,0.761925,0.545455,0.95,0.813505,1.0,0.389344,4.489697,0.624073,2.70805,0.0,3.183935,0.903699,0.761925,0.624242,0.95,0.859788,1.0,0.006154,4.642917,0.710509,2.70805,0.0,,,0.125051,0.002391,77,speed + onset + benchmark
77 / other / speed + onset + benchmark,other,83.5,0.0,0.0,,0.785804,0.692982,0.95,0.847222,1.0,0.0,4.528563,0.596112,2.70805,0.0,,,0.785804,0.789474,0.95,0.905882,1.0,0.0,4.668063,0.674234,2.70805,0.0,,,0.0,0.0,77,speed + onset + benchmark
77 / mixed / speed + onset + benchmark,mixed,716.5,0.164207,0.015017,0.695652,0.783802,0.588854,0.95,0.846614,1.0,0.442353,4.46956,0.599524,2.70805,0.0,3.148144,0.786594,0.783802,0.666667,0.95,0.887395,1.0,0.034091,4.612006,0.68762,2.70805,0.0,3.89952,0.797436,0.164207,0.015017,77,speed + onset + benchmark
78 / lvo / base,lvo,96.0,0.182292,0.046875,0.666667,0.692708,0.699248,0.989247,0.902174,1.0,0.409639,4.65908,0.505637,2.836444,0.777273,3.467991,0.99746,0.692708,0.774436,1.0,0.961165,1.0,0.080808,4.758416,0.569323,2.929299,0.828562,,,0.177083,0.041667,78,base
78 / nlvo / base,nlvo,321.5,0.090202,0.00311,0.5,0.505443,0.547692,0.994382,0.887006,1.0,0.363057,4.577298,0.566034,3.129021,0.92636,3.535084,0.652841,0.505443,0.621538,0.990099,0.945,1.0,0.010582,4.704823,0.636409,3.225144,0.972989,,,0.088647,0.00311,78,base
78 / other / base,other,47.0,0.0,0.0,,0.617021,0.655172,0.973684,0.918919,1.0,0.0,4.635985,0.496449,2.966883,0.787006,,,0.617021,0.724138,0.97619,0.95122,1.0,0.0,4.730391,0.557284,3.054992,0.887993,,,0.0,0.0,78,base
78 / mixed / base,mixed,464.5,0.100108,0.011841,0.636364,0.555436,0.598837,0.990291,0.895425,1.0,0.332117,4.609129,0.539932,3.021451,0.875188,3.510016,0.794395,0.555436,0.672481,0.991354,0.950581,1.0,0.030581,4.723826,0.606803,3.116282,0.929098,,,0.097955,0.010764,78,base
78 / lvo / benchmark,lvo,96.0,0.270833,0.041667,0.666667,0.692708,0.699248,0.989247,0.902174,1.0,0.626506,4.65908,0.505637,2.836444,0.777273,3.467991,0.99746,0.692708,0.774436,1.0,0.961165,1.0,0.080808,4.758416,0.569323,2.929299,0.828562,,,0.270833,0.041667,78,benchmark
78 / nlvo / benchmark,nlvo,321.5,0.131851,0.00311,0.5,0.505443,0.547692,0.994382,0.887006,1.0,0.54,4.577298,0.566034,3.129021,0.92636,3.535084,0.652841,0.505443,0.621538,0.990099,0.945,1.0,0.010582,4.704823,0.636409,3.225144,0.972989,,,0.131851,0.00311,78,benchmark
78 / other / benchmark,other,47.0,0.0,0.0,,0.617021,0.655172,0.973684,0.918919,1.0,0.0,4.635985,0.496449,2.966883,0.787006,,,0.617021,0.724138,0.97619,0.95122,1.0,0.0,4.730391,0.557284,3.054992,0.887993,,,0.0,0.0,78,benchmark
78 / mixed / benchmark,mixed,464.5,0.14747,0.010764,0.636364,0.555436,0.598837,0.990291,0.895425,1.0,0.5,4.609129,0.539932,3.021451,0.875188,3.510016,0.794395,0.555436,0.672481,0.991354,0.950581,1.0,0.030581,4.723826,0.606803,3.116282,0.929098,,,0.14747,0.010764,78,benchmark
78 / lvo / onset,lvo,96.0,0.211892,0.049857,0.666667,0.828872,0.699248,0.989247,0.902174,1.0,0.409639,4.65908,0.505637,2.836444,0.777273,3.467991,0.99746,0.828872,0.774436,1.0,0.961165,1.0,0.080808,4.758416,0.569323,2.929299,0.828562,,,0.211892,0.049857,78,onset
78 / nlvo / onset,nlvo,321.5,0.13363,0.004689,0.5,0.761925,0.547692,0.994382,0.887006,1.0,0.363057,4.577298,0.566034,3.129021,0.92636,3.535084,0.652841,0.761925,0.621538,0.990099,0.945,1.0,0.010582,4.704823,0.636409,3.225144,0.972989,,,0.13363,0.004689,78,onset
78 / other / onset,other,47.0,0.0,0.0,,0.785804,0.655172,0.973684,0.918919,1.0,0.0,4.635985,0.496449,2.966883,0.787006,,,0.785804,0.724138,0.97619,0.95122,1.0,0.0,4.730391,0.557284,3.054992,0.887993,,,0.0,0.0,78,onset
78 / mixed / onset,mixed,464.5,0.138229,0.01519,0.636364,0.783802,0.598837,0.990291,0.895425,1.0,0.332117,4.609129,0.539932,3.021451,0.875188,3.510016,0.794395,0.783802,0.672481,0.991354,0.950581,1.0,0.030581,4.723826,0.606803,3.116282,0.929098,,,0.138229,0.01519,78,onset
78 / lvo / speed,lvo,96.0,0.170058,0.039583,0.666667,0.692708,0.699248,0.95,0.902174,1.0,0.409639,4.65908,0.505637,2.70805,0.0,3.467991,0.99746,0.692708,0.774436,0.95,0.961165,1.0,0.080808,4.758416,0.569323,2.70805,0.0,,,0.170058,0.039583,78,speed
78 / nlvo / speed,nlvo,321.5,0.08469,0.002984,0.5,0.505443,0.547692,0.95,0.887006,1.0,0.363057,4.577298,0.566034,2.70805,0.0,3.535084,0.652841,0.505443,0.621538,0.95,0.945,1.0,0.010582,4.704823,0.636409,2.70805,0.0,,,0.08469,0.002984,78,speed
78 / other / speed,other,47.0,0.0,0.0,,0.617021,0.655172,0.95,0.918919,1.0,0.0,4.635985,0.496449,2.70805,0.0,,,0.617021,0.724138,0.95,0.95122,1.0,0.0,4.730391,0.557284,2.70805,0.0,,,0.0,0.0,78,speed
78 / mixed / speed,mixed,464.5,0.093969,0.010315,0.636364,0.555436,0.598837,0.95,0.895425,1.0,0.332117,4.609129,0.539932,2.70805,0.0,3.510016,0.794395,0.555436,0.672481,0.95,0.950581,1.0,0.030581,4.723826,0.606803,2.70805,0.0,,,0.093969,0.010315,78,speed
78 / lvo / onset + benchmark,lvo,96.0,0.32407,0.049857,0.666667,0.828872,0.699248,0.989247,0.902174,1.0,0.626506,4.65908,0.505637,2.836444,0.777273,3.467991,0.99746,0.828872,0.774436,1.0,0.961165,1.0,0.080808,4.758416,0.569323,2.929299,0.828562,,,0.32407,0.049857,78,onset + benchmark
78 / nlvo / onset + benchmark,nlvo,321.5,0.198757,0.004689,0.5,0.761925,0.547692,0.994382,0.887006,1.0,0.54,4.577298,0.566034,3.129021,0.92636,3.535084,0.652841,0.761925,0.621538,0.990099,0.945,1.0,0.010582,4.704823,0.636409,3.225144,0.972989,,,0.198757,0.004689,78,onset + benchmark
78 / other / onset + benchmark,other,47.0,0.0,0.0,,0.785804,0.655172,0.973684,0.918919,1.0,0.0,4.635985,0.496449,2.966883,0.787006,,,0.785804,0.724138,0.97619,0.95122,1.0,0.0,4.730391,0.557284,3.054992,0.887993,,,0.0,0.0,78,onset + benchmark
78 / mixed / onset + benchmark,mixed,464.5,0.208102,0.01519,0.636364,0.783802,0.598837,0.990291,0.895425,1.0,0.5,4.609129,0.539932,3.021451,0.875188,3.510016,0.794395,0.783802,0.672481,0.991354,0.950581,1.0,0.030581,4.723826,0.606803,3.116282,0.929098,,,0.208102,0.01519,78,onset + benchmark
78 / lvo / speed + benchmark,lvo,96.0,0.260088,0.039583,0.666667,0.692708,0.699248,0.95,0.902174,1.0,0.626506,4.65908,0.505637,2.70805,0.0,3.467991,0.99746,0.692708,0.774436,0.95,0.961165,1.0,0.080808,4.758416,0.569323,2.70805,0.0,,,0.260088,0.039583,78,speed + benchmark
78 / nlvo / speed + benchmark,nlvo,321.5,0.125966,0.002984,0.5,0.505443,0.547692,0.95,0.887006,1.0,0.54,4.577298,0.566034,2.70805,0.0,3.535084,0.652841,0.505443,0.621538,0.95,0.945,1.0,0.010582,4.704823,0.636409,2.70805,0.0,,,0.125966,0.002984,78,speed + benchmark
78 / other / speed + benchmark,other,47.0,0.0,0.0,,0.617021,0.655172,0.95,0.918919,1.0,0.0,4.635985,0.496449,2.70805,0.0,,,0.617021,0.724138,0.95,0.95122,1.0,0.0,4.730391,0.557284,2.70805,0.0,,,0.0,0.0,78,speed + benchmark
78 / mixed / speed + benchmark,mixed,464.5,0.14147,0.010315,0.636364,0.555436,0.598837,0.95,0.895425,1.0,0.5,4.609129,0.539932,2.70805,0.0,3.510016,0.794395,0.555436,0.672481,0.95,0.950581,1.0,0.030581,4.723826,0.606803,2.70805,0.0,,,0.14147,0.010315,78,speed + benchmark
78 / lvo / speed + onset,lvo,96.0,0.203486,0.047364,0.666667,0.828872,0.699248,0.95,0.902174,1.0,0.409639,4.65908,0.505637,2.70805,0.0,3.467991,0.99746,0.828872,0.774436,0.95,0.961165,1.0,0.080808,4.758416,0.569323,2.70805,0.0,,,0.203486,0.047364,78,speed + onset
78 / nlvo / speed + onset,nlvo,321.5,0.127666,0.004499,0.5,0.761925,0.547692,0.95,0.887006,1.0,0.363057,4.577298,0.566034,2.70805,0.0,3.535084,0.652841,0.761925,0.621538,0.95,0.945,1.0,0.010582,4.704823,0.636409,2.70805,0.0,,,0.127666,0.004499,78,speed + onset
78 / other / speed + onset,other,47.0,0.0,0.0,,0.785804,0.655172,0.95,0.918919,1.0,0.0,4.635985,0.496449,2.70805,0.0,,,0.785804,0.724138,0.95,0.95122,1.0,0.0,4.730391,0.557284,2.70805,0.0,,,0.0,0.0,78,speed + onset
78 / mixed / speed + onset,mixed,464.5,0.132605,0.014556,0.636364,0.783802,0.598837,0.95,0.895425,1.0,0.332117,4.609129,0.539932,2.70805,0.0,3.510016,0.794395,0.783802,0.672481,0.95,0.950581,1.0,0.030581,4.723826,0.606803,2.70805,0.0,,,0.132605,0.014556,78,speed + onset
78 / lvo / speed + onset + benchmark,lvo,96.0,0.311213,0.047364,0.666667,0.828872,0.699248,0.95,0.902174,1.0,0.626506,4.65908,0.505637,2.70805,0.0,3.467991,0.99746,0.828872,0.774436,0.95,0.961165,1.0,0.080808,4.758416,0.569323,2.70805,0.0,,,0.311213,0.047364,78,speed + onset + benchmark
78 / nlvo / speed + onset + benchmark,nlvo,321.5,0.189886,0.004499,0.5,0.761925,0.547692,0.95,0.887006,1.0,0.54,4.577298,0.566034,2.70805,0.0,3.535084,0.652841,0.761925,0.621538,0.95,0.945,1.0,0.010582,4.704823,0.636409,2.70805,0.0,,,0.189886,0.004499,78,speed + onset + benchmark
78 / other / speed + onset + benchmark,other,47.0,0.0,0.0,,0.785804,0.655172,0.95,0.918919,1.0,0.0,4.635985,0.496449,2.70805,0.0,,,0.785804,0.724138,0.95,0.95122,1.0,0.0,4.730391,0.557284,2.70805,0.0,,,0.0,0.0,78,speed + onset + benchmark
78 / mixed / speed + onset + benchmark,mixed,464.5,0.199635,0.014556,0.636364,0.783802,0.598837,0.95,0.895425,1.0,0.5,4.609129,0.539932,2.70805,0.0,3.510016,0.794395,0.783802,0.672481,0.95,0.950581,1.0,0.030581,4.723826,0.606803,2.70805,0.0,,,0.199635,0.014556,78,speed + onset + benchmark
79 / lvo / base,lvo,138.5,0.32852,0.050542,0.642857,0.700361,0.814433,0.987342,0.929487,1.0,0.558621,4.533203,0.564651,3.439667,0.602076,3.003401,0.763483,0.700361,0.876289,0.994118,0.982249,1.0,0.066265,4.611362,0.614552,3.481003,0.616091,5.067157,0.401035,0.292419,0.039711,79,base
79 / nlvo / base,nlvo,536.5,0.121156,0.006524,0.571429,0.591799,0.618898,0.97201,0.814136,1.0,0.353698,4.68986,0.575026,3.681471,0.677531,2.948827,0.829903,0.591799,0.746457,0.978903,0.918103,1.0,0.004695,4.85597,0.640871,3.726955,0.680867,,,0.102516,0.001864,79,base
79 / other / base,other,92.5,0.0,0.0,,0.627027,0.715517,0.939759,0.858974,1.0,0.0,4.592141,0.599629,3.555551,0.617352,,,0.627027,0.818966,0.957895,0.879121,1.0,0.0,4.740531,0.68482,3.674455,0.715268,,,0.0,0.0,79,base
79 / mixed / base,mixed,767.5,0.143974,0.013681,0.619048,0.615635,0.670899,0.971609,0.849026,1.0,0.365201,4.638026,0.578885,3.60429,0.659045,2.971971,0.800802,0.615635,0.782011,0.979702,0.928177,1.0,0.019345,4.78486,0.647991,3.662945,0.677598,5.13708,0.415982,0.12443,0.008469,79,base
79 / lvo / benchmark,lvo,138.5,0.263538,0.039711,0.642857,0.700361,0.814433,0.987342,0.929487,1.0,0.503448,4.533203,0.564651,3.439667,0.602076,3.003401,0.763483,0.700361,0.876289,0.994118,0.982249,1.0,0.066265,4.611362,0.614552,3.481003,0.616091,5.067157,0.401035,0.263538,0.039711,79,benchmark
79 / nlvo / benchmark,nlvo,536.5,0.090454,0.001864,0.571429,0.591799,0.618898,0.97201,0.814136,1.0,0.312081,4.68986,0.575026,3.681471,0.677531,2.948827,0.829903,0.591799,0.746457,0.978903,0.918103,1.0,0.004695,4.85597,0.640871,3.726955,0.680867,,,0.090454,0.001864,79,benchmark
79 / other / benchmark,other,92.5,0.0,0.0,,0.627027,0.715517,0.939759,0.858974,1.0,0.0,4.592141,0.599629,3.555551,0.617352,,,0.627027,0.818966,0.957895,0.879121,1.0,0.0,4.740531,0.68482,3.674455,0.715268,,,0.0,0.0,79,benchmark
79 / mixed / benchmark,mixed,767.5,0.113355,0.008469,0.619048,0.615635,0.670899,0.971609,0.849026,1.0,0.332696,4.638026,0.578885,3.60429,0.659045,2.971971,0.800802,0.615635,0.782011,0.979702,0.928177,1.0,0.019345,4.78486,0.647991,3.662945,0.677598,5.13708,0.415982,0.113355,0.008469,79,benchmark
79 / lvo / onset,lvo,138.5,0.346076,0.046998,0.642857,0.828872,0.814433,0.987342,0.929487,1.0,0.558621,4.533203,0.564651,3.439667,0.602076,3.003401,0.763483,0.828872,0.876289,0.994118,0.982249,1.0,0.066265,4.611362,0.614552,3.481003,0.616091,5.067157,0.401035,0.346076,0.046998,79,onset
79 / nlvo / onset,nlvo,536.5,0.131987,0.0024,0.571429,0.761925,0.618898,0.97201,0.814136,1.0,0.353698,4.68986,0.575026,3.681471,0.677531,2.948827,0.829903,0.761925,0.746457,0.978903,0.918103,1.0,0.004695,4.85597,0.640871,3.726955,0.680867,,,0.131987,0.0024,79,onset
79 / other / onset,other,92.5,0.0,0.0,,0.785804,0.715517,0.939759,0.858974,1.0,0.0,4.592141,0.599629,3.555551,0.617352,,,0.785804,0.818966,0.957895,0.879121,1.0,0.0,4.740531,0.68482,3.674455,0.715268,,,0.0,0.0,79,onset
79 / mixed / onset,mixed,767.5,0.158419,0.010782,0.619048,0.783802,0.670899,0.971609,0.849026,1.0,0.365201,4.638026,0.578885,3.60429,0.659045,2.971971,0.800802,0.783802,0.782011,0.979702,0.928177,1.0,0.019345,4.78486,0.647991,3.662945,0.677598,5.13708,0.415982,0.158419,0.010782,79,onset
79 / lvo / speed,lvo,138.5,0.281359,0.037949,0.642857,0.700361,0.814433,0.95,0.929487,1.0,0.558621,4.533203,0.564651,2.70805,0.0,3.003401,0.763483,0.700361,0.876289,0.95,0.982249,1.0,0.066265,4.611362,0.614552,2.70805,0.0,5.067157,0.401035,0.281359,0.037949,79,speed
79 / nlvo / speed,nlvo,536.5,0.100195,0.001809,0.571429,0.591799,0.618898,0.95,0.814136,1.0,0.353698,4.68986,0.575026,2.70805,0.0,2.948827,0.829903,0.591799,0.746457,0.95,0.918103,1.0,0.004695,4.85597,0.640871,2.70805,0.0,,,0.100195,0.001809,79,speed
79 / other / speed,other,92.5,0.0,0.0,,0.627027,0.715517,0.95,0.858974,1.0,0.0,4.592141,0.599629,2.70805,0.0,,,0.627027,0.818966,0.95,0.879121,1.0,0.0,4.740531,0.68482,2.70805,0.0,,,0.0,0.0,79,speed
79 / mixed / speed,mixed,767.5,0.121663,0.008212,0.619048,0.615635,0.670899,0.95,0.849026,1.0,0.365201,4.638026,0.578885,2.70805,0.0,2.971971,0.800802,0.615635,0.782011,0.95,0.928177,1.0,0.019345,4.78486,0.647991,2.70805,0.0,5.13708,0.415982,0.121663,0.008212,79,speed
79 / lvo / onset + benchmark,lvo,138.5,0.311895,0.046998,0.642857,0.828872,0.814433,0.987342,0.929487,1.0,0.503448,4.533203,0.564651,3.439667,0.602076,3.003401,0.763483,0.828872,0.876289,0.994118,0.982249,1.0,0.066265,4.611362,0.614552,3.481003,0.616091,5.067157,0.401035,0.311895,0.046998,79,onset + benchmark
79 / nlvo / onset + benchmark,nlvo,536.5,0.116457,0.0024,0.571429,0.761925,0.618898,0.97201,0.814136,1.0,0.312081,4.68986,0.575026,3.681471,0.677531,2.948827,0.829903,0.761925,0.746457,0.978903,0.918103,1.0,0.004695,4.85597,0.640871,3.726955,0.680867,,,0.116457,0.0024,79,onset + benchmark
79 / other / onset + benchmark,other,92.5,0.0,0.0,,0.785804,0.715517,0.939759,0.858974,1.0,0.0,4.592141,0.599629,3.555551,0.617352,,,0.785804,0.818966,0.957895,0.879121,1.0,0.0,4.740531,0.68482,3.674455,0.715268,,,0.0,0.0,79,onset + benchmark
79 / mixed / onset + benchmark,mixed,767.5,0.144319,0.010782,0.619048,0.783802,0.670899,0.971609,0.849026,1.0,0.332696,4.638026,0.578885,3.60429,0.659045,2.971971,0.800802,0.783802,0.782011,0.979702,0.928177,1.0,0.019345,4.78486,0.647991,3.662945,0.677598,5.13708,0.415982,0.144319,0.010782,79,onset + benchmark
79 / lvo / speed + benchmark,lvo,138.5,0.253571,0.037949,0.642857,0.700361,0.814433,0.95,0.929487,1.0,0.503448,4.533203,0.564651,2.70805,0.0,3.003401,0.763483,0.700361,0.876289,0.95,0.982249,1.0,0.066265,4.611362,0.614552,2.70805,0.0,5.067157,0.401035,0.253571,0.037949,79,speed + benchmark
79 / nlvo / speed + benchmark,nlvo,536.5,0.088406,0.001809,0.571429,0.591799,0.618898,0.95,0.814136,1.0,0.312081,4.68986,0.575026,2.70805,0.0,2.948827,0.829903,0.591799,0.746457,0.95,0.918103,1.0,0.004695,4.85597,0.640871,2.70805,0.0,,,0.088406,0.001809,79,speed + benchmark
79 / other / speed + benchmark,other,92.5,0.0,0.0,,0.627027,0.715517,0.95,0.858974,1.0,0.0,4.592141,0.599629,2.70805,0.0,,,0.627027,0.818966,0.95,0.879121,1.0,0.0,4.740531,0.68482,2.70805,0.0,,,0.0,0.0,79,speed + benchmark
79 / mixed / speed + benchmark,mixed,767.5,0.110834,0.008212,0.619048,0.615635,0.670899,0.95,0.849026,1.0,0.332696,4.638026,0.578885,2.70805,0.0,2.971971,0.800802,0.615635,0.782011,0.95,0.928177,1.0,0.019345,4.78486,0.647991,2.70805,0.0,5.13708,0.415982,0.110834,0.008212,79,speed + benchmark
79 / lvo / speed + onset,lvo,138.5,0.332987,0.044912,0.642857,0.828872,0.814433,0.95,0.929487,1.0,0.558621,4.533203,0.564651,2.70805,0.0,3.003401,0.763483,0.828872,0.876289,0.95,0.982249,1.0,0.066265,4.611362,0.614552,2.70805,0.0,5.067157,0.401035,0.332987,0.044912,79,speed + onset
79 / nlvo / speed + onset,nlvo,536.5,0.128998,0.002329,0.571429,0.761925,0.618898,0.95,0.814136,1.0,0.353698,4.68986,0.575026,2.70805,0.0,2.948827,0.829903,0.761925,0.746457,0.95,0.918103,1.0,0.004695,4.85597,0.640871,2.70805,0.0,,,0.128998,0.002329,79,speed + onset
79 / other / speed + onset,other,92.5,0.0,0.0,,0.785804,0.715517,0.95,0.858974,1.0,0.0,4.592141,0.599629,2.70805,0.0,,,0.785804,0.818966,0.95,0.879121,1.0,0.0,4.740531,0.68482,2.70805,0.0,,,0.0,0.0,79,speed + onset
79 / mixed / speed + onset,mixed,767.5,0.154896,0.010455,0.619048,0.783802,0.670899,0.95,0.849026,1.0,0.365201,4.638026,0.578885,2.70805,0.0,2.971971,0.800802,0.783802,0.782011,0.95,0.928177,1.0,0.019345,4.78486,0.647991,2.70805,0.0,5.13708,0.415982,0.154896,0.010455,79,speed + onset
79 / lvo / speed + onset + benchmark,lvo,138.5,0.300099,0.044912,0.642857,0.828872,0.814433,0.95,0.929487,1.0,0.503448,4.533203,0.564651,2.70805,0.0,3.003401,0.763483,0.828872,0.876289,0.95,0.982249,1.0,0.066265,4.611362,0.614552,2.70805,0.0,5.067157,0.401035,0.300099,0.044912,79,speed + onset + benchmark
79 / nlvo / speed + onset + benchmark,nlvo,536.5,0.11382,0.002329,0.571429,0.761925,0.618898,0.95,0.814136,1.0,0.312081,4.68986,0.575026,2.70805,0.0,2.948827,0.829903,0.761925,0.746457,0.95,0.918103,1.0,0.004695,4.85597,0.640871,2.70805,0.0,,,0.11382,0.002329,79,speed + onset + benchmark
79 / other / speed + onset + benchmark,other,92.5,0.0,0.0,,0.785804,0.715517,0.95,0.858974,1.0,0.0,4.592141,0.599629,2.70805,0.0,,,0.785804,0.818966,0.95,0.879121,1.0,0.0,4.740531,0.68482,2.70805,0.0,,,0.0,0.0,79,speed + onset + benchmark
79 / mixed / speed + onset + benchmark,mixed,767.5,0.141109,0.010455,0.619048,0.783802,0.670899,0.95,0.849026,1.0,0.332696,4.638026,0.578885,2.70805,0.0,2.971971,0.800802,0.783802,0.782011,0.95,0.928177,1.0,0.019345,4.78486,0.647991,2.70805,0.0,5.13708,0.415982,0.141109,0.010455,79,speed + onset + benchmark
80 / lvo / base,lvo,35.5,0.408451,0.014085,0.0,1.0,0.549296,1.0,0.948718,1.0,0.756757,4.694963,0.440256,2.229916,0.726516,3.690965,0.548705,1.0,0.661972,1.0,0.87234,1.0,0.02439,4.87929,0.576353,2.36151,0.801226,,,0.394367,0.014084,80,base
80 / nlvo / base,nlvo,145.0,0.206897,0.0,,1.0,0.3,0.965517,0.940476,1.0,0.746835,4.485446,0.563266,2.485816,0.888352,3.655227,0.449661,1.0,0.413793,0.966667,0.836207,1.0,0.0,4.822855,0.730859,2.911326,1.183154,,,0.203448,0.0,80,base
80 / other / base,other,30.5,0.0,0.0,,1.0,0.557377,0.911765,0.935484,1.0,0.0,4.638936,0.595772,2.439939,0.887877,,,1.0,0.606557,0.972973,0.888889,1.0,0.0,4.727759,0.64638,2.769251,1.306613,,,0.0,0.0,80,base
80 / mixed / base,mixed,211.0,0.2109,0.00237,0.0,1.0,0.379147,0.9625,0.941558,1.0,0.6,4.569132,0.548044,2.411775,0.851692,3.666729,0.480802,1.0,0.483412,0.97549,0.854271,1.0,0.005882,4.81861,0.681806,2.755768,1.14677,,,0.206161,0.00237,80,base
80 / lvo / benchmark,lvo,35.5,0.408451,0.014084,0.0,1.0,0.549296,1.0,0.948718,1.0,0.783784,4.694963,0.440256,2.229916,0.726516,3.690965,0.548705,1.0,0.661972,1.0,0.87234,1.0,0.02439,4.87929,0.576353,2.36151,0.801226,,,0.408451,0.014084,80,benchmark
80 / nlvo / benchmark,nlvo,145.0,0.17539,0.0,,1.0,0.3,0.965517,0.940476,1.0,0.643836,4.485446,0.563266,2.485816,0.888352,3.655227,0.449661,1.0,0.413793,0.966667,0.836207,1.0,0.0,4.822855,0.730859,2.911326,1.183154,,,0.17539,0.0,80,benchmark
80 / other / benchmark,other,30.5,0.0,0.0,,1.0,0.557377,0.911765,0.935484,1.0,0.0,4.638936,0.595772,2.439939,0.887877,,,1.0,0.606557,0.972973,0.888889,1.0,0.0,4.727759,0.64638,2.769251,1.306613,,,0.0,0.0,80,benchmark
80 / mixed / benchmark,mixed,211.0,0.194313,0.00237,0.0,1.0,0.379147,0.9625,0.941558,1.0,0.565517,4.569132,0.548044,2.411775,0.851692,3.666729,0.480802,1.0,0.483412,0.97549,0.854271,1.0,0.005882,4.81861,0.681806,2.755768,1.14677,,,0.194313,0.00237,80,benchmark
80 / lvo / onset,lvo,35.5,0.394367,0.014084,0.0,1.0,0.549296,1.0,0.948718,1.0,0.756757,4.694963,0.440256,2.229916,0.726516,3.690965,0.548705,1.0,0.661972,1.0,0.87234,1.0,0.02439,4.87929,0.576353,2.36151,0.801226,,,0.394367,0.014084,80,onset
80 / nlvo / onset,nlvo,145.0,0.203448,0.0,,1.0,0.3,0.965517,0.940476,1.0,0.746835,4.485446,0.563266,2.485816,0.888352,3.655227,0.449661,1.0,0.413793,0.966667,0.836207,1.0,0.0,4.822855,0.730859,2.911326,1.183154,,,0.203448,0.0,80,onset
80 / other / onset,other,30.5,0.0,0.0,,1.0,0.557377,0.911765,0.935484,1.0,0.0,4.638936,0.595772,2.439939,0.887877,,,1.0,0.606557,0.972973,0.888889,1.0,0.0,4.727759,0.64638,2.769251,1.306613,,,0.0,0.0,80,onset
80 / mixed / onset,mixed,211.0,0.206161,0.00237,0.0,1.0,0.379147,0.9625,0.941558,1.0,0.6,4.569132,0.548044,2.411775,0.851692,3.666729,0.480802,1.0,0.483412,0.97549,0.854271,1.0,0.005882,4.81861,0.681806,2.755768,1.14677,,,0.206161,0.00237,80,onset
80 / lvo / speed,lvo,35.5,0.374648,0.01338,0.0,1.0,0.549296,0.95,0.948718,1.0,0.756757,4.694963,0.440256,2.229916,0.0,3.690965,0.548705,1.0,0.661972,0.95,0.87234,1.0,0.02439,4.87929,0.576353,2.36151,0.0,,,0.374648,0.01338,80,speed
80 / nlvo / speed,nlvo,145.0,0.200178,0.0,,1.0,0.3,0.95,0.940476,1.0,0.746835,4.485446,0.563266,2.485816,0.0,3.655227,0.449661,1.0,0.413793,0.95,0.836207,1.0,0.0,4.822855,0.730859,2.70805,0.0,,,0.200178,0.0,80,speed
80 / other / speed,other,30.5,0.0,0.0,,1.0,0.557377,0.95,0.935484,1.0,0.0,4.638936,0.595772,2.439939,0.0,,,1.0,0.606557,0.95,0.888889,1.0,0.0,4.727759,0.64638,2.70805,0.0,,,0.0,0.0,80,speed
80 / mixed / speed,mixed,211.0,0.203484,0.002308,0.0,1.0,0.379147,0.95,0.941558,1.0,0.6,4.569132,0.548044,2.411775,0.0,3.666729,0.480802,1.0,0.483412,0.95,0.854271,1.0,0.005882,4.81861,0.681806,2.70805,0.0,,,0.203484,0.002308,80,speed
80 / lvo / onset + benchmark,lvo,35.5,0.408451,0.014084,0.0,1.0,0.549296,1.0,0.948718,1.0,0.783784,4.694963,0.440256,2.229916,0.726516,3.690965,0.548705,1.0,0.661972,1.0,0.87234,1.0,0.02439,4.87929,0.576353,2.36151,0.801226,,,0.408451,0.014084,80,onset + benchmark
80 / nlvo / onset + benchmark,nlvo,145.0,0.17539,0.0,,1.0,0.3,0.965517,0.940476,1.0,0.643836,4.485446,0.563266,2.485816,0.888352,3.655227,0.449661,1.0,0.413793,0.966667,0.836207,1.0,0.0,4.822855,0.730859,2.911326,1.183154,,,0.17539,0.0,80,onset + benchmark
80 / other / onset + benchmark,other,30.5,0.0,0.0,,1.0,0.557377,0.911765,0.935484,1.0,0.0,4.638936,0.595772,2.439939,0.887877,,,1.0,0.606557,0.972973,0.888889,1.0,0.0,4.727759,0.64638,2.769251,1.306613,,,0.0,0.0,80,onset + benchmark
80 / mixed / onset + benchmark,mixed,211.0,0.194313,0.00237,0.0,1.0,0.379147,0.9625,0.941558,1.0,0.565517,4.569132,0.548044,2.411775,0.851692,3.666729,0.480802,1.0,0.483412,0.97549,0.854271,1.0,0.005882,4.81861,0.681806,2.755768,1.14677,,,0.194313,0.00237,80,onset + benchmark
80 / lvo / speed + benchmark,lvo,35.5,0.388028,0.01338,0.0,1.0,0.549296,0.95,0.948718,1.0,0.783784,4.694963,0.440256,2.229916,0.0,3.690965,0.548705,1.0,0.661972,0.95,0.87234,1.0,0.02439,4.87929,0.576353,2.36151,0.0,,,0.388028,0.01338,80,speed + benchmark
80 / nlvo / speed + benchmark,nlvo,145.0,0.172571,0.0,,1.0,0.3,0.95,0.940476,1.0,0.643836,4.485446,0.563266,2.485816,0.0,3.655227,0.449661,1.0,0.413793,0.95,0.836207,1.0,0.0,4.822855,0.730859,2.70805,0.0,,,0.172571,0.0,80,speed + benchmark
80 / other / speed + benchmark,other,30.5,0.0,0.0,,1.0,0.557377,0.95,0.935484,1.0,0.0,4.638936,0.595772,2.439939,0.0,,,1.0,0.606557,0.95,0.888889,1.0,0.0,4.727759,0.64638,2.70805,0.0,,,0.0,0.0,80,speed + benchmark
80 / mixed / speed + benchmark,mixed,211.0,0.191789,0.002308,0.0,1.0,0.379147,0.95,0.941558,1.0,0.565517,4.569132,0.548044,2.411775,0.0,3.666729,0.480802,1.0,0.483412,0.95,0.854271,1.0,0.005882,4.81861,0.681806,2.70805,0.0,,,0.191789,0.002308,80,speed + benchmark
80 / lvo / speed + onset,lvo,35.5,0.374648,0.01338,0.0,1.0,0.549296,0.95,0.948718,1.0,0.756757,4.694963,0.440256,2.229916,0.0,3.690965,0.548705,1.0,0.661972,0.95,0.87234,1.0,0.02439,4.87929,0.576353,2.36151,0.0,,,0.374648,0.01338,80,speed + onset
80 / nlvo / speed + onset,nlvo,145.0,0.200178,0.0,,1.0,0.3,0.95,0.940476,1.0,0.746835,4.485446,0.563266,2.485816,0.0,3.655227,0.449661,1.0,0.413793,0.95,0.836207,1.0,0.0,4.822855,0.730859,2.70805,0.0,,,0.200178,0.0,80,speed + onset
80 / other / speed + onset,other,30.5,0.0,0.0,,1.0,0.557377,0.95,0.935484,1.0,0.0,4.638936,0.595772,2.439939,0.0,,,1.0,0.606557,0.95,0.888889,1.0,0.0,4.727759,0.64638,2.70805,0.0,,,0.0,0.0,80,speed + onset
80 / mixed / speed + onset,mixed,211.0,0.203484,0.002308,0.0,1.0,0.379147,0.95,0.941558,1.0,0.6,4.569132,0.548044,2.411775,0.0,3.666729,0.480802,1.0,0.483412,0.95,0.854271,1.0,0.005882,4.81861,0.681806,2.70805,0.0,,,0.203484,0.002308,80,speed + onset
80 / lvo / speed + onset + benchmark,lvo,35.5,0.388028,0.01338,0.0,1.0,0.549296,0.95,0.948718,1.0,0.783784,4.694963,0.440256,2.229916,0.0,3.690965,0.548705,1.0,0.661972,0.95,0.87234,1.0,0.02439,4.87929,0.576353,2.36151,0.0,,,0.388028,0.01338,80,speed + onset + benchmark
80 / nlvo / speed + onset + benchmark,nlvo,145.0,0.172571,0.0,,1.0,0.3,0.95,0.940476,1.0,0.643836,4.485446,0.563266,2.485816,0.0,3.655227,0.449661,1.0,0.413793,0.95,0.836207,1.0,0.0,4.822855,0.730859,2.70805,0.0,,,0.172571,0.0,80,speed + onset + benchmark
80 / other / speed + onset + benchmark,other,30.5,0.0,0.0,,1.0,0.557377,0.95,0.935484,1.0,0.0,4.638936,0.595772,2.439939,0.0,,,1.0,0.606557,0.95,0.888889,1.0,0.0,4.727759,0.64638,2.70805,0.0,,,0.0,0.0,80,speed + onset + benchmark
80 / mixed / speed + onset + benchmark,mixed,211.0,0.191789,0.002308,0.0,1.0,0.379147,0.95,0.941558,1.0,0.565517,4.569132,0.548044,2.411775,0.0,3.666729,0.480802,1.0,0.483412,0.95,0.854271,1.0,0.005882,4.81861,0.681806,2.70805,0.0,,,0.191789,0.002308,80,speed + onset + benchmark
81 / lvo / base,lvo,47.5,0.273684,0.0,,0.768421,0.753425,0.981818,0.962963,1.0,0.480769,4.43954,0.5915,2.863615,0.895106,3.795509,0.458217,0.768421,0.849315,0.967742,0.966667,1.0,0.0,4.574897,0.676079,2.936197,0.995924,,,0.263158,0.0,81,base
81 / nlvo / base,nlvo,272.0,0.086397,0.0,,0.761029,0.478261,0.944444,0.823529,1.0,0.292208,4.597492,0.540368,3.145224,1.177935,3.74477,0.817516,0.761029,0.584541,0.971074,0.880851,1.0,0.0,4.797002,0.649012,3.302084,1.26009,,,0.082721,0.0,81,base
81 / other / base,other,45.5,0.0,0.0,,0.725275,0.712121,0.957447,0.888889,1.0,0.0,4.480386,0.691829,3.259062,0.91963,,,0.725275,0.757576,1.0,0.98,1.0,0.0,4.548034,0.722863,3.267364,1.090587,,,0.0,0.0,81,base
81 / mixed / base,mixed,365.0,0.1,0.0,,0.757534,0.542495,0.953333,0.86014,1.0,0.284553,4.550188,0.577676,3.109965,1.095873,3.762891,0.706975,0.757534,0.640145,0.974576,0.910145,1.0,0.0,4.722938,0.671591,3.23342,1.199342,,,0.09589,0.0,81,base
81 / lvo / benchmark,lvo,47.5,0.273684,0.0,,0.768421,0.753425,0.981818,0.962963,1.0,0.5,4.43954,0.5915,2.863615,0.895106,3.795509,0.458217,0.768421,0.849315,0.967742,0.966667,1.0,0.0,4.574897,0.676079,2.936197,0.995924,,,0.273684,0.0,81,benchmark
81 / nlvo / benchmark,nlvo,272.0,0.096846,0.0,,0.761029,0.478261,0.944444,0.823529,1.0,0.342105,4.597492,0.540368,3.145224,1.177935,3.74477,0.817516,0.761029,0.584541,0.971074,0.880851,1.0,0.0,4.797002,0.649012,3.302084,1.26009,,,0.096846,0.0,81,benchmark
81 / other / benchmark,other,45.5,0.0,0.0,,0.725275,0.712121,0.957447,0.888889,1.0,0.0,4.480386,0.691829,3.259062,0.91963,,,0.725275,0.757576,1.0,0.98,1.0,0.0,4.548034,0.722863,3.267364,1.090587,,,0.0,0.0,81,benchmark
81 / mixed / benchmark,mixed,365.0,0.109589,0.0,,0.757534,0.542495,0.953333,0.86014,1.0,0.325203,4.550188,0.577676,3.109965,1.095873,3.762891,0.706975,0.757534,0.640145,0.974576,0.910145,1.0,0.0,4.722938,0.671591,3.23342,1.199342,,,0.109589,0.0,81,benchmark
81 / lvo / onset,lvo,47.5,0.28386,0.0,,0.828872,0.753425,0.981818,0.962963,1.0,0.480769,4.43954,0.5915,2.863615,0.895106,3.795509,0.458217,0.828872,0.849315,0.967742,0.966667,1.0,0.0,4.574897,0.676079,2.936197,0.995924,,,0.28386,0.0,81,onset
81 / nlvo / onset,nlvo,272.0,0.082818,0.0,,0.761925,0.478261,0.944444,0.823529,1.0,0.292208,4.597492,0.540368,3.145224,1.177935,3.74477,0.817516,0.761925,0.584541,0.971074,0.880851,1.0,0.0,4.797002,0.649012,3.302084,1.26009,,,0.082818,0.0,81,onset
81 / other / onset,other,45.5,0.0,0.0,,0.785804,0.712121,0.957447,0.888889,1.0,0.0,4.480386,0.691829,3.259062,0.91963,,,0.785804,0.757576,1.0,0.98,1.0,0.0,4.548034,0.722863,3.267364,1.090587,,,0.0,0.0,81,onset
81 / mixed / onset,mixed,365.0,0.099215,0.0,,0.783802,0.542495,0.953333,0.86014,1.0,0.284553,4.550188,0.577676,3.109965,1.095873,3.762891,0.706975,0.783802,0.640145,0.974576,0.910145,1.0,0.0,4.722938,0.671591,3.23342,1.199342,,,0.099215,0.0,81,onset
81 / lvo / speed,lvo,47.5,0.25463,0.0,,0.768421,0.753425,0.95,0.962963,1.0,0.480769,4.43954,0.5915,2.70805,0.0,3.795509,0.458217,0.768421,0.849315,0.95,0.966667,1.0,0.0,4.574897,0.676079,2.70805,0.0,,,0.25463,0.0,81,speed
81 / nlvo / speed,nlvo,272.0,0.083207,0.0,,0.761029,0.478261,0.95,0.823529,1.0,0.292208,4.597492,0.540368,2.70805,0.0,3.74477,0.817516,0.761029,0.584541,0.95,0.880851,1.0,0.0,4.797002,0.649012,2.70805,0.0,,,0.083207,0.0,81,speed
81 / other / speed,other,45.5,0.0,0.0,,0.725275,0.712121,0.95,0.888889,1.0,0.0,4.480386,0.691829,2.70805,0.0,,,0.725275,0.757576,0.95,0.98,1.0,0.0,4.548034,0.722863,2.70805,0.0,,,0.0,0.0,81,speed
81 / mixed / speed,mixed,365.0,0.095555,0.0,,0.757534,0.542495,0.95,0.86014,1.0,0.284553,4.550188,0.577676,2.70805,0.0,3.762891,0.706975,0.757534,0.640145,0.95,0.910145,1.0,0.0,4.722938,0.671591,2.70805,0.0,,,0.095555,0.0,81,speed
81 / lvo / onset + benchmark,lvo,47.5,0.295215,0.0,,0.828872,0.753425,0.981818,0.962963,1.0,0.5,4.43954,0.5915,2.863615,0.895106,3.795509,0.458217,0.828872,0.849315,0.967742,0.966667,1.0,0.0,4.574897,0.676079,2.936197,0.995924,,,0.295215,0.0,81,onset + benchmark
81 / nlvo / onset + benchmark,nlvo,272.0,0.09696,0.0,,0.761925,0.478261,0.944444,0.823529,1.0,0.342105,4.597492,0.540368,3.145224,1.177935,3.74477,0.817516,0.761925,0.584541,0.971074,0.880851,1.0,0.0,4.797002,0.649012,3.302084,1.26009,,,0.09696,0.0,81,onset + benchmark
81 / other / onset + benchmark,other,45.5,0.0,0.0,,0.785804,0.712121,0.957447,0.888889,1.0,0.0,4.480386,0.691829,3.259062,0.91963,,,0.785804,0.757576,1.0,0.98,1.0,0.0,4.548034,0.722863,3.267364,1.090587,,,0.0,0.0,81,onset + benchmark
81 / mixed / onset + benchmark,mixed,365.0,0.113389,0.0,,0.783802,0.542495,0.953333,0.86014,1.0,0.325203,4.550188,0.577676,3.109965,1.095873,3.762891,0.706975,0.783802,0.640145,0.974576,0.910145,1.0,0.0,4.722938,0.671591,3.23342,1.199342,,,0.113389,0.0,81,onset + benchmark
81 / lvo / speed + benchmark,lvo,47.5,0.264815,0.0,,0.768421,0.753425,0.95,0.962963,1.0,0.5,4.43954,0.5915,2.70805,0.0,3.795509,0.458217,0.768421,0.849315,0.95,0.966667,1.0,0.0,4.574897,0.676079,2.70805,0.0,,,0.264815,0.0,81,speed + benchmark
81 / nlvo / speed + benchmark,nlvo,272.0,0.097416,0.0,,0.761029,0.478261,0.95,0.823529,1.0,0.342105,4.597492,0.540368,2.70805,0.0,3.74477,0.817516,0.761029,0.584541,0.95,0.880851,1.0,0.0,4.797002,0.649012,2.70805,0.0,,,0.097416,0.0,81,speed + benchmark
81 / other / speed + benchmark,other,45.5,0.0,0.0,,0.725275,0.712121,0.95,0.888889,1.0,0.0,4.480386,0.691829,2.70805,0.0,,,0.725275,0.757576,0.95,0.98,1.0,0.0,4.548034,0.722863,2.70805,0.0,,,0.0,0.0,81,speed + benchmark
81 / mixed / speed + benchmark,mixed,365.0,0.109206,0.0,,0.757534,0.542495,0.95,0.86014,1.0,0.325203,4.550188,0.577676,2.70805,0.0,3.762891,0.706975,0.757534,0.640145,0.95,0.910145,1.0,0.0,4.722938,0.671591,2.70805,0.0,,,0.109206,0.0,81,speed + benchmark
81 / lvo / speed + onset,lvo,47.5,0.274661,0.0,,0.828872,0.753425,0.95,0.962963,1.0,0.480769,4.43954,0.5915,2.70805,0.0,3.795509,0.458217,0.828872,0.849315,0.95,0.966667,1.0,0.0,4.574897,0.676079,2.70805,0.0,,,0.274661,0.0,81,speed + onset
81 / nlvo / speed + onset,nlvo,272.0,0.083305,0.0,,0.761925,0.478261,0.95,0.823529,1.0,0.292208,4.597492,0.540368,2.70805,0.0,3.74477,0.817516,0.761925,0.584541,0.95,0.880851,1.0,0.0,4.797002,0.649012,2.70805,0.0,,,0.083305,0.0,81,speed + onset
81 / other / speed + onset,other,45.5,0.0,0.0,,0.785804,0.712121,0.95,0.888889,1.0,0.0,4.480386,0.691829,2.70805,0.0,,,0.785804,0.757576,0.95,0.98,1.0,0.0,4.548034,0.722863,2.70805,0.0,,,0.0,0.0,81,speed + onset
81 / mixed / speed + onset,mixed,365.0,0.098868,0.0,,0.783802,0.542495,0.95,0.86014,1.0,0.284553,4.550188,0.577676,2.70805,0.0,3.762891,0.706975,0.783802,0.640145,0.95,0.910145,1.0,0.0,4.722938,0.671591,2.70805,0.0,,,0.098868,0.0,81,speed + onset
81 / lvo / speed + onset + benchmark,lvo,47.5,0.285648,0.0,,0.828872,0.753425,0.95,0.962963,1.0,0.5,4.43954,0.5915,2.70805,0.0,3.795509,0.458217,0.828872,0.849315,0.95,0.966667,1.0,0.0,4.574897,0.676079,2.70805,0.0,,,0.285648,0.0,81,speed + onset + benchmark
81 / nlvo / speed + onset + benchmark,nlvo,272.0,0.09753,0.0,,0.761925,0.478261,0.95,0.823529,1.0,0.342105,4.597492,0.540368,2.70805,0.0,3.74477,0.817516,0.761925,0.584541,0.95,0.880851,1.0,0.0,4.797002,0.649012,2.70805,0.0,,,0.09753,0.0,81,speed + onset + benchmark
81 / other / speed + onset + benchmark,other,45.5,0.0,0.0,,0.785804,0.712121,0.95,0.888889,1.0,0.0,4.480386,0.691829,2.70805,0.0,,,0.785804,0.757576,0.95,0.98,1.0,0.0,4.548034,0.722863,2.70805,0.0,,,0.0,0.0,81,speed + onset + benchmark
81 / mixed / speed + onset + benchmark,mixed,365.0,0.112992,0.0,,0.783802,0.542495,0.95,0.86014,1.0,0.325203,4.550188,0.577676,2.70805,0.0,3.762891,0.706975,0.783802,0.640145,0.95,0.910145,1.0,0.0,4.722938,0.671591,2.70805,0.0,,,0.112992,0.0,81,speed + onset + benchmark
82 / lvo / base,lvo,132.0,0.238636,0.026515,0.714286,0.871212,0.595652,1.0,0.919708,1.0,0.452381,4.606935,0.51836,3.249915,0.585969,3.524142,0.583534,0.871212,0.691304,1.0,0.949686,1.0,0.046358,4.754941,0.608639,3.33456,0.640967,,,0.215909,0.026515,82,base
82 / nlvo / base,nlvo,375.0,0.090667,0.0,,0.749333,0.476868,0.977612,0.79771,1.0,0.320574,4.746743,0.620103,3.623884,0.898126,3.530782,0.590646,0.749333,0.6121,0.994186,0.865497,1.0,0.0,4.94847,0.667792,3.758479,0.92933,,,0.089333,0.0,82,base
82 / other / base,other,73.5,0.0,0.0,,0.843537,0.612903,0.986842,0.853333,1.0,0.0,4.638496,0.519815,3.520656,0.676245,,,0.843537,0.766129,0.989474,0.914894,1.0,0.0,4.849004,0.630654,3.41119,0.951403,,,0.0,0.0,82,base
82 / mixed / base,mixed,580.5,0.112834,0.006029,0.714286,0.788975,0.525109,0.985447,0.841772,1.0,0.310777,4.689819,0.580027,3.499463,0.80128,3.52773,0.585009,0.788975,0.652838,0.994983,0.895798,1.0,0.013133,4.881212,0.651072,3.59033,0.886379,,,0.106804,0.006029,82,base
82 / lvo / benchmark,lvo,132.0,0.265151,0.026515,0.714286,0.871212,0.595652,1.0,0.919708,1.0,0.555556,4.606935,0.51836,3.249915,0.585969,3.524142,0.583534,0.871212,0.691304,1.0,0.949686,1.0,0.046358,4.754941,0.608639,3.33456,0.640967,,,0.265151,0.026515,82,benchmark
82 / nlvo / benchmark,nlvo,375.0,0.086288,0.0,,0.749333,0.476868,0.977612,0.79771,1.0,0.309645,4.746743,0.620103,3.623884,0.898126,3.530782,0.590646,0.749333,0.6121,0.994186,0.865497,1.0,0.0,4.94847,0.667792,3.758479,0.92933,,,0.086288,0.0,82,benchmark
82 / other / benchmark,other,73.5,0.0,0.0,,0.843537,0.612903,0.986842,0.853333,1.0,0.0,4.638496,0.519815,3.520656,0.676245,,,0.843537,0.766129,0.989474,0.914894,1.0,0.0,4.849004,0.630654,3.41119,0.951403,,,0.0,0.0,82,benchmark
82 / mixed / benchmark,mixed,580.5,0.119724,0.006029,0.714286,0.788975,0.525109,0.985447,0.841772,1.0,0.348371,4.689819,0.580027,3.499463,0.80128,3.52773,0.585009,0.788975,0.652838,0.994983,0.895798,1.0,0.013133,4.881212,0.651072,3.59033,0.886379,,,0.119724,0.006029,82,benchmark
82 / lvo / onset,lvo,132.0,0.215909,0.026515,0.714286,0.871212,0.595652,1.0,0.919708,1.0,0.452381,4.606935,0.51836,3.249915,0.585969,3.524142,0.583534,0.871212,0.691304,1.0,0.949686,1.0,0.046358,4.754941,0.608639,3.33456,0.640967,,,0.215909,0.026515,82,onset
82 / nlvo / onset,nlvo,375.0,0.090834,0.0,,0.761925,0.476868,0.977612,0.79771,1.0,0.320574,4.746743,0.620103,3.623884,0.898126,3.530782,0.590646,0.761925,0.6121,0.994186,0.865497,1.0,0.0,4.94847,0.667792,3.758479,0.92933,,,0.090834,0.0,82,onset
82 / other / onset,other,73.5,0.0,0.0,,0.843537,0.612903,0.986842,0.853333,1.0,0.0,4.638496,0.519815,3.520656,0.676245,,,0.843537,0.766129,0.989474,0.914894,1.0,0.0,4.849004,0.630654,3.41119,0.951403,,,0.0,0.0,82,onset
82 / mixed / onset,mixed,580.5,0.106804,0.006029,0.714286,0.788975,0.525109,0.985447,0.841772,1.0,0.310777,4.689819,0.580027,3.499463,0.80128,3.52773,0.585009,0.788975,0.652838,0.994983,0.895798,1.0,0.013133,4.881212,0.651072,3.59033,0.886379,,,0.106804,0.006029,82,onset
82 / lvo / speed,lvo,132.0,0.205114,0.02519,0.714286,0.871212,0.595652,0.95,0.919708,1.0,0.452381,4.606935,0.51836,2.70805,0.0,3.524142,0.583534,0.871212,0.691304,0.95,0.949686,1.0,0.046358,4.754941,0.608639,2.70805,0.0,,,0.205114,0.02519,82,speed
82 / nlvo / speed,nlvo,375.0,0.08681,0.0,,0.749333,0.476868,0.95,0.79771,1.0,0.320574,4.746743,0.620103,2.70805,0.0,3.530782,0.590646,0.749333,0.6121,0.95,0.865497,1.0,0.0,4.94847,0.667792,2.70805,0.0,,,0.08681,0.0,82,speed
82 / other / speed,other,73.5,0.0,0.0,,0.843537,0.612903,0.95,0.853333,1.0,0.0,4.638496,0.519815,2.70805,0.0,,,0.843537,0.766129,0.95,0.914894,1.0,0.0,4.849004,0.630654,2.70805,0.0,,,0.0,0.0,82,speed
82 / mixed / speed,mixed,580.5,0.102963,0.005757,0.714286,0.788975,0.525109,0.95,0.841772,1.0,0.310777,4.689819,0.580027,2.70805,0.0,3.52773,0.585009,0.788975,0.652838,0.95,0.895798,1.0,0.013133,4.881212,0.651072,2.70805,0.0,,,0.102963,0.005757,82,speed
82 / lvo / onset + benchmark,lvo,132.0,0.265151,0.026515,0.714286,0.871212,0.595652,1.0,0.919708,1.0,0.555556,4.606935,0.51836,3.249915,0.585969,3.524142,0.583534,0.871212,0.691304,1.0,0.949686,1.0,0.046358,4.754941,0.608639,3.33456,0.640967,,,0.265151,0.026515,82,onset + benchmark
82 / nlvo / onset + benchmark,nlvo,375.0,0.087738,0.0,,0.761925,0.476868,0.977612,0.79771,1.0,0.309645,4.746743,0.620103,3.623884,0.898126,3.530782,0.590646,0.761925,0.6121,0.994186,0.865497,1.0,0.0,4.94847,0.667792,3.758479,0.92933,,,0.087738,0.0,82,onset + benchmark
82 / other / onset + benchmark,other,73.5,0.0,0.0,,0.843537,0.612903,0.986842,0.853333,1.0,0.0,4.638496,0.519815,3.520656,0.676245,,,0.843537,0.766129,0.989474,0.914894,1.0,0.0,4.849004,0.630654,3.41119,0.951403,,,0.0,0.0,82,onset + benchmark
82 / mixed / onset + benchmark,mixed,580.5,0.119724,0.006029,0.714286,0.788975,0.525109,0.985447,0.841772,1.0,0.348371,4.689819,0.580027,3.499463,0.80128,3.52773,0.585009,0.788975,0.652838,0.994983,0.895798,1.0,0.013133,4.881212,0.651072,3.59033,0.886379,,,0.119724,0.006029,82,onset + benchmark
82 / lvo / speed + benchmark,lvo,132.0,0.251894,0.02519,0.714286,0.871212,0.595652,0.95,0.919708,1.0,0.555556,4.606935,0.51836,2.70805,0.0,3.524142,0.583534,0.871212,0.691304,0.95,0.949686,1.0,0.046358,4.754941,0.608639,2.70805,0.0,,,0.251894,0.02519,82,speed + benchmark
82 / nlvo / speed + benchmark,nlvo,375.0,0.08385,0.0,,0.749333,0.476868,0.95,0.79771,1.0,0.309645,4.746743,0.620103,2.70805,0.0,3.530782,0.590646,0.749333,0.6121,0.95,0.865497,1.0,0.0,4.94847,0.667792,2.70805,0.0,,,0.08385,0.0,82,speed + benchmark
82 / other / speed + benchmark,other,73.5,0.0,0.0,,0.843537,0.612903,0.95,0.853333,1.0,0.0,4.638496,0.519815,2.70805,0.0,,,0.843537,0.766129,0.95,0.914894,1.0,0.0,4.849004,0.630654,2.70805,0.0,,,0.0,0.0,82,speed + benchmark
82 / mixed / speed + benchmark,mixed,580.5,0.115418,0.005757,0.714286,0.788975,0.525109,0.95,0.841772,1.0,0.348371,4.689819,0.580027,2.70805,0.0,3.52773,0.585009,0.788975,0.652838,0.95,0.895798,1.0,0.013133,4.881212,0.651072,2.70805,0.0,,,0.115418,0.005757,82,speed + benchmark
82 / lvo / speed + onset,lvo,132.0,0.205114,0.02519,0.714286,0.871212,0.595652,0.95,0.919708,1.0,0.452381,4.606935,0.51836,2.70805,0.0,3.524142,0.583534,0.871212,0.691304,0.95,0.949686,1.0,0.046358,4.754941,0.608639,2.70805,0.0,,,0.205114,0.02519,82,speed + onset
82 / nlvo / speed + onset,nlvo,375.0,0.088269,0.0,,0.761925,0.476868,0.95,0.79771,1.0,0.320574,4.746743,0.620103,2.70805,0.0,3.530782,0.590646,0.761925,0.6121,0.95,0.865497,1.0,0.0,4.94847,0.667792,2.70805,0.0,,,0.088269,0.0,82,speed + onset
82 / other / speed + onset,other,73.5,0.0,0.0,,0.843537,0.612903,0.95,0.853333,1.0,0.0,4.638496,0.519815,2.70805,0.0,,,0.843537,0.766129,0.95,0.914894,1.0,0.0,4.849004,0.630654,2.70805,0.0,,,0.0,0.0,82,speed + onset
82 / mixed / speed + onset,mixed,580.5,0.102963,0.005757,0.714286,0.788975,0.525109,0.95,0.841772,1.0,0.310777,4.689819,0.580027,2.70805,0.0,3.52773,0.585009,0.788975,0.652838,0.95,0.895798,1.0,0.013133,4.881212,0.651072,2.70805,0.0,,,0.102963,0.005757,82,speed + onset
82 / lvo / speed + onset + benchmark,lvo,132.0,0.251894,0.02519,0.714286,0.871212,0.595652,0.95,0.919708,1.0,0.555556,4.606935,0.51836,2.70805,0.0,3.524142,0.583534,0.871212,0.691304,0.95,0.949686,1.0,0.046358,4.754941,0.608639,2.70805,0.0,,,0.251894,0.02519,82,speed + onset + benchmark
82 / nlvo / speed + onset + benchmark,nlvo,375.0,0.085259,0.0,,0.761925,0.476868,0.95,0.79771,1.0,0.309645,4.746743,0.620103,2.70805,0.0,3.530782,0.590646,0.761925,0.6121,0.95,0.865497,1.0,0.0,4.94847,0.667792,2.70805,0.0,,,0.085259,0.0,82,speed + onset + benchmark
82 / other / speed + onset + benchmark,other,73.5,0.0,0.0,,0.843537,0.612903,0.95,0.853333,1.0,0.0,4.638496,0.519815,2.70805,0.0,,,0.843537,0.766129,0.95,0.914894,1.0,0.0,4.849004,0.630654,2.70805,0.0,,,0.0,0.0,82,speed + onset + benchmark
82 / mixed / speed + onset + benchmark,mixed,580.5,0.115418,0.005757,0.714286,0.788975,0.525109,0.95,0.841772,1.0,0.348371,4.689819,0.580027,2.70805,0.0,3.52773,0.585009,0.788975,0.652838,0.95,0.895798,1.0,0.013133,4.881212,0.651072,2.70805,0.0,,,0.115418,0.005757,82,speed + onset + benchmark
83 / lvo / base,lvo,114.5,0.349345,0.034934,0.75,0.912664,0.511962,0.962617,0.92233,1.0,0.757895,4.594579,0.457382,3.247634,0.73052,2.861498,0.754219,0.912664,0.62201,0.984615,0.914062,1.0,0.059829,4.78482,0.586091,3.412963,0.833829,,,0.314411,0.030568,83,base
83 / nlvo / base,nlvo,384.0,0.134115,0.001302,0.0,0.85026,0.419602,0.923358,0.810277,1.0,0.44878,4.715287,0.492395,3.638528,0.89257,2.808936,0.787065,0.85026,0.520674,0.952941,0.839506,1.0,0.003676,4.900143,0.583175,3.806197,0.986089,,,0.119792,0.001302,83,base
83 / other / base,other,65.0,0.0,0.0,,0.876923,0.763158,0.977011,0.905882,1.0,0.0,4.5845,0.46154,3.318399,0.94633,,,0.876923,0.798246,0.956044,0.988506,1.0,0.0,4.629635,0.498666,3.28195,0.97825,,,0.0,0.0,83,base
83 / mixed / base,mixed,563.5,0.162378,0.007986,0.666667,0.866016,0.479508,0.942308,0.854875,1.0,0.435013,4.663376,0.481945,3.485528,0.884909,2.832012,0.770911,0.866016,0.574795,0.960784,0.881262,1.0,0.016842,4.82954,0.578753,3.628194,0.974871,,,0.145519,0.007098,83,base
83 / lvo / benchmark,lvo,114.5,0.296943,0.030568,0.75,0.912664,0.511962,0.962617,0.92233,1.0,0.715789,4.594579,0.457382,3.247634,0.73052,2.861498,0.754219,0.912664,0.62201,0.984615,0.914062,1.0,0.059829,4.78482,0.586091,3.412963,0.833829,,,0.296943,0.030568,83,benchmark
83 / nlvo / benchmark,nlvo,384.0,0.100098,0.001302,0.0,0.85026,0.419602,0.923358,0.810277,1.0,0.375,4.715287,0.492395,3.638528,0.89257,2.808936,0.787065,0.85026,0.520674,0.952941,0.839506,1.0,0.003676,4.900143,0.583175,3.806197,0.986089,,,0.100098,0.001302,83,benchmark
83 / other / benchmark,other,65.0,0.0,0.0,,0.876923,0.763158,0.977011,0.905882,1.0,0.0,4.5845,0.46154,3.318399,0.94633,,,0.876923,0.798246,0.956044,0.988506,1.0,0.0,4.629635,0.498666,3.28195,0.97825,,,0.0,0.0,83,benchmark
83 / mixed / benchmark,mixed,563.5,0.133097,0.007098,0.666667,0.866016,0.479508,0.942308,0.854875,1.0,0.397878,4.663376,0.481945,3.485528,0.884909,2.832012,0.770911,0.866016,0.574795,0.960784,0.881262,1.0,0.016842,4.82954,0.578753,3.628194,0.974871,,,0.133097,0.007098,83,benchmark
83 / lvo / onset,lvo,114.5,0.314411,0.030568,0.75,0.912664,0.511962,0.962617,0.92233,1.0,0.757895,4.594579,0.457382,3.247634,0.73052,2.861498,0.754219,0.912664,0.62201,0.984615,0.914062,1.0,0.059829,4.78482,0.586091,3.412963,0.833829,,,0.314411,0.030568,83,onset
83 / nlvo / onset,nlvo,384.0,0.119792,0.001302,0.0,0.85026,0.419602,0.923358,0.810277,1.0,0.44878,4.715287,0.492395,3.638528,0.89257,2.808936,0.787065,0.85026,0.520674,0.952941,0.839506,1.0,0.003676,4.900143,0.583175,3.806197,0.986089,,,0.119792,0.001302,83,onset
83 / other / onset,other,65.0,0.0,0.0,,0.876923,0.763158,0.977011,0.905882,1.0,0.0,4.5845,0.46154,3.318399,0.94633,,,0.876923,0.798246,0.956044,0.988506,1.0,0.0,4.629635,0.498666,3.28195,0.97825,,,0.0,0.0,83,onset
83 / mixed / onset,mixed,563.5,0.145519,0.007098,0.666667,0.866016,0.479508,0.942308,0.854875,1.0,0.435013,4.663376,0.481945,3.485528,0.884909,2.832012,0.770911,0.866016,0.574795,0.960784,0.881262,1.0,0.016842,4.82954,0.578753,3.628194,0.974871,,,0.145519,0.007098,83,onset
83 / lvo / speed,lvo,114.5,0.31029,0.029493,0.75,0.912664,0.511962,0.95,0.92233,1.0,0.757895,4.594579,0.457382,2.70805,0.0,2.861498,0.754219,0.912664,0.62201,0.95,0.914062,1.0,0.059829,4.78482,0.586091,2.70805,0.0,,,0.31029,0.029493,83,speed
83 / nlvo / speed,nlvo,384.0,0.123248,0.001298,0.0,0.85026,0.419602,0.95,0.810277,1.0,0.44878,4.715287,0.492395,2.70805,0.0,2.808936,0.787065,0.85026,0.520674,0.95,0.839506,1.0,0.003676,4.900143,0.583175,2.70805,0.0,,,0.123248,0.001298,83,speed
83 / other / speed,other,65.0,0.0,0.0,,0.876923,0.763158,0.95,0.905882,1.0,0.0,4.5845,0.46154,2.70805,0.0,,,0.876923,0.798246,0.95,0.988506,1.0,0.0,4.629635,0.498666,2.70805,0.0,,,0.0,0.0,83,speed
83 / mixed / speed,mixed,563.5,0.146707,0.007019,0.666667,0.866016,0.479508,0.95,0.854875,1.0,0.435013,4.663376,0.481945,2.70805,0.0,2.832012,0.770911,0.866016,0.574795,0.95,0.881262,1.0,0.016842,4.82954,0.578753,2.70805,0.0,,,0.146707,0.007019,83,speed
83 / lvo / onset + benchmark,lvo,114.5,0.296943,0.030568,0.75,0.912664,0.511962,0.962617,0.92233,1.0,0.715789,4.594579,0.457382,3.247634,0.73052,2.861498,0.754219,0.912664,0.62201,0.984615,0.914062,1.0,0.059829,4.78482,0.586091,3.412963,0.833829,,,0.296943,0.030568,83,onset + benchmark
83 / nlvo / onset + benchmark,nlvo,384.0,0.100098,0.001302,0.0,0.85026,0.419602,0.923358,0.810277,1.0,0.375,4.715287,0.492395,3.638528,0.89257,2.808936,0.787065,0.85026,0.520674,0.952941,0.839506,1.0,0.003676,4.900143,0.583175,3.806197,0.986089,,,0.100098,0.001302,83,onset + benchmark
83 / other / onset + benchmark,other,65.0,0.0,0.0,,0.876923,0.763158,0.977011,0.905882,1.0,0.0,4.5845,0.46154,3.318399,0.94633,,,0.876923,0.798246,0.956044,0.988506,1.0,0.0,4.629635,0.498666,3.28195,0.97825,,,0.0,0.0,83,onset + benchmark
83 / mixed / onset + benchmark,mixed,563.5,0.133097,0.007098,0.666667,0.866016,0.479508,0.942308,0.854875,1.0,0.397878,4.663376,0.481945,3.485528,0.884909,2.832012,0.770911,0.866016,0.574795,0.960784,0.881262,1.0,0.016842,4.82954,0.578753,3.628194,0.974871,,,0.133097,0.007098,83,onset + benchmark
83 / lvo / speed + benchmark,lvo,114.5,0.293051,0.029493,0.75,0.912664,0.511962,0.95,0.92233,1.0,0.715789,4.594579,0.457382,2.70805,0.0,2.861498,0.754219,0.912664,0.62201,0.95,0.914062,1.0,0.059829,4.78482,0.586091,2.70805,0.0,,,0.293051,0.029493,83,speed + benchmark
83 / nlvo / speed + benchmark,nlvo,384.0,0.102986,0.001298,0.0,0.85026,0.419602,0.95,0.810277,1.0,0.375,4.715287,0.492395,2.70805,0.0,2.808936,0.787065,0.85026,0.520674,0.95,0.839506,1.0,0.003676,4.900143,0.583175,2.70805,0.0,,,0.102986,0.001298,83,speed + benchmark
83 / other / speed + benchmark,other,65.0,0.0,0.0,,0.876923,0.763158,0.95,0.905882,1.0,0.0,4.5845,0.46154,2.70805,0.0,,,0.876923,0.798246,0.95,0.988506,1.0,0.0,4.629635,0.498666,2.70805,0.0,,,0.0,0.0,83,speed + benchmark
83 / mixed / speed + benchmark,mixed,563.5,0.134183,0.007019,0.666667,0.866016,0.479508,0.95,0.854875,1.0,0.397878,4.663376,0.481945,2.70805,0.0,2.832012,0.770911,0.866016,0.574795,0.95,0.881262,1.0,0.016842,4.82954,0.578753,2.70805,0.0,,,0.134183,0.007019,83,speed + benchmark
83 / lvo / speed + onset,lvo,114.5,0.31029,0.029493,0.75,0.912664,0.511962,0.95,0.92233,1.0,0.757895,4.594579,0.457382,2.70805,0.0,2.861498,0.754219,0.912664,0.62201,0.95,0.914062,1.0,0.059829,4.78482,0.586091,2.70805,0.0,,,0.31029,0.029493,83,speed + onset
83 / nlvo / speed + onset,nlvo,384.0,0.123248,0.001298,0.0,0.85026,0.419602,0.95,0.810277,1.0,0.44878,4.715287,0.492395,2.70805,0.0,2.808936,0.787065,0.85026,0.520674,0.95,0.839506,1.0,0.003676,4.900143,0.583175,2.70805,0.0,,,0.123248,0.001298,83,speed + onset
83 / other / speed + onset,other,65.0,0.0,0.0,,0.876923,0.763158,0.95,0.905882,1.0,0.0,4.5845,0.46154,2.70805,0.0,,,0.876923,0.798246,0.95,0.988506,1.0,0.0,4.629635,0.498666,2.70805,0.0,,,0.0,0.0,83,speed + onset
83 / mixed / speed + onset,mixed,563.5,0.146707,0.007019,0.666667,0.866016,0.479508,0.95,0.854875,1.0,0.435013,4.663376,0.481945,2.70805,0.0,2.832012,0.770911,0.866016,0.574795,0.95,0.881262,1.0,0.016842,4.82954,0.578753,2.70805,0.0,,,0.146707,0.007019,83,speed + onset
83 / lvo / speed + onset + benchmark,lvo,114.5,0.293051,0.029493,0.75,0.912664,0.511962,0.95,0.92233,1.0,0.715789,4.594579,0.457382,2.70805,0.0,2.861498,0.754219,0.912664,0.62201,0.95,0.914062,1.0,0.059829,4.78482,0.586091,2.70805,0.0,,,0.293051,0.029493,83,speed + onset + benchmark
83 / nlvo / speed + onset + benchmark,nlvo,384.0,0.102986,0.001298,0.0,0.85026,0.419602,0.95,0.810277,1.0,0.375,4.715287,0.492395,2.70805,0.0,2.808936,0.787065,0.85026,0.520674,0.95,0.839506,1.0,0.003676,4.900143,0.583175,2.70805,0.0,,,0.102986,0.001298,83,speed + onset + benchmark
83 / other / speed + onset + benchmark,other,65.0,0.0,0.0,,0.876923,0.763158,0.95,0.905882,1.0,0.0,4.5845,0.46154,2.70805,0.0,,,0.876923,0.798246,0.95,0.988506,1.0,0.0,4.629635,0.498666,2.70805,0.0,,,0.0,0.0,83,speed + onset + benchmark
83 / mixed / speed + onset + benchmark,mixed,563.5,0.134183,0.007019,0.666667,0.866016,0.479508,0.95,0.854875,1.0,0.397878,4.663376,0.481945,2.70805,0.0,2.832012,0.770911,0.866016,0.574795,0.95,0.881262,1.0,0.016842,4.82954,0.578753,2.70805,0.0,,,0.134183,0.007019,83,speed + onset + benchmark
84 / lvo / base,lvo,89.0,0.207865,0.016854,0.666667,0.702247,0.736,0.978261,0.966667,1.0,0.413793,4.268938,0.584083,3.270835,0.785994,3.660916,0.60287,0.702247,0.8,0.97,0.989691,1.0,0.03125,4.380115,0.676709,3.267207,0.774197,,,0.202247,0.016854,84,base
84 / nlvo / base,nlvo,304.5,0.090312,0.004926,0.666667,0.72578,0.542986,0.954167,0.89083,1.0,0.259804,4.364197,0.906667,3.495065,0.882608,3.739791,0.931422,0.72578,0.613122,0.96679,0.908397,1.0,0.012605,4.516279,0.953487,3.588494,0.921156,,,0.087028,0.004926,84,base
84 / other / base,other,56.0,0.0,0.0,,0.741071,0.650602,1.0,0.851852,1.0,0.0,4.488127,0.550858,3.656685,0.739852,,,0.741071,0.759036,0.984127,0.951613,1.0,0.0,4.6511,0.650389,3.676537,0.739753,,,0.0,0.0,84,base
84 / mixed / base,mixed,449.5,0.102336,0.006674,0.666667,0.723026,0.593846,0.966321,0.903485,1.0,0.264095,4.35883,0.79813,3.464359,0.847497,3.707886,0.81161,0.723026,0.667692,0.970046,0.933492,1.0,0.015267,4.504476,0.859625,3.527434,0.874659,,,0.098999,0.006674,84,base
84 / lvo / benchmark,lvo,89.0,0.297753,0.016854,0.666667,0.702247,0.736,0.978261,0.966667,1.0,0.609195,4.268938,0.584083,3.270835,0.785994,3.660916,0.60287,0.702247,0.8,0.97,0.989691,1.0,0.03125,4.380115,0.676709,3.267207,0.774197,,,0.297753,0.016854,84,benchmark
84 / nlvo / benchmark,nlvo,304.5,0.141132,0.004926,0.666667,0.72578,0.542986,0.954167,0.89083,1.0,0.42132,4.364197,0.906667,3.495065,0.882608,3.739791,0.931422,0.72578,0.613122,0.96679,0.908397,1.0,0.012605,4.516279,0.953487,3.588494,0.921156,,,0.141132,0.004926,84,benchmark
84 / other / benchmark,other,56.0,0.0,0.0,,0.741071,0.650602,1.0,0.851852,1.0,0.0,4.488127,0.550858,3.656685,0.739852,,,0.741071,0.759036,0.984127,0.951613,1.0,0.0,4.6511,0.650389,3.676537,0.739753,,,0.0,0.0,84,benchmark
84 / mixed / benchmark,mixed,449.5,0.156841,0.006674,0.666667,0.723026,0.593846,0.966321,0.903485,1.0,0.418398,4.35883,0.79813,3.464359,0.847497,3.707886,0.81161,0.723026,0.667692,0.970046,0.933492,1.0,0.015267,4.504476,0.859625,3.527434,0.874659,,,0.156841,0.006674,84,benchmark
84 / lvo / onset,lvo,89.0,0.238715,0.019893,0.666667,0.828872,0.736,0.978261,0.966667,1.0,0.413793,4.268938,0.584083,3.270835,0.785994,3.660916,0.60287,0.828872,0.8,0.97,0.989691,1.0,0.03125,4.380115,0.676709,3.267207,0.774197,,,0.238715,0.019893,84,onset
84 / nlvo / onset,nlvo,304.5,0.091362,0.005171,0.666667,0.761925,0.542986,0.954167,0.89083,1.0,0.259804,4.364197,0.906667,3.495065,0.882608,3.739791,0.931422,0.761925,0.613122,0.96679,0.908397,1.0,0.012605,4.516279,0.953487,3.588494,0.921156,,,0.091362,0.005171,84,onset
84 / other / onset,other,56.0,0.0,0.0,,0.785804,0.650602,1.0,0.851852,1.0,0.0,4.488127,0.550858,3.656685,0.739852,,,0.785804,0.759036,0.984127,0.951613,1.0,0.0,4.6511,0.650389,3.676537,0.739753,,,0.0,0.0,84,onset
84 / mixed / onset,mixed,449.5,0.10732,0.007235,0.666667,0.783802,0.593846,0.966321,0.903485,1.0,0.264095,4.35883,0.79813,3.464359,0.847497,3.707886,0.81161,0.783802,0.667692,0.970046,0.933492,1.0,0.015267,4.504476,0.859625,3.527434,0.874659,,,0.10732,0.007235,84,onset
84 / lvo / speed,lvo,89.0,0.196404,0.016506,0.666667,0.702247,0.736,0.95,0.966667,1.0,0.413793,4.268938,0.584083,2.70805,0.0,3.660916,0.60287,0.702247,0.8,0.95,0.989691,1.0,0.03125,4.380115,0.676709,2.70805,0.0,,,0.196404,0.016506,84,speed
84 / nlvo / speed,nlvo,304.5,0.086648,0.004841,0.666667,0.72578,0.542986,0.95,0.89083,1.0,0.259804,4.364197,0.906667,2.70805,0.0,3.739791,0.931422,0.72578,0.613122,0.95,0.908397,1.0,0.012605,4.516279,0.953487,2.70805,0.0,,,0.086648,0.004841,84,speed
84 / other / speed,other,56.0,0.0,0.0,,0.741071,0.650602,0.95,0.851852,1.0,0.0,4.488127,0.550858,2.70805,0.0,,,0.741071,0.759036,0.95,0.951613,1.0,0.0,4.6511,0.650389,2.70805,0.0,,,0.0,0.0,84,speed
84 / mixed / speed,mixed,449.5,0.097327,0.006536,0.666667,0.723026,0.593846,0.95,0.903485,1.0,0.264095,4.35883,0.79813,2.70805,0.0,3.707886,0.81161,0.723026,0.667692,0.95,0.933492,1.0,0.015267,4.504476,0.859625,2.70805,0.0,,,0.097327,0.006536,84,speed
84 / lvo / onset + benchmark,lvo,89.0,0.351442,0.019893,0.666667,0.828872,0.736,0.978261,0.966667,1.0,0.609195,4.268938,0.584083,3.270835,0.785994,3.660916,0.60287,0.828872,0.8,0.97,0.989691,1.0,0.03125,4.380115,0.676709,3.267207,0.774197,,,0.351442,0.019893,84,onset + benchmark
84 / nlvo / onset + benchmark,nlvo,304.5,0.14816,0.005171,0.666667,0.761925,0.542986,0.954167,0.89083,1.0,0.42132,4.364197,0.906667,3.495065,0.882608,3.739791,0.931422,0.761925,0.613122,0.96679,0.908397,1.0,0.012605,4.516279,0.953487,3.588494,0.921156,,,0.14816,0.005171,84,onset + benchmark
84 / other / onset + benchmark,other,56.0,0.0,0.0,,0.785804,0.650602,1.0,0.851852,1.0,0.0,4.488127,0.550858,3.656685,0.739852,,,0.785804,0.759036,0.984127,0.951613,1.0,0.0,4.6511,0.650389,3.676537,0.739753,,,0.0,0.0,84,onset + benchmark
84 / mixed / onset + benchmark,mixed,449.5,0.170024,0.007235,0.666667,0.783802,0.593846,0.966321,0.903485,1.0,0.418398,4.35883,0.79813,3.464359,0.847497,3.707886,0.81161,0.783802,0.667692,0.970046,0.933492,1.0,0.015267,4.504476,0.859625,3.527434,0.874659,,,0.170024,0.007235,84,onset + benchmark
84 / lvo / speed + benchmark,lvo,89.0,0.289151,0.016506,0.666667,0.702247,0.736,0.95,0.966667,1.0,0.609195,4.268938,0.584083,2.70805,0.0,3.660916,0.60287,0.702247,0.8,0.95,0.989691,1.0,0.03125,4.380115,0.676709,2.70805,0.0,,,0.289151,0.016506,84,speed + benchmark
84 / nlvo / speed + benchmark,nlvo,304.5,0.140515,0.004841,0.666667,0.72578,0.542986,0.95,0.89083,1.0,0.42132,4.364197,0.906667,2.70805,0.0,3.739791,0.931422,0.72578,0.613122,0.95,0.908397,1.0,0.012605,4.516279,0.953487,2.70805,0.0,,,0.140515,0.004841,84,speed + benchmark
84 / other / speed + benchmark,other,56.0,0.0,0.0,,0.741071,0.650602,0.95,0.851852,1.0,0.0,4.488127,0.550858,2.70805,0.0,,,0.741071,0.759036,0.95,0.951613,1.0,0.0,4.6511,0.650389,2.70805,0.0,,,0.0,0.0,84,speed + benchmark
84 / mixed / speed + benchmark,mixed,449.5,0.154192,0.006536,0.666667,0.723026,0.593846,0.95,0.903485,1.0,0.418398,4.35883,0.79813,2.70805,0.0,3.707886,0.81161,0.723026,0.667692,0.95,0.933492,1.0,0.015267,4.504476,0.859625,2.70805,0.0,,,0.154192,0.006536,84,speed + benchmark
84 / lvo / speed + onset,lvo,89.0,0.231819,0.019483,0.666667,0.828872,0.736,0.95,0.966667,1.0,0.413793,4.268938,0.584083,2.70805,0.0,3.660916,0.60287,0.828872,0.8,0.95,0.989691,1.0,0.03125,4.380115,0.676709,2.70805,0.0,,,0.231819,0.019483,84,speed + onset
84 / nlvo / speed + onset,nlvo,304.5,0.090963,0.005082,0.666667,0.761925,0.542986,0.95,0.89083,1.0,0.259804,4.364197,0.906667,2.70805,0.0,3.739791,0.931422,0.761925,0.613122,0.95,0.908397,1.0,0.012605,4.516279,0.953487,2.70805,0.0,,,0.090963,0.005082,84,speed + onset
84 / other / speed + onset,other,56.0,0.0,0.0,,0.785804,0.650602,0.95,0.851852,1.0,0.0,4.488127,0.550858,2.70805,0.0,,,0.785804,0.759036,0.95,0.951613,1.0,0.0,4.6511,0.650389,2.70805,0.0,,,0.0,0.0,84,speed + onset
84 / mixed / speed + onset,mixed,449.5,0.105508,0.007085,0.666667,0.783802,0.593846,0.95,0.903485,1.0,0.264095,4.35883,0.79813,2.70805,0.0,3.707886,0.81161,0.783802,0.667692,0.95,0.933492,1.0,0.015267,4.504476,0.859625,2.70805,0.0,,,0.105508,0.007085,84,speed + onset
84 / lvo / speed + onset + benchmark,lvo,89.0,0.341289,0.019483,0.666667,0.828872,0.736,0.95,0.966667,1.0,0.609195,4.268938,0.584083,2.70805,0.0,3.660916,0.60287,0.828872,0.8,0.95,0.989691,1.0,0.03125,4.380115,0.676709,2.70805,0.0,,,0.341289,0.019483,84,speed + onset + benchmark
84 / nlvo / speed + onset + benchmark,nlvo,304.5,0.147513,0.005082,0.666667,0.761925,0.542986,0.95,0.89083,1.0,0.42132,4.364197,0.906667,2.70805,0.0,3.739791,0.931422,0.761925,0.613122,0.95,0.908397,1.0,0.012605,4.516279,0.953487,2.70805,0.0,,,0.147513,0.005082,84,speed + onset + benchmark
84 / other / speed + onset + benchmark,other,56.0,0.0,0.0,,0.785804,0.650602,0.95,0.851852,1.0,0.0,4.488127,0.550858,2.70805,0.0,,,0.785804,0.759036,0.95,0.951613,1.0,0.0,4.6511,0.650389,2.70805,0.0,,,0.0,0.0,84,speed + onset + benchmark
84 / mixed / speed + onset + benchmark,mixed,449.5,0.167153,0.007085,0.666667,0.783802,0.593846,0.95,0.903485,1.0,0.418398,4.35883,0.79813,2.70805,0.0,3.707886,0.81161,0.783802,0.667692,0.95,0.933492,1.0,0.015267,4.504476,0.859625,2.70805,0.0,,,0.167153,0.007085,84,speed + onset + benchmark
85 / lvo / base,lvo,27.0,0.018519,0.018519,0.0,0.5,0.444444,1.0,0.833333,1.0,0.1,4.629286,0.400715,4.16942,0.904322,,,0.5,0.592593,1.0,0.875,1.0,0.071429,4.892539,0.584046,3.60839,1.616207,,,0.018518,0.018519,85,base
85 / nlvo / base,nlvo,122.5,0.004082,0.0,,0.62449,0.196078,0.733333,0.363636,1.0,0.125,4.986226,0.438431,4.492039,1.204862,,,0.62449,0.346405,0.886792,0.553191,1.0,0.0,5.295351,0.490853,4.337442,1.626624,,,0.004082,0.0,85,base
85 / other / base,other,17.5,0.0,0.0,,0.571429,0.45,1.0,0.777778,1.0,0.0,,,,,,,0.571429,0.6,1.0,0.75,1.0,0.0,4.490182,0.922099,4.538397,0.630237,,,0.0,0.0,85,base
85 / mixed / base,mixed,167.0,0.005988,0.002994,0.0,0.598802,0.255,0.843137,0.581395,1.0,0.08,4.746017,0.580375,4.391125,1.020565,,,0.598802,0.405,0.925926,0.653333,1.0,0.020408,5.096499,0.653558,4.214064,1.529484,,,0.005988,0.002994,85,base
85 / lvo / benchmark,lvo,27.0,0.037037,0.018519,0.0,0.5,0.444444,1.0,0.833333,1.0,0.2,4.629286,0.400715,4.16942,0.904322,,,0.5,0.592593,1.0,0.875,1.0,0.071429,4.892539,0.584046,3.60839,1.616207,,,0.037037,0.018519,85,benchmark
85 / nlvo / benchmark,nlvo,122.5,0.0,0.0,,0.62449,0.196078,0.733333,0.363636,1.0,0.0,4.986226,0.438431,4.492039,1.204862,,,0.62449,0.346405,0.886792,0.553191,1.0,0.0,5.295351,0.490853,4.337442,1.626624,,,0.0,0.0,85,benchmark
85 / other / benchmark,other,17.5,0.0,0.0,,0.571429,0.45,1.0,0.777778,1.0,0.0,,,,,,,0.571429,0.6,1.0,0.75,1.0,0.0,4.490182,0.922099,4.538397,0.630237,,,0.0,0.0,85,benchmark
85 / mixed / benchmark,mixed,167.0,0.008982,0.002994,0.0,0.598802,0.255,0.843137,0.581395,1.0,0.12,4.746017,0.580375,4.391125,1.020565,,,0.598802,0.405,0.925926,0.653333,1.0,0.020408,5.096499,0.653558,4.214064,1.529484,,,0.008982,0.002994,85,benchmark
85 / lvo / onset,lvo,27.0,0.030699,0.030699,0.0,0.828872,0.444444,1.0,0.833333,1.0,0.1,4.629286,0.400715,4.16942,0.904322,,,0.828872,0.592593,1.0,0.875,1.0,0.071429,4.892539,0.584046,3.60839,1.616207,,,0.030699,0.030699,85,onset
85 / nlvo / onset,nlvo,122.5,0.00498,0.0,,0.761925,0.196078,0.733333,0.363636,1.0,0.125,4.986226,0.438431,4.492039,1.204862,,,0.761925,0.346405,0.886792,0.553191,1.0,0.0,5.295351,0.490853,4.337442,1.626624,,,0.00498,0.0,85,onset
85 / other / onset,other,17.5,0.0,0.0,,0.785804,0.45,1.0,0.777778,1.0,0.0,,,,,,,0.785804,0.6,1.0,0.75,1.0,0.0,4.490182,0.922099,4.538397,0.630237,,,0.0,0.0,85,onset
85 / mixed / onset,mixed,167.0,0.007838,0.003919,0.0,0.783802,0.255,0.843137,0.581395,1.0,0.08,4.746017,0.580375,4.391125,1.020565,,,0.783802,0.405,0.925926,0.653333,1.0,0.020408,5.096499,0.653558,4.214064,1.529484,,,0.007838,0.003919,85,onset
85 / lvo / speed,lvo,27.0,0.017593,0.017593,0.0,0.5,0.444444,0.95,0.833333,1.0,0.1,4.629286,0.400715,2.70805,0.0,,,0.5,0.592593,0.95,0.875,1.0,0.071429,4.892539,0.584046,2.70805,0.0,,,0.017593,0.017593,85,speed
85 / nlvo / speed,nlvo,122.5,0.005288,0.0,,0.62449,0.196078,0.95,0.363636,1.0,0.125,4.986226,0.438431,2.70805,0.0,,,0.62449,0.346405,0.95,0.553191,1.0,0.0,5.295351,0.490853,2.70805,0.0,,,0.005288,0.0,85,speed
85 / other / speed,other,17.5,0.0,0.0,,0.571429,0.45,0.95,0.777778,1.0,0.0,,,,0.0,,,0.571429,0.6,0.95,0.75,1.0,0.0,4.490182,0.922099,2.70805,0.0,,,0.0,0.0,85,speed
85 / mixed / speed,mixed,167.0,0.006747,0.003072,0.0,0.598802,0.255,0.95,0.581395,1.0,0.08,4.746017,0.580375,2.70805,0.0,,,0.598802,0.405,0.95,0.653333,1.0,0.020408,5.096499,0.653558,2.70805,0.0,,,0.006747,0.003072,85,speed
85 / lvo / onset + benchmark,lvo,27.0,0.061398,0.030699,0.0,0.828872,0.444444,1.0,0.833333,1.0,0.2,4.629286,0.400715,4.16942,0.904322,,,0.828872,0.592593,1.0,0.875,1.0,0.071429,4.892539,0.584046,3.60839,1.616207,,,0.061398,0.030699,85,onset + benchmark
85 / nlvo / onset + benchmark,nlvo,122.5,0.0,0.0,,0.761925,0.196078,0.733333,0.363636,1.0,0.0,4.986226,0.438431,4.492039,1.204862,,,0.761925,0.346405,0.886792,0.553191,1.0,0.0,5.295351,0.490853,4.337442,1.626624,,,0.0,0.0,85,onset + benchmark
85 / other / onset + benchmark,other,17.5,0.0,0.0,,0.785804,0.45,1.0,0.777778,1.0,0.0,,,,,,,0.785804,0.6,1.0,0.75,1.0,0.0,4.490182,0.922099,4.538397,0.630237,,,0.0,0.0,85,onset + benchmark
85 / mixed / onset + benchmark,mixed,167.0,0.011757,0.003919,0.0,0.783802,0.255,0.843137,0.581395,1.0,0.12,4.746017,0.580375,4.391125,1.020565,,,0.783802,0.405,0.925926,0.653333,1.0,0.020408,5.096499,0.653558,4.214064,1.529484,,,0.011757,0.003919,85,onset + benchmark
85 / lvo / speed + benchmark,lvo,27.0,0.035185,0.017593,0.0,0.5,0.444444,0.95,0.833333,1.0,0.2,4.629286,0.400715,2.70805,0.0,,,0.5,0.592593,0.95,0.875,1.0,0.071429,4.892539,0.584046,2.70805,0.0,,,0.035185,0.017593,85,speed + benchmark
85 / nlvo / speed + benchmark,nlvo,122.5,0.0,0.0,,0.62449,0.196078,0.95,0.363636,1.0,0.0,4.986226,0.438431,2.70805,0.0,,,0.62449,0.346405,0.95,0.553191,1.0,0.0,5.295351,0.490853,2.70805,0.0,,,0.0,0.0,85,speed + benchmark
85 / other / speed + benchmark,other,17.5,0.0,0.0,,0.571429,0.45,0.95,0.777778,1.0,0.0,,,,0.0,,,0.571429,0.6,0.95,0.75,1.0,0.0,4.490182,0.922099,2.70805,0.0,,,0.0,0.0,85,speed + benchmark
85 / mixed / speed + benchmark,mixed,167.0,0.01012,0.003072,0.0,0.598802,0.255,0.95,0.581395,1.0,0.12,4.746017,0.580375,2.70805,0.0,,,0.598802,0.405,0.95,0.653333,1.0,0.020408,5.096499,0.653558,2.70805,0.0,,,0.01012,0.003072,85,speed + benchmark
85 / lvo / speed + onset,lvo,27.0,0.029164,0.029164,0.0,0.828872,0.444444,0.95,0.833333,1.0,0.1,4.629286,0.400715,2.70805,0.0,,,0.828872,0.592593,0.95,0.875,1.0,0.071429,4.892539,0.584046,2.70805,0.0,,,0.029164,0.029164,85,speed + onset
85 / nlvo / speed + onset,nlvo,122.5,0.006451,0.0,,0.761925,0.196078,0.95,0.363636,1.0,0.125,4.986226,0.438431,2.70805,0.0,,,0.761925,0.346405,0.95,0.553191,1.0,0.0,5.295351,0.490853,2.70805,0.0,,,0.006451,0.0,85,speed + onset
85 / other / speed + onset,other,17.5,0.0,0.0,,0.785804,0.45,0.95,0.777778,1.0,0.0,,,,0.0,,,0.785804,0.6,0.95,0.75,1.0,0.0,4.490182,0.922099,2.70805,0.0,,,0.0,0.0,85,speed + onset
85 / mixed / speed + onset,mixed,167.0,0.008831,0.004021,0.0,0.783802,0.255,0.95,0.581395,1.0,0.08,4.746017,0.580375,2.70805,0.0,,,0.783802,0.405,0.95,0.653333,1.0,0.020408,5.096499,0.653558,2.70805,0.0,,,0.008831,0.004021,85,speed + onset
85 / lvo / speed + onset + benchmark,lvo,27.0,0.058328,0.029164,0.0,0.828872,0.444444,0.95,0.833333,1.0,0.2,4.629286,0.400715,2.70805,0.0,,,0.828872,0.592593,0.95,0.875,1.0,0.071429,4.892539,0.584046,2.70805,0.0,,,0.058328,0.029164,85,speed + onset + benchmark
85 / nlvo / speed + onset + benchmark,nlvo,122.5,0.0,0.0,,0.761925,0.196078,0.95,0.363636,1.0,0.0,4.986226,0.438431,2.70805,0.0,,,0.761925,0.346405,0.95,0.553191,1.0,0.0,5.295351,0.490853,2.70805,0.0,,,0.0,0.0,85,speed + onset + benchmark
85 / other / speed + onset + benchmark,other,17.5,0.0,0.0,,0.785804,0.45,0.95,0.777778,1.0,0.0,,,,0.0,,,0.785804,0.6,0.95,0.75,1.0,0.0,4.490182,0.922099,2.70805,0.0,,,0.0,0.0,85,speed + onset + benchmark
85 / mixed / speed + onset + benchmark,mixed,167.0,0.013247,0.004021,0.0,0.783802,0.255,0.95,0.581395,1.0,0.12,4.746017,0.580375,2.70805,0.0,,,0.783802,0.405,0.95,0.653333,1.0,0.020408,5.096499,0.653558,2.70805,0.0,,,0.013247,0.004021,85,speed + onset + benchmark
86 / lvo / base,lvo,107.0,0.154206,0.051402,0.272727,0.771028,0.70303,0.948276,0.890909,1.0,0.336735,4.678746,0.5835,3.176268,1.001469,3.438014,0.686714,0.771028,0.830303,0.978102,0.925373,1.0,0.064516,4.827683,0.643464,3.321503,1.055743,,,0.154206,0.037383,86,base
86 / nlvo / base,nlvo,425.0,0.098824,0.012941,0.636364,0.717647,0.485246,0.942568,0.810036,1.0,0.358407,4.756276,0.539414,3.457167,1.008524,3.66638,0.595315,0.717647,0.6,0.97541,0.851541,1.0,0.029605,4.932618,0.608266,3.655146,1.08852,,,0.095294,0.010588,86,base
86 / other / base,other,72.0,0.0,0.0,,0.729167,0.647619,0.941176,0.828125,1.0,0.0,4.703335,0.438129,3.431439,1.072149,,,0.729167,0.742857,0.987179,0.922078,1.0,0.0,4.829789,0.528068,3.586164,1.14722,,,0.0,0.0,86,base
86 / mixed / base,mixed,604.0,0.096854,0.018212,0.454545,0.728477,0.545455,0.94375,0.83223,1.0,0.302387,4.73004,0.537543,3.385323,1.020674,3.600274,0.628703,0.728477,0.660227,0.977625,0.878521,1.0,0.034068,4.894069,0.607848,3.567083,1.095895,5.822706,0.823677,0.094371,0.014073,86,base
86 / lvo / benchmark,lvo,107.0,0.247663,0.037383,0.272727,0.771028,0.70303,0.948276,0.890909,1.0,0.540816,4.678746,0.5835,3.176268,1.001469,3.438014,0.686714,0.771028,0.830303,0.978102,0.925373,1.0,0.064516,4.827683,0.643464,3.321503,1.055743,,,0.247663,0.037383,86,benchmark
86 / nlvo / benchmark,nlvo,425.0,0.13356,0.010588,0.636364,0.717647,0.485246,0.942568,0.810036,1.0,0.502326,4.756276,0.539414,3.457167,1.008524,3.66638,0.595315,0.717647,0.6,0.97541,0.851541,1.0,0.029605,4.932618,0.608266,3.655146,1.08852,,,0.13356,0.010588,86,benchmark
86 / other / benchmark,other,72.0,0.0,0.0,,0.729167,0.647619,0.941176,0.828125,1.0,0.0,4.703335,0.438129,3.431439,1.072149,,,0.729167,0.742857,0.987179,0.922078,1.0,0.0,4.829789,0.528068,3.586164,1.14722,,,0.0,0.0,86,benchmark
86 / mixed / benchmark,mixed,604.0,0.139073,0.014073,0.454545,0.728477,0.545455,0.94375,0.83223,1.0,0.445623,4.73004,0.537543,3.385323,1.020674,3.600274,0.628703,0.728477,0.660227,0.977625,0.878521,1.0,0.034068,4.894069,0.607848,3.567083,1.095895,5.822706,0.823677,0.139073,0.014073,86,benchmark
86 / lvo / onset,lvo,107.0,0.165774,0.040188,0.272727,0.828872,0.70303,0.948276,0.890909,1.0,0.336735,4.678746,0.5835,3.176268,1.001469,3.438014,0.686714,0.828872,0.830303,0.978102,0.925373,1.0,0.064516,4.827683,0.643464,3.321503,1.055743,,,0.165774,0.040188,86,onset
86 / nlvo / onset,nlvo,425.0,0.101174,0.011241,0.636364,0.761925,0.485246,0.942568,0.810036,1.0,0.358407,4.756276,0.539414,3.457167,1.008524,3.66638,0.595315,0.761925,0.6,0.97541,0.851541,1.0,0.029605,4.932618,0.608266,3.655146,1.08852,,,0.101174,0.011241,86,onset
86 / other / onset,other,72.0,0.0,0.0,,0.785804,0.647619,0.941176,0.828125,1.0,0.0,4.703335,0.438129,3.431439,1.072149,,,0.785804,0.742857,0.987179,0.922078,1.0,0.0,4.829789,0.528068,3.586164,1.14722,,,0.0,0.0,86,onset
86 / mixed / onset,mixed,604.0,0.101538,0.015142,0.454545,0.783802,0.545455,0.94375,0.83223,1.0,0.302387,4.73004,0.537543,3.385323,1.020674,3.600274,0.628703,0.783802,0.660227,0.977625,0.878521,1.0,0.034068,4.894069,0.607848,3.567083,1.095895,5.822706,0.823677,0.101538,0.015142,86,onset
86 / lvo / speed,lvo,107.0,0.154486,0.036309,0.272727,0.771028,0.70303,0.95,0.890909,1.0,0.336735,4.678746,0.5835,2.70805,0.0,3.438014,0.686714,0.771028,0.830303,0.95,0.925373,1.0,0.064516,4.827683,0.643464,2.70805,0.0,,,0.154486,0.036309,86,speed
86 / nlvo / speed,nlvo,425.0,0.096046,0.010312,0.636364,0.717647,0.485246,0.95,0.810036,1.0,0.358407,4.756276,0.539414,2.70805,0.0,3.66638,0.595315,0.717647,0.6,0.95,0.851541,1.0,0.029605,4.932618,0.608266,2.70805,0.0,,,0.096046,0.010312,86,speed
86 / other / speed,other,72.0,0.0,0.0,,0.729167,0.647619,0.95,0.828125,1.0,0.0,4.703335,0.438129,2.70805,0.0,,,0.729167,0.742857,0.95,0.922078,1.0,0.0,4.829789,0.528068,2.70805,0.0,,,0.0,0.0,86,speed
86 / mixed / speed,mixed,604.0,0.094996,0.013675,0.454545,0.728477,0.545455,0.95,0.83223,1.0,0.302387,4.73004,0.537543,2.70805,0.0,3.600274,0.628703,0.728477,0.660227,0.95,0.878521,1.0,0.034068,4.894069,0.607848,2.70805,0.0,5.822706,0.823677,0.094996,0.013675,86,speed
86 / lvo / onset + benchmark,lvo,107.0,0.266244,0.040188,0.272727,0.828872,0.70303,0.948276,0.890909,1.0,0.540816,4.678746,0.5835,3.176268,1.001469,3.438014,0.686714,0.828872,0.830303,0.978102,0.925373,1.0,0.064516,4.827683,0.643464,3.321503,1.055743,,,0.266244,0.040188,86,onset + benchmark
86 / nlvo / onset + benchmark,nlvo,425.0,0.1418,0.011241,0.636364,0.761925,0.485246,0.942568,0.810036,1.0,0.502326,4.756276,0.539414,3.457167,1.008524,3.66638,0.595315,0.761925,0.6,0.97541,0.851541,1.0,0.029605,4.932618,0.608266,3.655146,1.08852,,,0.1418,0.011241,86,onset + benchmark
86 / other / onset + benchmark,other,72.0,0.0,0.0,,0.785804,0.647619,0.941176,0.828125,1.0,0.0,4.703335,0.438129,3.431439,1.072149,,,0.785804,0.742857,0.987179,0.922078,1.0,0.0,4.829789,0.528068,3.586164,1.14722,,,0.0,0.0,86,onset + benchmark
86 / mixed / onset + benchmark,mixed,604.0,0.149635,0.015142,0.454545,0.783802,0.545455,0.94375,0.83223,1.0,0.445623,4.73004,0.537543,3.385323,1.020674,3.600274,0.628703,0.783802,0.660227,0.977625,0.878521,1.0,0.034068,4.894069,0.607848,3.567083,1.095895,5.822706,0.823677,0.149635,0.015142,86,onset + benchmark
86 / lvo / speed + benchmark,lvo,107.0,0.248114,0.036309,0.272727,0.771028,0.70303,0.95,0.890909,1.0,0.540816,4.678746,0.5835,2.70805,0.0,3.438014,0.686714,0.771028,0.830303,0.95,0.925373,1.0,0.064516,4.827683,0.643464,2.70805,0.0,,,0.248114,0.036309,86,speed + benchmark
86 / nlvo / speed + benchmark,nlvo,425.0,0.134613,0.010312,0.636364,0.717647,0.485246,0.95,0.810036,1.0,0.502326,4.756276,0.539414,2.70805,0.0,3.66638,0.595315,0.717647,0.6,0.95,0.851541,1.0,0.029605,4.932618,0.608266,2.70805,0.0,,,0.134613,0.010312,86,speed + benchmark
86 / other / speed + benchmark,other,72.0,0.0,0.0,,0.729167,0.647619,0.95,0.828125,1.0,0.0,4.703335,0.438129,2.70805,0.0,,,0.729167,0.742857,0.95,0.922078,1.0,0.0,4.829789,0.528068,2.70805,0.0,,,0.0,0.0,86,speed + benchmark
86 / mixed / speed + benchmark,mixed,604.0,0.139994,0.013675,0.454545,0.728477,0.545455,0.95,0.83223,1.0,0.445623,4.73004,0.537543,2.70805,0.0,3.600274,0.628703,0.728477,0.660227,0.95,0.878521,1.0,0.034068,4.894069,0.607848,2.70805,0.0,5.822706,0.823677,0.139994,0.013675,86,speed + benchmark
86 / lvo / speed + onset,lvo,107.0,0.166076,0.039033,0.272727,0.828872,0.70303,0.95,0.890909,1.0,0.336735,4.678746,0.5835,2.70805,0.0,3.438014,0.686714,0.828872,0.830303,0.95,0.925373,1.0,0.064516,4.827683,0.643464,2.70805,0.0,,,0.166076,0.039033,86,speed + onset
86 / nlvo / speed + onset,nlvo,425.0,0.101971,0.010949,0.636364,0.761925,0.485246,0.95,0.810036,1.0,0.358407,4.756276,0.539414,2.70805,0.0,3.66638,0.595315,0.761925,0.6,0.95,0.851541,1.0,0.029605,4.932618,0.608266,2.70805,0.0,,,0.101971,0.010949,86,speed + onset
86 / other / speed + onset,other,72.0,0.0,0.0,,0.785804,0.647619,0.95,0.828125,1.0,0.0,4.703335,0.438129,2.70805,0.0,,,0.785804,0.742857,0.95,0.922078,1.0,0.0,4.829789,0.528068,2.70805,0.0,,,0.0,0.0,86,speed + onset
86 / mixed / speed + onset,mixed,604.0,0.10221,0.014714,0.454545,0.783802,0.545455,0.95,0.83223,1.0,0.302387,4.73004,0.537543,2.70805,0.0,3.600274,0.628703,0.783802,0.660227,0.95,0.878521,1.0,0.034068,4.894069,0.607848,2.70805,0.0,5.822706,0.823677,0.10221,0.014714,86,speed + onset
86 / lvo / speed + onset + benchmark,lvo,107.0,0.266728,0.039033,0.272727,0.828872,0.70303,0.95,0.890909,1.0,0.540816,4.678746,0.5835,2.70805,0.0,3.438014,0.686714,0.828872,0.830303,0.95,0.925373,1.0,0.064516,4.827683,0.643464,2.70805,0.0,,,0.266728,0.039033,86,speed + onset + benchmark
86 / nlvo / speed + onset + benchmark,nlvo,425.0,0.142918,0.010949,0.636364,0.761925,0.485246,0.95,0.810036,1.0,0.502326,4.756276,0.539414,2.70805,0.0,3.66638,0.595315,0.761925,0.6,0.95,0.851541,1.0,0.029605,4.932618,0.608266,2.70805,0.0,,,0.142918,0.010949,86,speed + onset + benchmark
86 / other / speed + onset + benchmark,other,72.0,0.0,0.0,,0.785804,0.647619,0.95,0.828125,1.0,0.0,4.703335,0.438129,2.70805,0.0,,,0.785804,0.742857,0.95,0.922078,1.0,0.0,4.829789,0.528068,2.70805,0.0,,,0.0,0.0,86,speed + onset + benchmark
86 / mixed / speed + onset + benchmark,mixed,604.0,0.150626,0.014714,0.454545,0.783802,0.545455,0.95,0.83223,1.0,0.445623,4.73004,0.537543,2.70805,0.0,3.600274,0.628703,0.783802,0.660227,0.95,0.878521,1.0,0.034068,4.894069,0.607848,2.70805,0.0,5.822706,0.823677,0.150626,0.014714,86,speed + onset + benchmark
87 / lvo / base,lvo,81.5,0.251534,0.018405,0.666667,0.638037,0.730769,1.0,0.960526,1.0,0.534247,4.660237,0.426072,2.542043,0.802974,3.308762,0.706723,0.638037,0.865385,1.0,0.944444,1.0,0.035294,4.819338,0.542677,2.674207,0.928257,,,0.239264,0.018405,87,base
87 / nlvo / base,nlvo,332.5,0.109774,0.0,,0.518797,0.530435,1.0,0.89071,1.0,0.417178,4.668216,0.602215,2.997329,0.87965,3.425828,0.570751,0.518797,0.634783,1.0,0.90411,1.0,0.0,4.839044,0.673781,3.110563,0.937051,,,0.102256,0.0,87,base
87 / other / base,other,49.0,0.0,0.0,,0.622449,0.688525,1.0,0.952381,1.0,0.0,4.550451,0.652745,2.843028,0.983597,,,0.622449,0.803279,1.0,0.959184,1.0,0.0,4.72038,0.735918,2.908873,1.039849,,,0.0,0.0,87,base
87 / mixed / base,mixed,463.0,0.12311,0.00324,0.666667,0.550756,0.590196,1.0,0.916944,1.0,0.387681,4.649769,0.570304,2.860843,0.894425,3.383159,0.623023,0.550756,0.701961,1.0,0.921788,1.0,0.009091,4.817848,0.651948,2.973259,0.964914,,,0.115551,0.00324,87,base
87 / lvo / benchmark,lvo,81.5,0.325153,0.018405,0.666667,0.638037,0.730769,1.0,0.960526,1.0,0.726027,4.660237,0.426072,2.542043,0.802974,3.308762,0.706723,0.638037,0.865385,1.0,0.944444,1.0,0.035294,4.819338,0.542677,2.674207,0.928257,,,0.325153,0.018405,87,benchmark
87 / nlvo / benchmark,nlvo,332.5,0.118603,0.0,,0.518797,0.530435,1.0,0.89071,1.0,0.483871,4.668216,0.602215,2.997329,0.87965,3.425828,0.570751,0.518797,0.634783,1.0,0.90411,1.0,0.0,4.839044,0.673781,3.110563,0.937051,,,0.118603,0.0,87,benchmark
87 / other / benchmark,other,49.0,0.0,0.0,,0.622449,0.688525,1.0,0.952381,1.0,0.0,4.550451,0.652745,2.843028,0.983597,,,0.622449,0.803279,1.0,0.959184,1.0,0.0,4.72038,0.735918,2.908873,1.039849,,,0.0,0.0,87,benchmark
87 / mixed / benchmark,mixed,463.0,0.146868,0.00324,0.666667,0.550756,0.590196,1.0,0.916944,1.0,0.492754,4.649769,0.570304,2.860843,0.894425,3.383159,0.623023,0.550756,0.701961,1.0,0.921788,1.0,0.009091,4.817848,0.651948,2.973259,0.964914,,,0.146868,0.00324,87,benchmark
87 / lvo / onset,lvo,81.5,0.310827,0.02391,0.666667,0.828872,0.730769,1.0,0.960526,1.0,0.534247,4.660237,0.426072,2.542043,0.802974,3.308762,0.706723,0.828872,0.865385,1.0,0.944444,1.0,0.035294,4.819338,0.542677,2.674207,0.928257,,,0.310827,0.02391,87,onset
87 / nlvo / onset,nlvo,332.5,0.150177,0.0,,0.761925,0.530435,1.0,0.89071,1.0,0.417178,4.668216,0.602215,2.997329,0.87965,3.425828,0.570751,0.761925,0.634783,1.0,0.90411,1.0,0.0,4.839044,0.673781,3.110563,0.937051,,,0.150177,0.0,87,onset
87 / other / onset,other,49.0,0.0,0.0,,0.785804,0.688525,1.0,0.952381,1.0,0.0,4.550451,0.652745,2.843028,0.983597,,,0.785804,0.803279,1.0,0.959184,1.0,0.0,4.72038,0.735918,2.908873,1.039849,,,0.0,0.0,87,onset
87 / mixed / onset,mixed,463.0,0.164445,0.004611,0.666667,0.783802,0.590196,1.0,0.916944,1.0,0.387681,4.649769,0.570304,2.860843,0.894425,3.383159,0.623023,0.783802,0.701961,1.0,0.921788,1.0,0.009091,4.817848,0.651948,2.973259,0.964914,,,0.164445,0.004611,87,onset
87 / lvo / speed,lvo,81.5,0.227301,0.017485,0.666667,0.638037,0.730769,0.95,0.960526,1.0,0.534247,4.660237,0.426072,2.542043,0.0,3.308762,0.706723,0.638037,0.865385,0.95,0.944444,1.0,0.035294,4.819338,0.542677,2.674207,0.0,,,0.227301,0.017485,87,speed
87 / nlvo / speed,nlvo,332.5,0.097143,0.0,,0.518797,0.530435,0.95,0.89071,1.0,0.417178,4.668216,0.602215,2.70805,0.0,3.425828,0.570751,0.518797,0.634783,0.95,0.90411,1.0,0.0,4.839044,0.673781,2.70805,0.0,,,0.097143,0.0,87,speed
87 / other / speed,other,49.0,0.0,0.0,,0.622449,0.688525,0.95,0.952381,1.0,0.0,4.550451,0.652745,2.70805,0.0,,,0.622449,0.803279,0.95,0.959184,1.0,0.0,4.72038,0.735918,2.70805,0.0,,,0.0,0.0,87,speed
87 / mixed / speed,mixed,463.0,0.109773,0.003078,0.666667,0.550756,0.590196,0.95,0.916944,1.0,0.387681,4.649769,0.570304,2.70805,0.0,3.383159,0.623023,0.550756,0.701961,0.95,0.921788,1.0,0.009091,4.817848,0.651948,2.70805,0.0,,,0.109773,0.003078,87,speed
87 / lvo / onset + benchmark,lvo,81.5,0.422406,0.02391,0.666667,0.828872,0.730769,1.0,0.960526,1.0,0.726027,4.660237,0.426072,2.542043,0.802974,3.308762,0.706723,0.828872,0.865385,1.0,0.944444,1.0,0.035294,4.819338,0.542677,2.674207,0.928257,,,0.422406,0.02391,87,onset + benchmark
87 / nlvo / onset + benchmark,nlvo,332.5,0.174185,0.0,,0.761925,0.530435,1.0,0.89071,1.0,0.483871,4.668216,0.602215,2.997329,0.87965,3.425828,0.570751,0.761925,0.634783,1.0,0.90411,1.0,0.0,4.839044,0.673781,3.110563,0.937051,,,0.174185,0.0,87,onset + benchmark
87 / other / onset + benchmark,other,49.0,0.0,0.0,,0.785804,0.688525,1.0,0.952381,1.0,0.0,4.550451,0.652745,2.843028,0.983597,,,0.785804,0.803279,1.0,0.959184,1.0,0.0,4.72038,0.735918,2.908873,1.039849,,,0.0,0.0,87,onset + benchmark
87 / mixed / onset + benchmark,mixed,463.0,0.209014,0.004611,0.666667,0.783802,0.590196,1.0,0.916944,1.0,0.492754,4.649769,0.570304,2.860843,0.894425,3.383159,0.623023,0.783802,0.701961,1.0,0.921788,1.0,0.009091,4.817848,0.651948,2.973259,0.964914,,,0.209014,0.004611,87,onset + benchmark
87 / lvo / speed + benchmark,lvo,81.5,0.308896,0.017485,0.666667,0.638037,0.730769,0.95,0.960526,1.0,0.726027,4.660237,0.426072,2.542043,0.0,3.308762,0.706723,0.638037,0.865385,0.95,0.944444,1.0,0.035294,4.819338,0.542677,2.674207,0.0,,,0.308896,0.017485,87,speed + benchmark
87 / nlvo / speed + benchmark,nlvo,332.5,0.112673,0.0,,0.518797,0.530435,0.95,0.89071,1.0,0.483871,4.668216,0.602215,2.70805,0.0,3.425828,0.570751,0.518797,0.634783,0.95,0.90411,1.0,0.0,4.839044,0.673781,2.70805,0.0,,,0.112673,0.0,87,speed + benchmark
87 / other / speed + benchmark,other,49.0,0.0,0.0,,0.622449,0.688525,0.95,0.952381,1.0,0.0,4.550451,0.652745,2.70805,0.0,,,0.622449,0.803279,0.95,0.959184,1.0,0.0,4.72038,0.735918,2.70805,0.0,,,0.0,0.0,87,speed + benchmark
87 / mixed / speed + benchmark,mixed,463.0,0.139525,0.003078,0.666667,0.550756,0.590196,0.95,0.916944,1.0,0.492754,4.649769,0.570304,2.70805,0.0,3.383159,0.623023,0.550756,0.701961,0.95,0.921788,1.0,0.009091,4.817848,0.651948,2.70805,0.0,,,0.139525,0.003078,87,speed + benchmark
87 / lvo / speed + onset,lvo,81.5,0.295286,0.022714,0.666667,0.828872,0.730769,0.95,0.960526,1.0,0.534247,4.660237,0.426072,2.542043,0.0,3.308762,0.706723,0.828872,0.865385,0.95,0.944444,1.0,0.035294,4.819338,0.542677,2.674207,0.0,,,0.295286,0.022714,87,speed + onset
87 / nlvo / speed + onset,nlvo,332.5,0.142668,0.0,,0.761925,0.530435,0.95,0.89071,1.0,0.417178,4.668216,0.602215,2.70805,0.0,3.425828,0.570751,0.761925,0.634783,0.95,0.90411,1.0,0.0,4.839044,0.673781,2.70805,0.0,,,0.142668,0.0,87,speed + onset
87 / other / speed + onset,other,49.0,0.0,0.0,,0.785804,0.688525,0.95,0.952381,1.0,0.0,4.550451,0.652745,2.70805,0.0,,,0.785804,0.803279,0.95,0.959184,1.0,0.0,4.72038,0.735918,2.70805,0.0,,,0.0,0.0,87,speed + onset
87 / mixed / speed + onset,mixed,463.0,0.156222,0.00438,0.666667,0.783802,0.590196,0.95,0.916944,1.0,0.387681,4.649769,0.570304,2.70805,0.0,3.383159,0.623023,0.783802,0.701961,0.95,0.921788,1.0,0.009091,4.817848,0.651948,2.70805,0.0,,,0.156222,0.00438,87,speed + onset
87 / lvo / speed + onset + benchmark,lvo,81.5,0.401285,0.022714,0.666667,0.828872,0.730769,0.95,0.960526,1.0,0.726027,4.660237,0.426072,2.542043,0.0,3.308762,0.706723,0.828872,0.865385,0.95,0.944444,1.0,0.035294,4.819338,0.542677,2.674207,0.0,,,0.401285,0.022714,87,speed + onset + benchmark
87 / nlvo / speed + onset + benchmark,nlvo,332.5,0.165476,0.0,,0.761925,0.530435,0.95,0.89071,1.0,0.483871,4.668216,0.602215,2.70805,0.0,3.425828,0.570751,0.761925,0.634783,0.95,0.90411,1.0,0.0,4.839044,0.673781,2.70805,0.0,,,0.165476,0.0,87,speed + onset + benchmark
87 / other / speed + onset + benchmark,other,49.0,0.0,0.0,,0.785804,0.688525,0.95,0.952381,1.0,0.0,4.550451,0.652745,2.70805,0.0,,,0.785804,0.803279,0.95,0.959184,1.0,0.0,4.72038,0.735918,2.70805,0.0,,,0.0,0.0,87,speed + onset + benchmark
87 / mixed / speed + onset + benchmark,mixed,463.0,0.198563,0.00438,0.666667,0.783802,0.590196,0.95,0.916944,1.0,0.492754,4.649769,0.570304,2.70805,0.0,3.383159,0.623023,0.783802,0.701961,0.95,0.921788,1.0,0.009091,4.817848,0.651948,2.70805,0.0,,,0.198563,0.00438,87,speed + onset + benchmark
88 / lvo / base,lvo,71.0,0.260563,0.06338,0.444444,0.661972,0.744681,0.985714,0.956522,1.0,0.545455,4.520047,0.49983,1.69753,1.37801,3.628188,0.486515,0.661972,0.797872,0.986667,1.0,1.0,0.081081,4.594716,0.559359,1.772869,1.388893,,,0.253521,0.042253,88,base
88 / nlvo / base,nlvo,354.5,0.110014,0.005642,1.0,0.664316,0.488323,0.965217,0.864865,1.0,0.390625,4.670299,0.469618,2.466659,1.586801,3.651473,0.634899,0.664316,0.592357,0.97491,0.889706,1.0,0.016529,4.847363,0.576202,2.739077,1.668752,,,0.105783,0.005642,88,base
88 / other / base,other,47.0,0.0,0.0,,0.595745,0.642857,0.916667,0.787879,1.0,0.0,4.702338,0.467134,2.516951,1.747305,,,0.595745,0.785714,0.954545,0.809524,1.0,0.0,4.894918,0.592026,2.79311,1.7094,,,0.0,0.0,88,base
88 / mixed / base,mixed,472.5,0.121693,0.013757,0.615385,0.657143,0.541063,0.964286,0.876543,1.0,0.390845,4.642429,0.478605,2.307985,1.58947,3.643921,0.588733,0.657143,0.640902,0.974874,0.902062,1.0,0.028571,4.805011,0.582482,2.560649,1.664447,,,0.11746,0.010582,88,base
88 / lvo / benchmark,lvo,71.0,0.352113,0.042253,0.444444,0.661972,0.744681,0.985714,0.956522,1.0,0.757576,4.520047,0.49983,1.69753,1.37801,3.628188,0.486515,0.661972,0.797872,0.986667,1.0,1.0,0.081081,4.594716,0.559359,1.772869,1.388893,,,0.352113,0.042253,88,benchmark
88 / nlvo / benchmark,nlvo,354.5,0.111854,0.005642,1.0,0.664316,0.488323,0.965217,0.864865,1.0,0.413043,4.670299,0.469618,2.466659,1.586801,3.651473,0.634899,0.664316,0.592357,0.97491,0.889706,1.0,0.016529,4.847363,0.576202,2.739077,1.668752,,,0.111854,0.005642,88,benchmark
88 / other / benchmark,other,47.0,0.0,0.0,,0.595745,0.642857,0.916667,0.787879,1.0,0.0,4.702338,0.467134,2.516951,1.747305,,,0.595745,0.785714,0.954545,0.809524,1.0,0.0,4.894918,0.592026,2.79311,1.7094,,,0.0,0.0,88,benchmark
88 / mixed / benchmark,mixed,472.5,0.141799,0.010582,0.615385,0.657143,0.541063,0.964286,0.876543,1.0,0.471831,4.642429,0.478605,2.307985,1.58947,3.643921,0.588733,0.657143,0.640902,0.974874,0.902062,1.0,0.028571,4.805011,0.582482,2.560649,1.664447,,,0.141799,0.010582,88,benchmark
88 / lvo / onset,lvo,71.0,0.317441,0.052907,0.444444,0.828872,0.744681,0.985714,0.956522,1.0,0.545455,4.520047,0.49983,1.69753,1.37801,3.628188,0.486515,0.828872,0.797872,0.986667,1.0,1.0,0.081081,4.594716,0.559359,1.772869,1.388893,,,0.317441,0.052907,88,onset
88 / nlvo / onset,nlvo,354.5,0.121326,0.006471,1.0,0.761925,0.488323,0.965217,0.864865,1.0,0.390625,4.670299,0.469618,2.466659,1.586801,3.651473,0.634899,0.761925,0.592357,0.97491,0.889706,1.0,0.016529,4.847363,0.576202,2.739077,1.668752,,,0.121326,0.006471,88,onset
88 / other / onset,other,47.0,0.0,0.0,,0.785804,0.642857,0.916667,0.787879,1.0,0.0,4.702338,0.467134,2.516951,1.747305,,,0.785804,0.785714,0.954545,0.809524,1.0,0.0,4.894918,0.592026,2.79311,1.7094,,,0.0,0.0,88,onset
88 / mixed / onset,mixed,472.5,0.1401,0.012621,0.615385,0.783802,0.541063,0.964286,0.876543,1.0,0.390845,4.642429,0.478605,2.307985,1.58947,3.643921,0.588733,0.783802,0.640902,0.974874,0.902062,1.0,0.028571,4.805011,0.582482,2.560649,1.664447,,,0.1401,0.012621,88,onset
88 / lvo / speed,lvo,71.0,0.244336,0.040683,0.444444,0.661972,0.744681,0.95,0.956522,1.0,0.545455,4.520047,0.49983,1.69753,0.0,3.628188,0.486515,0.661972,0.797872,0.95,1.0,1.0,0.081081,4.594716,0.559359,1.772869,0.0,,,0.244336,0.040683,88,speed
88 / nlvo / speed,nlvo,354.5,0.104115,0.005498,1.0,0.664316,0.488323,0.95,0.864865,1.0,0.390625,4.670299,0.469618,2.466659,0.0,3.651473,0.634899,0.664316,0.592357,0.95,0.889706,1.0,0.016529,4.847363,0.576202,2.70805,0.0,,,0.104115,0.005498,88,speed
88 / other / speed,other,47.0,0.0,0.0,,0.595745,0.642857,0.95,0.787879,1.0,0.0,4.702338,0.467134,2.516951,0.0,,,0.595745,0.785714,0.95,0.809524,1.0,0.0,4.894918,0.592026,2.70805,0.0,,,0.0,0.0,88,speed
88 / mixed / speed,mixed,472.5,0.11572,0.010312,0.615385,0.657143,0.541063,0.95,0.876543,1.0,0.390845,4.642429,0.478605,2.307985,0.0,3.643921,0.588733,0.657143,0.640902,0.95,0.902062,1.0,0.028571,4.805011,0.582482,2.560649,0.0,,,0.11572,0.010312,88,speed
88 / lvo / onset + benchmark,lvo,71.0,0.440889,0.052907,0.444444,0.828872,0.744681,0.985714,0.956522,1.0,0.757576,4.520047,0.49983,1.69753,1.37801,3.628188,0.486515,0.828872,0.797872,0.986667,1.0,1.0,0.081081,4.594716,0.559359,1.772869,1.388893,,,0.440889,0.052907,88,onset + benchmark
88 / nlvo / onset + benchmark,nlvo,354.5,0.128289,0.006471,1.0,0.761925,0.488323,0.965217,0.864865,1.0,0.413043,4.670299,0.469618,2.466659,1.586801,3.651473,0.634899,0.761925,0.592357,0.97491,0.889706,1.0,0.016529,4.847363,0.576202,2.739077,1.668752,,,0.128289,0.006471,88,onset + benchmark
88 / other / onset + benchmark,other,47.0,0.0,0.0,,0.785804,0.642857,0.916667,0.787879,1.0,0.0,4.702338,0.467134,2.516951,1.747305,,,0.785804,0.785714,0.954545,0.809524,1.0,0.0,4.894918,0.592026,2.79311,1.7094,,,0.0,0.0,88,onset + benchmark
88 / mixed / onset + benchmark,mixed,472.5,0.16913,0.012621,0.615385,0.783802,0.541063,0.964286,0.876543,1.0,0.471831,4.642429,0.478605,2.307985,1.58947,3.643921,0.588733,0.783802,0.640902,0.974874,0.902062,1.0,0.028571,4.805011,0.582482,2.560649,1.664447,,,0.16913,0.012621,88,onset + benchmark
88 / lvo / speed + benchmark,lvo,71.0,0.339355,0.040683,0.444444,0.661972,0.744681,0.95,0.956522,1.0,0.757576,4.520047,0.49983,1.69753,0.0,3.628188,0.486515,0.661972,0.797872,0.95,1.0,1.0,0.081081,4.594716,0.559359,1.772869,0.0,,,0.339355,0.040683,88,speed + benchmark
88 / nlvo / speed + benchmark,nlvo,354.5,0.11009,0.005498,1.0,0.664316,0.488323,0.95,0.864865,1.0,0.413043,4.670299,0.469618,2.466659,0.0,3.651473,0.634899,0.664316,0.592357,0.95,0.889706,1.0,0.016529,4.847363,0.576202,2.70805,0.0,,,0.11009,0.005498,88,speed + benchmark
88 / other / speed + benchmark,other,47.0,0.0,0.0,,0.595745,0.642857,0.95,0.787879,1.0,0.0,4.702338,0.467134,2.516951,0.0,,,0.595745,0.785714,0.95,0.809524,1.0,0.0,4.894918,0.592026,2.70805,0.0,,,0.0,0.0,88,speed + benchmark
88 / mixed / speed + benchmark,mixed,472.5,0.139698,0.010312,0.615385,0.657143,0.541063,0.95,0.876543,1.0,0.471831,4.642429,0.478605,2.307985,0.0,3.643921,0.588733,0.657143,0.640902,0.95,0.902062,1.0,0.028571,4.805011,0.582482,2.560649,0.0,,,0.139698,0.010312,88,speed + benchmark
88 / lvo / speed + onset,lvo,71.0,0.305939,0.050941,0.444444,0.828872,0.744681,0.95,0.956522,1.0,0.545455,4.520047,0.49983,1.69753,0.0,3.628188,0.486515,0.828872,0.797872,0.95,1.0,1.0,0.081081,4.594716,0.559359,1.772869,0.0,,,0.305939,0.050941,88,speed + onset
88 / nlvo / speed + onset,nlvo,354.5,0.119413,0.006305,1.0,0.761925,0.488323,0.95,0.864865,1.0,0.390625,4.670299,0.469618,2.466659,0.0,3.651473,0.634899,0.761925,0.592357,0.95,0.889706,1.0,0.016529,4.847363,0.576202,2.70805,0.0,,,0.119413,0.006305,88,speed + onset
88 / other / speed + onset,other,47.0,0.0,0.0,,0.785804,0.642857,0.95,0.787879,1.0,0.0,4.702338,0.467134,2.516951,0.0,,,0.785804,0.785714,0.95,0.809524,1.0,0.0,4.894918,0.592026,2.70805,0.0,,,0.0,0.0,88,speed + onset
88 / mixed / speed + onset,mixed,472.5,0.138024,0.012299,0.615385,0.783802,0.541063,0.95,0.876543,1.0,0.390845,4.642429,0.478605,2.307985,0.0,3.643921,0.588733,0.783802,0.640902,0.95,0.902062,1.0,0.028571,4.805011,0.582482,2.560649,0.0,,,0.138024,0.012299,88,speed + onset
88 / lvo / speed + onset + benchmark,lvo,71.0,0.424915,0.050941,0.444444,0.828872,0.744681,0.95,0.956522,1.0,0.757576,4.520047,0.49983,1.69753,0.0,3.628188,0.486515,0.828872,0.797872,0.95,1.0,1.0,0.081081,4.594716,0.559359,1.772869,0.0,,,0.424915,0.050941,88,speed + onset + benchmark
88 / nlvo / speed + onset + benchmark,nlvo,354.5,0.126266,0.006305,1.0,0.761925,0.488323,0.95,0.864865,1.0,0.413043,4.670299,0.469618,2.466659,0.0,3.651473,0.634899,0.761925,0.592357,0.95,0.889706,1.0,0.016529,4.847363,0.576202,2.70805,0.0,,,0.126266,0.006305,88,speed + onset + benchmark
88 / other / speed + onset + benchmark,other,47.0,0.0,0.0,,0.785804,0.642857,0.95,0.787879,1.0,0.0,4.702338,0.467134,2.516951,0.0,,,0.785804,0.785714,0.95,0.809524,1.0,0.0,4.894918,0.592026,2.70805,0.0,,,0.0,0.0,88,speed + onset + benchmark
88 / mixed / speed + onset + benchmark,mixed,472.5,0.166624,0.012299,0.615385,0.783802,0.541063,0.95,0.876543,1.0,0.471831,4.642429,0.478605,2.307985,0.0,3.643921,0.588733,0.783802,0.640902,0.95,0.902062,1.0,0.028571,4.805011,0.582482,2.560649,0.0,,,0.166624,0.012299,88,speed + onset + benchmark
89 / lvo / base,lvo,49.0,0.183673,0.020408,0.5,0.5,0.693878,0.970588,1.0,1.0,0.515152,4.301662,0.884473,2.93214,0.602455,3.73024,0.767369,0.5,0.816327,0.975,1.0,1.0,0.025641,4.495548,0.938688,2.97595,0.59651,,,0.17347,0.010204,89,base
89 / nlvo / base,nlvo,240.0,0.102083,0.002083,1.0,0.4875,0.679487,0.981132,0.858974,1.0,0.350746,4.652567,0.490818,3.526255,0.9182,3.74942,0.672401,0.4875,0.782051,0.983607,0.9,1.0,0.006173,4.79084,0.581131,3.62844,0.972308,,,0.097917,0.002083,89,base
89 / other / base,other,33.0,0.0,0.0,,0.439394,0.862069,0.88,0.863636,1.0,0.0,4.546869,0.808874,3.127472,0.728642,,,0.439394,0.896552,0.923077,0.958333,1.0,0.0,4.587879,0.819655,3.263,0.865429,,,0.0,0.0,89,base
89 / mixed / base,mixed,322.0,0.104037,0.004658,0.666667,0.484472,0.698718,0.96789,0.881517,1.0,0.344086,4.585717,0.618727,3.391757,0.885794,3.744325,0.692636,0.484472,0.798077,0.975904,0.921811,1.0,0.008929,4.722211,0.683946,3.487626,0.942482,,,0.099379,0.003106,89,base
89 / lvo / benchmark,lvo,49.0,0.244898,0.010204,0.5,0.5,0.693878,0.970588,1.0,1.0,0.727273,4.301662,0.884473,2.93214,0.602455,3.73024,0.767369,0.5,0.816327,0.975,1.0,1.0,0.025641,4.495548,0.938688,2.97595,0.59651,,,0.244898,0.010204,89,benchmark
89 / nlvo / benchmark,nlvo,240.0,0.123353,0.002083,1.0,0.4875,0.679487,0.981132,0.858974,1.0,0.44186,4.652567,0.490818,3.526255,0.9182,3.74942,0.672401,0.4875,0.782051,0.983607,0.9,1.0,0.006173,4.79084,0.581131,3.62844,0.972308,,,0.123353,0.002083,89,benchmark
89 / other / benchmark,other,33.0,0.0,0.0,,0.439394,0.862069,0.88,0.863636,1.0,0.0,4.546869,0.808874,3.127472,0.728642,,,0.439394,0.896552,0.923077,0.958333,1.0,0.0,4.587879,0.819655,3.263,0.865429,,,0.0,0.0,89,benchmark
89 / mixed / benchmark,mixed,322.0,0.13354,0.003106,0.666667,0.484472,0.698718,0.96789,0.881517,1.0,0.462366,4.585717,0.618727,3.391757,0.885794,3.744325,0.692636,0.484472,0.798077,0.975904,0.921811,1.0,0.008929,4.722211,0.683946,3.487626,0.942482,,,0.13354,0.003106,89,benchmark
89 / lvo / onset,lvo,49.0,0.287568,0.016916,0.5,0.828872,0.693878,0.970588,1.0,1.0,0.515152,4.301662,0.884473,2.93214,0.602455,3.73024,0.767369,0.828872,0.816327,0.975,1.0,1.0,0.025641,4.495548,0.938688,2.97595,0.59651,,,0.287568,0.016916,89,onset
89 / nlvo / onset,nlvo,240.0,0.153036,0.003256,1.0,0.761925,0.679487,0.981132,0.858974,1.0,0.350746,4.652567,0.490818,3.526255,0.9182,3.74942,0.672401,0.761925,0.782051,0.983607,0.9,1.0,0.006173,4.79084,0.581131,3.62844,0.972308,,,0.153036,0.003256,89,onset
89 / other / onset,other,33.0,0.0,0.0,,0.785804,0.862069,0.88,0.863636,1.0,0.0,4.546869,0.808874,3.127472,0.728642,,,0.785804,0.896552,0.923077,0.958333,1.0,0.0,4.587879,0.819655,3.263,0.865429,,,0.0,0.0,89,onset
89 / mixed / onset,mixed,322.0,0.16078,0.005025,0.666667,0.783802,0.698718,0.96789,0.881517,1.0,0.344086,4.585717,0.618727,3.391757,0.885794,3.744325,0.692636,0.783802,0.798077,0.975904,0.921811,1.0,0.008929,4.722211,0.683946,3.487626,0.942482,,,0.16078,0.005025,89,onset
89 / lvo / speed,lvo,49.0,0.16979,0.009942,0.5,0.5,0.693878,0.95,1.0,1.0,0.515152,4.301662,0.884473,2.70805,0.0,3.73024,0.767369,0.5,0.816327,0.95,1.0,1.0,0.025641,4.495548,0.938688,2.70805,0.0,,,0.16979,0.009942,89,speed
89 / nlvo / speed,nlvo,240.0,0.09481,0.002012,1.0,0.4875,0.679487,0.95,0.858974,1.0,0.350746,4.652567,0.490818,2.70805,0.0,3.74942,0.672401,0.4875,0.782051,0.95,0.9,1.0,0.006173,4.79084,0.581131,2.70805,0.0,,,0.09481,0.002012,89,speed
89 / other / speed,other,33.0,0.0,0.0,,0.439394,0.862069,0.95,0.863636,1.0,0.0,4.546869,0.808874,2.70805,0.0,,,0.439394,0.896552,0.95,0.958333,1.0,0.0,4.587879,0.819655,2.70805,0.0,,,0.0,0.0,89,speed
89 / mixed / speed,mixed,322.0,0.097542,0.003023,0.666667,0.484472,0.698718,0.95,0.881517,1.0,0.344086,4.585717,0.618727,2.70805,0.0,3.744325,0.692636,0.484472,0.798077,0.95,0.921811,1.0,0.008929,4.722211,0.683946,2.70805,0.0,,,0.097542,0.003023,89,speed
89 / lvo / onset + benchmark,lvo,49.0,0.405978,0.016916,0.5,0.828872,0.693878,0.970588,1.0,1.0,0.727273,4.301662,0.884473,2.93214,0.602455,3.73024,0.767369,0.828872,0.816327,0.975,1.0,1.0,0.025641,4.495548,0.938688,2.97595,0.59651,,,0.405978,0.016916,89,onset + benchmark
89 / nlvo / onset + benchmark,nlvo,240.0,0.192791,0.003256,1.0,0.761925,0.679487,0.981132,0.858974,1.0,0.44186,4.652567,0.490818,3.526255,0.9182,3.74942,0.672401,0.761925,0.782051,0.983607,0.9,1.0,0.006173,4.79084,0.581131,3.62844,0.972308,,,0.192791,0.003256,89,onset + benchmark
89 / other / onset + benchmark,other,33.0,0.0,0.0,,0.785804,0.862069,0.88,0.863636,1.0,0.0,4.546869,0.808874,3.127472,0.728642,,,0.785804,0.896552,0.923077,0.958333,1.0,0.0,4.587879,0.819655,3.263,0.865429,,,0.0,0.0,89,onset + benchmark
89 / mixed / onset + benchmark,mixed,322.0,0.216048,0.005025,0.666667,0.783802,0.698718,0.96789,0.881517,1.0,0.462366,4.585717,0.618727,3.391757,0.885794,3.744325,0.692636,0.783802,0.798077,0.975904,0.921811,1.0,0.008929,4.722211,0.683946,3.487626,0.942482,,,0.216048,0.005025,89,onset + benchmark
89 / lvo / speed + benchmark,lvo,49.0,0.239703,0.009942,0.5,0.5,0.693878,0.95,1.0,1.0,0.727273,4.301662,0.884473,2.70805,0.0,3.73024,0.767369,0.5,0.816327,0.95,1.0,1.0,0.025641,4.495548,0.938688,2.70805,0.0,,,0.239703,0.009942,89,speed + benchmark
89 / nlvo / speed + benchmark,nlvo,240.0,0.119439,0.002012,1.0,0.4875,0.679487,0.95,0.858974,1.0,0.44186,4.652567,0.490818,2.70805,0.0,3.74942,0.672401,0.4875,0.782051,0.95,0.9,1.0,0.006173,4.79084,0.581131,2.70805,0.0,,,0.119439,0.002012,89,speed + benchmark
89 / other / speed + benchmark,other,33.0,0.0,0.0,,0.439394,0.862069,0.95,0.863636,1.0,0.0,4.546869,0.808874,2.70805,0.0,,,0.439394,0.896552,0.95,0.958333,1.0,0.0,4.587879,0.819655,2.70805,0.0,,,0.0,0.0,89,speed + benchmark
89 / mixed / speed + benchmark,mixed,322.0,0.131072,0.003023,0.666667,0.484472,0.698718,0.95,0.881517,1.0,0.462366,4.585717,0.618727,2.70805,0.0,3.744325,0.692636,0.484472,0.798077,0.95,0.921811,1.0,0.008929,4.722211,0.683946,2.70805,0.0,,,0.131072,0.003023,89,speed + benchmark
89 / lvo / speed + onset,lvo,49.0,0.281468,0.016482,0.5,0.828872,0.693878,0.95,1.0,1.0,0.515152,4.301662,0.884473,2.70805,0.0,3.73024,0.767369,0.828872,0.816327,0.95,1.0,1.0,0.025641,4.495548,0.938688,2.70805,0.0,,,0.281468,0.016482,89,speed + onset
89 / nlvo / speed + onset,nlvo,240.0,0.14818,0.003145,1.0,0.761925,0.679487,0.95,0.858974,1.0,0.350746,4.652567,0.490818,2.70805,0.0,3.74942,0.672401,0.761925,0.782051,0.95,0.9,1.0,0.006173,4.79084,0.581131,2.70805,0.0,,,0.14818,0.003145,89,speed + onset
89 / other / speed + onset,other,33.0,0.0,0.0,,0.785804,0.862069,0.95,0.863636,1.0,0.0,4.546869,0.808874,2.70805,0.0,,,0.785804,0.896552,0.95,0.958333,1.0,0.0,4.587879,0.819655,2.70805,0.0,,,0.0,0.0,89,speed + onset
89 / mixed / speed + onset,mixed,322.0,0.157808,0.004891,0.666667,0.783802,0.698718,0.95,0.881517,1.0,0.344086,4.585717,0.618727,2.70805,0.0,3.744325,0.692636,0.783802,0.798077,0.95,0.921811,1.0,0.008929,4.722211,0.683946,2.70805,0.0,,,0.157808,0.004891,89,speed + onset
89 / lvo / speed + onset + benchmark,lvo,49.0,0.397367,0.016482,0.5,0.828872,0.693878,0.95,1.0,1.0,0.727273,4.301662,0.884473,2.70805,0.0,3.73024,0.767369,0.828872,0.816327,0.95,1.0,1.0,0.025641,4.495548,0.938688,2.70805,0.0,,,0.397367,0.016482,89,speed + onset + benchmark
89 / nlvo / speed + onset + benchmark,nlvo,240.0,0.186673,0.003145,1.0,0.761925,0.679487,0.95,0.858974,1.0,0.44186,4.652567,0.490818,2.70805,0.0,3.74942,0.672401,0.761925,0.782051,0.95,0.9,1.0,0.006173,4.79084,0.581131,2.70805,0.0,,,0.186673,0.003145,89,speed + onset + benchmark
89 / other / speed + onset + benchmark,other,33.0,0.0,0.0,,0.785804,0.862069,0.95,0.863636,1.0,0.0,4.546869,0.808874,2.70805,0.0,,,0.785804,0.896552,0.95,0.958333,1.0,0.0,4.587879,0.819655,2.70805,0.0,,,0.0,0.0,89,speed + onset + benchmark
89 / mixed / speed + onset + benchmark,mixed,322.0,0.212055,0.004891,0.666667,0.783802,0.698718,0.95,0.881517,1.0,0.462366,4.585717,0.618727,2.70805,0.0,3.744325,0.692636,0.783802,0.798077,0.95,0.921811,1.0,0.008929,4.722211,0.683946,2.70805,0.0,,,0.212055,0.004891,89,speed + onset + benchmark
90 / lvo / base,lvo,52.0,0.288462,0.048077,1.0,0.557692,0.810345,1.0,0.93617,1.0,0.636364,4.543491,0.519205,2.541466,0.791642,3.298658,0.450725,0.557692,0.913793,1.0,1.0,1.0,0.09434,4.663666,0.595749,2.575914,0.833701,,,0.269231,0.048077,90,base
90 / nlvo / base,nlvo,125.5,0.14741,0.007968,1.0,0.549801,0.594203,1.0,0.926829,1.0,0.473684,4.360216,0.528322,2.862856,1.006155,2.883634,0.904048,0.549801,0.681159,1.0,0.989362,1.0,0.021505,4.524024,0.655298,2.915605,0.976527,,,0.143426,0.007968,90,base
90 / other / base,other,28.5,0.0,0.0,,0.631579,0.833333,1.0,0.933333,1.0,0.0,4.455182,0.481445,2.909622,0.907182,,,0.631579,0.861111,1.0,1.0,1.0,0.0,4.496517,0.526336,2.934759,0.902849,,,0.0,0.0,90,base
90 / mixed / base,mixed,206.0,0.162621,0.01699,1.0,0.563107,0.685345,1.0,0.930818,1.0,0.432432,4.432309,0.520189,2.776677,0.936037,3.065207,0.76432,0.563107,0.767241,1.0,0.994382,1.0,0.039548,4.560812,0.617624,2.817797,0.931879,,,0.15534,0.01699,90,base
90 / lvo / benchmark,lvo,52.0,0.307692,0.048077,1.0,0.557692,0.810345,1.0,0.93617,1.0,0.727273,4.543491,0.519205,2.541466,0.791642,3.298658,0.450725,0.557692,0.913793,1.0,1.0,1.0,0.09434,4.663666,0.595749,2.575914,0.833701,,,0.307692,0.048077,90,benchmark
90 / nlvo / benchmark,nlvo,125.5,0.159805,0.007968,1.0,0.549801,0.594203,1.0,0.926829,1.0,0.527778,4.360216,0.528322,2.862856,1.006155,2.883634,0.904048,0.549801,0.681159,1.0,0.989362,1.0,0.021505,4.524024,0.655298,2.915605,0.976527,,,0.159805,0.007968,90,benchmark
90 / other / benchmark,other,28.5,0.0,0.0,,0.631579,0.833333,1.0,0.933333,1.0,0.0,4.455182,0.481445,2.909622,0.907182,,,0.631579,0.861111,1.0,1.0,1.0,0.0,4.496517,0.526336,2.934759,0.902849,,,0.0,0.0,90,benchmark
90 / mixed / benchmark,mixed,206.0,0.174757,0.01699,1.0,0.563107,0.685345,1.0,0.930818,1.0,0.486486,4.432309,0.520189,2.776677,0.936037,3.065207,0.76432,0.563107,0.767241,1.0,0.994382,1.0,0.039548,4.560812,0.617624,2.817797,0.931879,,,0.174757,0.01699,90,benchmark
90 / lvo / onset,lvo,52.0,0.400145,0.071455,1.0,0.828872,0.810345,1.0,0.93617,1.0,0.636364,4.543491,0.519205,2.541466,0.791642,3.298658,0.450725,0.828872,0.913793,1.0,1.0,1.0,0.09434,4.663666,0.595749,2.575914,0.833701,,,0.400145,0.071455,90,onset
90 / nlvo / onset,nlvo,125.5,0.198763,0.011042,1.0,0.761925,0.594203,1.0,0.926829,1.0,0.473684,4.360216,0.528322,2.862856,1.006155,2.883634,0.904048,0.761925,0.681159,1.0,0.989362,1.0,0.021505,4.524024,0.655298,2.915605,0.976527,,,0.198763,0.011042,90,onset
90 / other / onset,other,28.5,0.0,0.0,,0.785804,0.833333,1.0,0.933333,1.0,0.0,4.455182,0.481445,2.909622,0.907182,,,0.785804,0.861111,1.0,1.0,1.0,0.0,4.496517,0.526336,2.934759,0.902849,,,0.0,0.0,90,onset
90 / mixed / onset,mixed,206.0,0.216221,0.023649,1.0,0.783802,0.685345,1.0,0.930818,1.0,0.432432,4.432309,0.520189,2.776677,0.936037,3.065207,0.76432,0.783802,0.767241,1.0,0.994382,1.0,0.039548,4.560812,0.617624,2.817797,0.931879,,,0.216221,0.023649,90,onset
90 / lvo / speed,lvo,52.0,0.255769,0.045673,1.0,0.557692,0.810345,0.95,0.93617,1.0,0.636364,4.543491,0.519205,2.541466,0.0,3.298658,0.450725,0.557692,0.913793,0.95,1.0,1.0,0.09434,4.663666,0.595749,2.575914,0.0,,,0.255769,0.045673,90,speed
90 / nlvo / speed,nlvo,125.5,0.136255,0.00757,1.0,0.549801,0.594203,0.95,0.926829,1.0,0.473684,4.360216,0.528322,2.70805,0.0,2.883634,0.904048,0.549801,0.681159,0.95,0.989362,1.0,0.021505,4.524024,0.655298,2.70805,0.0,,,0.136255,0.00757,90,speed
90 / other / speed,other,28.5,0.0,0.0,,0.631579,0.833333,0.95,0.933333,1.0,0.0,4.455182,0.481445,2.70805,0.0,,,0.631579,0.861111,0.95,1.0,1.0,0.0,4.496517,0.526336,2.70805,0.0,,,0.0,0.0,90,speed
90 / mixed / speed,mixed,206.0,0.147573,0.016141,1.0,0.563107,0.685345,0.95,0.930818,1.0,0.432432,4.432309,0.520189,2.70805,0.0,3.065207,0.76432,0.563107,0.767241,0.95,0.994382,1.0,0.039548,4.560812,0.617624,2.70805,0.0,,,0.147573,0.016141,90,speed
90 / lvo / onset + benchmark,lvo,52.0,0.457309,0.071455,1.0,0.828872,0.810345,1.0,0.93617,1.0,0.727273,4.543491,0.519205,2.541466,0.791642,3.298658,0.450725,0.828872,0.913793,1.0,1.0,1.0,0.09434,4.663666,0.595749,2.575914,0.833701,,,0.457309,0.071455,90,onset + benchmark
90 / nlvo / onset + benchmark,nlvo,125.5,0.221461,0.011042,1.0,0.761925,0.594203,1.0,0.926829,1.0,0.527778,4.360216,0.528322,2.862856,1.006155,2.883634,0.904048,0.761925,0.681159,1.0,0.989362,1.0,0.021505,4.524024,0.655298,2.915605,0.976527,,,0.221461,0.011042,90,onset + benchmark
90 / other / onset + benchmark,other,28.5,0.0,0.0,,0.785804,0.833333,1.0,0.933333,1.0,0.0,4.455182,0.481445,2.909622,0.907182,,,0.785804,0.861111,1.0,1.0,1.0,0.0,4.496517,0.526336,2.934759,0.902849,,,0.0,0.0,90,onset + benchmark
90 / mixed / onset + benchmark,mixed,206.0,0.243249,0.023649,1.0,0.783802,0.685345,1.0,0.930818,1.0,0.486486,4.432309,0.520189,2.776677,0.936037,3.065207,0.76432,0.783802,0.767241,1.0,0.994382,1.0,0.039548,4.560812,0.617624,2.817797,0.931879,,,0.243249,0.023649,90,onset + benchmark
90 / lvo / speed + benchmark,lvo,52.0,0.292308,0.045673,1.0,0.557692,0.810345,0.95,0.93617,1.0,0.727273,4.543491,0.519205,2.541466,0.0,3.298658,0.450725,0.557692,0.913793,0.95,1.0,1.0,0.09434,4.663666,0.595749,2.575914,0.0,,,0.292308,0.045673,90,speed + benchmark
90 / nlvo / speed + benchmark,nlvo,125.5,0.151815,0.00757,1.0,0.549801,0.594203,0.95,0.926829,1.0,0.527778,4.360216,0.528322,2.70805,0.0,2.883634,0.904048,0.549801,0.681159,0.95,0.989362,1.0,0.021505,4.524024,0.655298,2.70805,0.0,,,0.151815,0.00757,90,speed + benchmark
90 / other / speed + benchmark,other,28.5,0.0,0.0,,0.631579,0.833333,0.95,0.933333,1.0,0.0,4.455182,0.481445,2.70805,0.0,,,0.631579,0.861111,0.95,1.0,1.0,0.0,4.496517,0.526336,2.70805,0.0,,,0.0,0.0,90,speed + benchmark
90 / mixed / speed + benchmark,mixed,206.0,0.16602,0.016141,1.0,0.563107,0.685345,0.95,0.930818,1.0,0.486486,4.432309,0.520189,2.70805,0.0,3.065207,0.76432,0.563107,0.767241,0.95,0.994382,1.0,0.039548,4.560812,0.617624,2.70805,0.0,,,0.16602,0.016141,90,speed + benchmark
90 / lvo / speed + onset,lvo,52.0,0.380138,0.067882,1.0,0.828872,0.810345,0.95,0.93617,1.0,0.636364,4.543491,0.519205,2.541466,0.0,3.298658,0.450725,0.828872,0.913793,0.95,1.0,1.0,0.09434,4.663666,0.595749,2.575914,0.0,,,0.380138,0.067882,90,speed + onset
90 / nlvo / speed + onset,nlvo,125.5,0.188825,0.01049,1.0,0.761925,0.594203,0.95,0.926829,1.0,0.473684,4.360216,0.528322,2.70805,0.0,2.883634,0.904048,0.761925,0.681159,0.95,0.989362,1.0,0.021505,4.524024,0.655298,2.70805,0.0,,,0.188825,0.01049,90,speed + onset
90 / other / speed + onset,other,28.5,0.0,0.0,,0.785804,0.833333,0.95,0.933333,1.0,0.0,4.455182,0.481445,2.70805,0.0,,,0.785804,0.861111,0.95,1.0,1.0,0.0,4.496517,0.526336,2.70805,0.0,,,0.0,0.0,90,speed + onset
90 / mixed / speed + onset,mixed,206.0,0.20541,0.022467,1.0,0.783802,0.685345,0.95,0.930818,1.0,0.432432,4.432309,0.520189,2.70805,0.0,3.065207,0.76432,0.783802,0.767241,0.95,0.994382,1.0,0.039548,4.560812,0.617624,2.70805,0.0,,,0.20541,0.022467,90,speed + onset
90 / lvo / speed + onset + benchmark,lvo,52.0,0.434443,0.067882,1.0,0.828872,0.810345,0.95,0.93617,1.0,0.727273,4.543491,0.519205,2.541466,0.0,3.298658,0.450725,0.828872,0.913793,0.95,1.0,1.0,0.09434,4.663666,0.595749,2.575914,0.0,,,0.434443,0.067882,90,speed + onset + benchmark
90 / nlvo / speed + onset + benchmark,nlvo,125.5,0.210388,0.01049,1.0,0.761925,0.594203,0.95,0.926829,1.0,0.527778,4.360216,0.528322,2.70805,0.0,2.883634,0.904048,0.761925,0.681159,0.95,0.989362,1.0,0.021505,4.524024,0.655298,2.70805,0.0,,,0.210388,0.01049,90,speed + onset + benchmark
90 / other / speed + onset + benchmark,other,28.5,0.0,0.0,,0.785804,0.833333,0.95,0.933333,1.0,0.0,4.455182,0.481445,2.70805,0.0,,,0.785804,0.861111,0.95,1.0,1.0,0.0,4.496517,0.526336,2.70805,0.0,,,0.0,0.0,90,speed + onset + benchmark
90 / mixed / speed + onset + benchmark,mixed,206.0,0.231086,0.022467,1.0,0.783802,0.685345,0.95,0.930818,1.0,0.486486,4.432309,0.520189,2.70805,0.0,3.065207,0.76432,0.783802,0.767241,0.95,0.994382,1.0,0.039548,4.560812,0.617624,2.70805,0.0,,,0.231086,0.022467,90,speed + onset + benchmark
91 / lvo / base,lvo,113.0,0.185841,0.022124,0.4,0.659292,0.771812,1.0,0.93913,1.0,0.37963,4.408732,0.549169,3.247141,0.572657,3.057771,1.06697,0.659292,0.85906,1.0,0.992188,1.0,0.03937,4.532741,0.6395,3.236219,0.655039,,,0.181416,0.022124,91,base
91 / nlvo / base,nlvo,405.0,0.082716,0.002469,0.0,0.553086,0.571429,0.980469,0.908367,1.0,0.29386,4.572845,0.617183,3.299667,0.75096,3.466627,0.637574,0.553086,0.683036,0.990196,0.933993,1.0,0.007067,4.757096,0.70375,3.334547,0.820528,,,0.082716,0.002469,91,base
91 / other / base,other,76.5,0.0,0.0,,0.627451,0.822917,1.0,0.949367,1.0,0.0,4.346184,0.691536,3.421737,0.542569,,,0.627451,0.864583,1.0,1.0,1.0,0.0,4.407774,0.728558,3.312557,0.804668,,,0.0,0.0,91,base
91 / mixed / base,mixed,594.5,0.091674,0.005887,0.285714,0.582843,0.649351,0.988889,0.923596,1.0,0.262774,4.491113,0.620664,3.307764,0.675833,3.311413,0.8462,0.582843,0.746032,0.994197,0.959144,1.0,0.014199,4.645469,0.705251,3.30651,0.779597,,,0.090833,0.005887,91,base
91 / lvo / benchmark,lvo,113.0,0.30531,0.022124,0.4,0.659292,0.771812,1.0,0.93913,1.0,0.638889,4.408732,0.549169,3.247141,0.572657,3.057771,1.06697,0.659292,0.85906,1.0,0.992188,1.0,0.03937,4.532741,0.6395,3.236219,0.655039,,,0.30531,0.022124,91,benchmark
91 / nlvo / benchmark,nlvo,405.0,0.111578,0.002469,0.0,0.553086,0.571429,0.980469,0.908367,1.0,0.396396,4.572845,0.617183,3.299667,0.75096,3.466627,0.637574,0.553086,0.683036,0.990196,0.933993,1.0,0.007067,4.757096,0.70375,3.334547,0.820528,,,0.111578,0.002469,91,benchmark
91 / other / benchmark,other,76.5,0.0,0.0,,0.627451,0.822917,1.0,0.949367,1.0,0.0,4.346184,0.691536,3.421737,0.542569,,,0.627451,0.864583,1.0,1.0,1.0,0.0,4.407774,0.728558,3.312557,0.804668,,,0.0,0.0,91,benchmark
91 / mixed / benchmark,mixed,594.5,0.135408,0.005887,0.285714,0.582843,0.649351,0.988889,0.923596,1.0,0.391727,4.491113,0.620664,3.307764,0.675833,3.311413,0.8462,0.582843,0.746032,0.994197,0.959144,1.0,0.014199,4.645469,0.705251,3.30651,0.779597,,,0.135408,0.005887,91,benchmark
91 / lvo / onset,lvo,113.0,0.228079,0.027814,0.4,0.828872,0.771812,1.0,0.93913,1.0,0.37963,4.408732,0.549169,3.247141,0.572657,3.057771,1.06697,0.828872,0.85906,1.0,0.992188,1.0,0.03937,4.532741,0.6395,3.236219,0.655039,,,0.228079,0.027814,91,onset
91 / nlvo / onset,nlvo,405.0,0.113949,0.003401,0.0,0.761925,0.571429,0.980469,0.908367,1.0,0.29386,4.572845,0.617183,3.299667,0.75096,3.466627,0.637574,0.761925,0.683036,0.990196,0.933993,1.0,0.007067,4.757096,0.70375,3.334547,0.820528,,,0.113949,0.003401,91,onset
91 / other / onset,other,76.5,0.0,0.0,,0.785804,0.822917,1.0,0.949367,1.0,0.0,4.346184,0.691536,3.421737,0.542569,,,0.785804,0.864583,1.0,1.0,1.0,0.0,4.407774,0.728558,3.312557,0.804668,,,0.0,0.0,91,onset
91 / mixed / onset,mixed,594.5,0.122151,0.007917,0.285714,0.783802,0.649351,0.988889,0.923596,1.0,0.262774,4.491113,0.620664,3.307764,0.675833,3.311413,0.8462,0.783802,0.746032,0.994197,0.959144,1.0,0.014199,4.645469,0.705251,3.30651,0.779597,,,0.122151,0.007917,91,onset
91 / lvo / speed,lvo,113.0,0.172345,0.021018,0.4,0.659292,0.771812,0.95,0.93913,1.0,0.37963,4.408732,0.549169,2.70805,0.0,3.057771,1.06697,0.659292,0.85906,0.95,0.992188,1.0,0.03937,4.532741,0.6395,2.70805,0.0,,,0.172345,0.021018,91,speed
91 / nlvo / speed,nlvo,405.0,0.080146,0.002369,0.0,0.553086,0.571429,0.95,0.908367,1.0,0.29386,4.572845,0.617183,2.70805,0.0,3.466627,0.637574,0.553086,0.683036,0.95,0.933993,1.0,0.007067,4.757096,0.70375,2.70805,0.0,,,0.080146,0.002369,91,speed
91 / other / speed,other,76.5,0.0,0.0,,0.627451,0.822917,0.95,0.949367,1.0,0.0,4.346184,0.691536,2.70805,0.0,,,0.627451,0.864583,0.95,1.0,1.0,0.0,4.407774,0.728558,2.70805,0.0,,,0.0,0.0,91,speed
91 / mixed / speed,mixed,594.5,0.087261,0.005626,0.285714,0.582843,0.649351,0.95,0.923596,1.0,0.262774,4.491113,0.620664,2.70805,0.0,3.311413,0.8462,0.582843,0.746032,0.95,0.959144,1.0,0.014199,4.645469,0.705251,2.70805,0.0,,,0.087261,0.005626,91,speed
91 / lvo / onset + benchmark,lvo,113.0,0.38384,0.027814,0.4,0.828872,0.771812,1.0,0.93913,1.0,0.638889,4.408732,0.549169,3.247141,0.572657,3.057771,1.06697,0.828872,0.85906,1.0,0.992188,1.0,0.03937,4.532741,0.6395,3.236219,0.655039,,,0.38384,0.027814,91,onset + benchmark
91 / nlvo / onset + benchmark,nlvo,405.0,0.153709,0.003401,0.0,0.761925,0.571429,0.980469,0.908367,1.0,0.396396,4.572845,0.617183,3.299667,0.75096,3.466627,0.637574,0.761925,0.683036,0.990196,0.933993,1.0,0.007067,4.757096,0.70375,3.334547,0.820528,,,0.153709,0.003401,91,onset + benchmark
91 / other / onset + benchmark,other,76.5,0.0,0.0,,0.785804,0.822917,1.0,0.949367,1.0,0.0,4.346184,0.691536,3.421737,0.542569,,,0.785804,0.864583,1.0,1.0,1.0,0.0,4.407774,0.728558,3.312557,0.804668,,,0.0,0.0,91,onset + benchmark
91 / mixed / onset + benchmark,mixed,594.5,0.182096,0.007917,0.285714,0.783802,0.649351,0.988889,0.923596,1.0,0.391727,4.491113,0.620664,3.307764,0.675833,3.311413,0.8462,0.783802,0.746032,0.994197,0.959144,1.0,0.014199,4.645469,0.705251,3.30651,0.779597,,,0.182096,0.007917,91,onset + benchmark
91 / lvo / speed + benchmark,lvo,113.0,0.290044,0.021018,0.4,0.659292,0.771812,0.95,0.93913,1.0,0.638889,4.408732,0.549169,2.70805,0.0,3.057771,1.06697,0.659292,0.85906,0.95,0.992188,1.0,0.03937,4.532741,0.6395,2.70805,0.0,,,0.290044,0.021018,91,speed + benchmark
91 / nlvo / speed + benchmark,nlvo,405.0,0.108111,0.002369,0.0,0.553086,0.571429,0.95,0.908367,1.0,0.396396,4.572845,0.617183,2.70805,0.0,3.466627,0.637574,0.553086,0.683036,0.95,0.933993,1.0,0.007067,4.757096,0.70375,2.70805,0.0,,,0.108111,0.002369,91,speed + benchmark
91 / other / speed + benchmark,other,76.5,0.0,0.0,,0.627451,0.822917,0.95,0.949367,1.0,0.0,4.346184,0.691536,2.70805,0.0,,,0.627451,0.864583,0.95,1.0,1.0,0.0,4.407774,0.728558,2.70805,0.0,,,0.0,0.0,91,speed + benchmark
91 / mixed / speed + benchmark,mixed,594.5,0.130083,0.005626,0.285714,0.582843,0.649351,0.95,0.923596,1.0,0.391727,4.491113,0.620664,2.70805,0.0,3.311413,0.8462,0.582843,0.746032,0.95,0.959144,1.0,0.014199,4.645469,0.705251,2.70805,0.0,,,0.130083,0.005626,91,speed + benchmark
91 / lvo / speed + onset,lvo,113.0,0.216675,0.026424,0.4,0.828872,0.771812,0.95,0.93913,1.0,0.37963,4.408732,0.549169,2.70805,0.0,3.057771,1.06697,0.828872,0.85906,0.95,0.992188,1.0,0.03937,4.532741,0.6395,2.70805,0.0,,,0.216675,0.026424,91,speed + onset
91 / nlvo / speed + onset,nlvo,405.0,0.110408,0.003263,0.0,0.761925,0.571429,0.95,0.908367,1.0,0.29386,4.572845,0.617183,2.70805,0.0,3.466627,0.637574,0.761925,0.683036,0.95,0.933993,1.0,0.007067,4.757096,0.70375,2.70805,0.0,,,0.110408,0.003263,91,speed + onset
91 / other / speed + onset,other,76.5,0.0,0.0,,0.785804,0.822917,0.95,0.949367,1.0,0.0,4.346184,0.691536,2.70805,0.0,,,0.785804,0.864583,0.95,1.0,1.0,0.0,4.407774,0.728558,2.70805,0.0,,,0.0,0.0,91,speed + onset
91 / mixed / speed + onset,mixed,594.5,0.117347,0.007565,0.285714,0.783802,0.649351,0.95,0.923596,1.0,0.262774,4.491113,0.620664,2.70805,0.0,3.311413,0.8462,0.783802,0.746032,0.95,0.959144,1.0,0.014199,4.645469,0.705251,2.70805,0.0,,,0.117347,0.007565,91,speed + onset
91 / lvo / speed + onset + benchmark,lvo,113.0,0.364648,0.026424,0.4,0.828872,0.771812,0.95,0.93913,1.0,0.638889,4.408732,0.549169,2.70805,0.0,3.057771,1.06697,0.828872,0.85906,0.95,0.992188,1.0,0.03937,4.532741,0.6395,2.70805,0.0,,,0.364648,0.026424,91,speed + onset + benchmark
91 / nlvo / speed + onset + benchmark,nlvo,405.0,0.148932,0.003263,0.0,0.761925,0.571429,0.95,0.908367,1.0,0.396396,4.572845,0.617183,2.70805,0.0,3.466627,0.637574,0.761925,0.683036,0.95,0.933993,1.0,0.007067,4.757096,0.70375,2.70805,0.0,,,0.148932,0.003263,91,speed + onset + benchmark
91 / other / speed + onset + benchmark,other,76.5,0.0,0.0,,0.785804,0.822917,0.95,0.949367,1.0,0.0,4.346184,0.691536,2.70805,0.0,,,0.785804,0.864583,0.95,1.0,1.0,0.0,4.407774,0.728558,2.70805,0.0,,,0.0,0.0,91,speed + onset + benchmark
91 / mixed / speed + onset + benchmark,mixed,594.5,0.174934,0.007565,0.285714,0.783802,0.649351,0.95,0.923596,1.0,0.391727,4.491113,0.620664,2.70805,0.0,3.311413,0.8462,0.783802,0.746032,0.95,0.959144,1.0,0.014199,4.645469,0.705251,2.70805,0.0,,,0.174934,0.007565,91,speed + onset + benchmark
92 / lvo / base,lvo,113.0,0.287611,0.154867,0.428571,0.792035,0.681564,0.983607,0.958333,1.0,0.556522,4.515972,0.452389,2.628637,1.04143,3.371501,0.490525,0.792035,0.759777,0.992647,0.985185,1.0,0.210526,4.63376,0.553418,2.622248,1.070599,5.236996,0.746729,0.283186,0.123894,92,base
92 / nlvo / base,nlvo,410.5,0.095006,0.008526,0.428571,0.733252,0.453488,0.930403,0.874016,1.0,0.346847,4.714259,0.503343,2.660476,1.173917,3.586547,0.614775,0.733252,0.563123,0.943953,0.9125,1.0,0.020548,4.904181,0.596891,2.814683,1.272271,,,0.093788,0.007308,92,base
92 / other / base,other,100.0,0.0,0.0,,0.79,0.677215,0.962617,0.941748,1.0,0.0,4.600687,0.501195,2.837407,0.999195,,,0.79,0.797468,0.97619,0.926829,1.0,0.0,4.761628,0.601872,3.006124,1.171109,,,0.0,0.0,92,base
92 / mixed / base,mixed,623.5,0.114675,0.033681,0.428571,0.753007,0.534611,0.950199,0.909853,1.0,0.324885,4.641862,0.497194,2.690672,1.106196,3.488937,0.570082,0.753007,0.640043,0.96173,0.932526,1.0,0.06308,4.813101,0.598011,2.810476,1.211417,5.27302,0.806959,0.113071,0.027266,92,base
92 / lvo / benchmark,lvo,113.0,0.353982,0.123894,0.428571,0.792035,0.681564,0.983607,0.958333,1.0,0.695652,4.515972,0.452389,2.628637,1.04143,3.371501,0.490525,0.792035,0.759777,0.992647,0.985185,1.0,0.210526,4.63376,0.553418,2.622248,1.070599,5.236996,0.746729,0.353982,0.123894,92,benchmark
92 / nlvo / benchmark,nlvo,410.5,0.127548,0.007308,0.428571,0.733252,0.453488,0.930403,0.874016,1.0,0.471698,4.714259,0.503343,2.660476,1.173917,3.586547,0.614775,0.733252,0.563123,0.943953,0.9125,1.0,0.020548,4.904181,0.596891,2.814683,1.272271,,,0.127548,0.007308,92,benchmark
92 / other / benchmark,other,100.0,0.0,0.0,,0.79,0.677215,0.962617,0.941748,1.0,0.0,4.600687,0.501195,2.837407,0.999195,,,0.79,0.797468,0.97619,0.926829,1.0,0.0,4.761628,0.601872,3.006124,1.171109,,,0.0,0.0,92,benchmark
92 / mixed / benchmark,mixed,623.5,0.150762,0.027266,0.428571,0.753007,0.534611,0.950199,0.909853,1.0,0.43318,4.641862,0.497194,2.690672,1.106196,3.488937,0.570082,0.753007,0.640043,0.96173,0.932526,1.0,0.06308,4.813101,0.598011,2.810476,1.211417,5.27302,0.806959,0.150762,0.027266,92,benchmark
92 / lvo / onset,lvo,113.0,0.296357,0.129656,0.428571,0.828872,0.681564,0.983607,0.958333,1.0,0.556522,4.515972,0.452389,2.628637,1.04143,3.371501,0.490525,0.828872,0.759777,0.992647,0.985185,1.0,0.210526,4.63376,0.553418,2.622248,1.070599,5.236996,0.746729,0.296357,0.129656,92,onset
92 / nlvo / onset,nlvo,410.5,0.097456,0.007594,0.428571,0.761925,0.453488,0.930403,0.874016,1.0,0.346847,4.714259,0.503343,2.660476,1.173917,3.586547,0.614775,0.761925,0.563123,0.943953,0.9125,1.0,0.020548,4.904181,0.596891,2.814683,1.272271,,,0.097456,0.007594,92,onset
92 / other / onset,other,100.0,0.0,0.0,,0.79,0.677215,0.962617,0.941748,1.0,0.0,4.600687,0.501195,2.837407,0.999195,,,0.79,0.797468,0.97619,0.926829,1.0,0.0,4.761628,0.601872,3.006124,1.171109,,,0.0,0.0,92,onset
92 / mixed / onset,mixed,623.5,0.117695,0.028381,0.428571,0.783802,0.534611,0.950199,0.909853,1.0,0.324885,4.641862,0.497194,2.690672,1.106196,3.488937,0.570082,0.783802,0.640043,0.96173,0.932526,1.0,0.06308,4.813101,0.598011,2.810476,1.211417,5.27302,0.806959,0.117695,0.028381,92,onset
92 / lvo / speed,lvo,113.0,0.27351,0.118571,0.428571,0.792035,0.681564,0.95,0.958333,1.0,0.556522,4.515972,0.452389,2.628637,0.0,3.371501,0.490525,0.792035,0.759777,0.95,0.985185,1.0,0.210526,4.63376,0.553418,2.622248,0.0,5.236996,0.746729,0.27351,0.118571,92,speed
92 / nlvo / speed,nlvo,410.5,0.095763,0.007355,0.428571,0.733252,0.453488,0.95,0.874016,1.0,0.346847,4.714259,0.503343,2.660476,0.0,3.586547,0.614775,0.733252,0.563123,0.95,0.9125,1.0,0.020548,4.904181,0.596891,2.70805,0.0,,,0.095763,0.007355,92,speed
92 / other / speed,other,100.0,0.0,0.0,,0.79,0.677215,0.95,0.941748,1.0,0.0,4.600687,0.501195,2.70805,0.0,,,0.79,0.797468,0.95,0.926829,1.0,0.0,4.761628,0.601872,2.70805,0.0,,,0.0,0.0,92,speed
92 / mixed / speed,mixed,623.5,0.113048,0.026933,0.428571,0.753007,0.534611,0.95,0.909853,1.0,0.324885,4.641862,0.497194,2.690672,0.0,3.488937,0.570082,0.753007,0.640043,0.95,0.932526,1.0,0.06308,4.813101,0.598011,2.70805,0.0,5.27302,0.806959,0.113048,0.026933,92,speed
92 / lvo / onset + benchmark,lvo,113.0,0.370445,0.129656,0.428571,0.828872,0.681564,0.983607,0.958333,1.0,0.695652,4.515972,0.452389,2.628637,1.04143,3.371501,0.490525,0.828872,0.759777,0.992647,0.985185,1.0,0.210526,4.63376,0.553418,2.622248,1.070599,5.236996,0.746729,0.370445,0.129656,92,onset + benchmark
92 / nlvo / onset + benchmark,nlvo,410.5,0.132536,0.007594,0.428571,0.761925,0.453488,0.930403,0.874016,1.0,0.471698,4.714259,0.503343,2.660476,1.173917,3.586547,0.614775,0.761925,0.563123,0.943953,0.9125,1.0,0.020548,4.904181,0.596891,2.814683,1.272271,,,0.132536,0.007594,92,onset + benchmark
92 / other / onset + benchmark,other,100.0,0.0,0.0,,0.79,0.677215,0.962617,0.941748,1.0,0.0,4.600687,0.501195,2.837407,0.999195,,,0.79,0.797468,0.97619,0.926829,1.0,0.0,4.761628,0.601872,3.006124,1.171109,,,0.0,0.0,92,onset + benchmark
92 / mixed / onset + benchmark,mixed,623.5,0.156927,0.028381,0.428571,0.783802,0.534611,0.950199,0.909853,1.0,0.43318,4.641862,0.497194,2.690672,1.106196,3.488937,0.570082,0.783802,0.640043,0.96173,0.932526,1.0,0.06308,4.813101,0.598011,2.810476,1.211417,5.27302,0.806959,0.156927,0.028381,92,onset + benchmark
92 / lvo / speed + benchmark,lvo,113.0,0.341887,0.118571,0.428571,0.792035,0.681564,0.95,0.958333,1.0,0.695652,4.515972,0.452389,2.628637,0.0,3.371501,0.490525,0.792035,0.759777,0.95,0.985185,1.0,0.210526,4.63376,0.553418,2.622248,0.0,5.236996,0.746729,0.341887,0.118571,92,speed + benchmark
92 / nlvo / speed + benchmark,nlvo,410.5,0.130235,0.007355,0.428571,0.733252,0.453488,0.95,0.874016,1.0,0.471698,4.714259,0.503343,2.660476,0.0,3.586547,0.614775,0.733252,0.563123,0.95,0.9125,1.0,0.020548,4.904181,0.596891,2.70805,0.0,,,0.130235,0.007355,92,speed + benchmark
92 / other / speed + benchmark,other,100.0,0.0,0.0,,0.79,0.677215,0.95,0.941748,1.0,0.0,4.600687,0.501195,2.70805,0.0,,,0.79,0.797468,0.95,0.926829,1.0,0.0,4.761628,0.601872,2.70805,0.0,,,0.0,0.0,92,speed + benchmark
92 / mixed / speed + benchmark,mixed,623.5,0.15073,0.026933,0.428571,0.753007,0.534611,0.95,0.909853,1.0,0.43318,4.641862,0.497194,2.690672,0.0,3.488937,0.570082,0.753007,0.640043,0.95,0.932526,1.0,0.06308,4.813101,0.598011,2.70805,0.0,5.27302,0.806959,0.15073,0.026933,92,speed + benchmark
92 / lvo / speed + onset,lvo,113.0,0.286231,0.124085,0.428571,0.828872,0.681564,0.95,0.958333,1.0,0.556522,4.515972,0.452389,2.628637,0.0,3.371501,0.490525,0.828872,0.759777,0.95,0.985185,1.0,0.210526,4.63376,0.553418,2.622248,0.0,5.236996,0.746729,0.286231,0.124085,92,speed + onset
92 / nlvo / speed + onset,nlvo,410.5,0.099508,0.007643,0.428571,0.761925,0.453488,0.95,0.874016,1.0,0.346847,4.714259,0.503343,2.660476,0.0,3.586547,0.614775,0.761925,0.563123,0.95,0.9125,1.0,0.020548,4.904181,0.596891,2.70805,0.0,,,0.099508,0.007643,92,speed + onset
92 / other / speed + onset,other,100.0,0.0,0.0,,0.79,0.677215,0.95,0.941748,1.0,0.0,4.600687,0.501195,2.70805,0.0,,,0.79,0.797468,0.95,0.926829,1.0,0.0,4.761628,0.601872,2.70805,0.0,,,0.0,0.0,92,speed + onset
92 / mixed / speed + onset,mixed,623.5,0.117671,0.028034,0.428571,0.783802,0.534611,0.95,0.909853,1.0,0.324885,4.641862,0.497194,2.690672,0.0,3.488937,0.570082,0.783802,0.640043,0.95,0.932526,1.0,0.06308,4.813101,0.598011,2.70805,0.0,5.27302,0.806959,0.117671,0.028034,92,speed + onset
92 / lvo / speed + onset + benchmark,lvo,113.0,0.357788,0.124085,0.428571,0.828872,0.681564,0.95,0.958333,1.0,0.695652,4.515972,0.452389,2.628637,0.0,3.371501,0.490525,0.828872,0.759777,0.95,0.985185,1.0,0.210526,4.63376,0.553418,2.622248,0.0,5.236996,0.746729,0.357788,0.124085,92,speed + onset + benchmark
92 / nlvo / speed + onset + benchmark,nlvo,410.5,0.135327,0.007643,0.428571,0.761925,0.453488,0.95,0.874016,1.0,0.471698,4.714259,0.503343,2.660476,0.0,3.586547,0.614775,0.761925,0.563123,0.95,0.9125,1.0,0.020548,4.904181,0.596891,2.70805,0.0,,,0.135327,0.007643,92,speed + onset + benchmark
92 / other / speed + onset + benchmark,other,100.0,0.0,0.0,,0.79,0.677215,0.95,0.941748,1.0,0.0,4.600687,0.501195,2.70805,0.0,,,0.79,0.797468,0.95,0.926829,1.0,0.0,4.761628,0.601872,2.70805,0.0,,,0.0,0.0,92,speed + onset + benchmark
92 / mixed / speed + onset + benchmark,mixed,623.5,0.156894,0.028034,0.428571,0.783802,0.534611,0.95,0.909853,1.0,0.43318,4.641862,0.497194,2.690672,0.0,3.488937,0.570082,0.783802,0.640043,0.95,0.932526,1.0,0.06308,4.813101,0.598011,2.70805,0.0,5.27302,0.806959,0.156894,0.028034,92,speed + onset + benchmark
93 / lvo / base,lvo,122.0,0.286885,0.061475,0.266667,0.651639,0.893082,0.957746,0.948529,1.0,0.534884,4.388863,0.53157,2.933814,0.951973,3.420149,0.588704,0.651639,0.943396,0.993333,0.993289,1.0,0.101351,4.454634,0.587444,2.96005,1.098004,3.966253,1.20596,0.282787,0.061475,93,base
93 / nlvo / base,nlvo,463.5,0.104639,0.002157,0.0,0.501618,0.739785,0.950581,0.923547,1.0,0.317881,4.616691,0.475751,3.160385,0.780202,3.470831,0.662159,0.501618,0.825806,0.96875,0.922043,1.0,0.005831,4.72299,0.549033,3.303179,0.941444,,,0.10356,0.002158,93,base
93 / other / base,other,86.0,0.0,0.0,,0.598837,0.825243,0.976471,0.915663,1.0,0.0,4.477554,0.53658,3.116725,0.855903,,,0.598837,0.92233,0.968421,0.967391,1.0,0.0,4.596441,0.616125,3.152722,0.836984,,,0.0,0.0,93,base
93 / mixed / base,mixed,671.5,0.124348,0.012658,0.235294,0.541325,0.78542,0.956217,0.928571,1.0,0.325444,4.539321,0.508281,3.097313,0.841388,3.449637,0.63112,0.541325,0.865199,0.974563,0.946166,1.0,0.02931,4.639881,0.579,3.197195,0.976642,4.0273,1.164526,0.122859,0.012658,93,base
93 / lvo / benchmark,lvo,122.0,0.397541,0.061475,0.266667,0.651639,0.893082,0.957746,0.948529,1.0,0.751938,4.388863,0.53157,2.933814,0.951973,3.420149,0.588704,0.651639,0.943396,0.993333,0.993289,1.0,0.101351,4.454634,0.587444,2.96005,1.098004,3.966253,1.20596,0.397541,0.061475,93,benchmark
93 / nlvo / benchmark,nlvo,463.5,0.177495,0.002158,0.0,0.501618,0.739785,0.950581,0.923547,1.0,0.544828,4.616691,0.475751,3.160385,0.780202,3.470831,0.662159,0.501618,0.825806,0.96875,0.922043,1.0,0.005831,4.72299,0.549033,3.303179,0.941444,,,0.177495,0.002158,93,benchmark
93 / other / benchmark,other,86.0,0.0,0.0,,0.598837,0.825243,0.976471,0.915663,1.0,0.0,4.477554,0.53658,3.116725,0.855903,,,0.598837,0.92233,0.968421,0.967391,1.0,0.0,4.596441,0.616125,3.152722,0.836984,,,0.0,0.0,93,benchmark
93 / mixed / benchmark,mixed,671.5,0.196575,0.012658,0.235294,0.541325,0.78542,0.956217,0.928571,1.0,0.52071,4.539321,0.508281,3.097313,0.841388,3.449637,0.63112,0.541325,0.865199,0.974563,0.946166,1.0,0.02931,4.639881,0.579,3.197195,0.976642,4.0273,1.164526,0.196575,0.012658,93,benchmark
93 / lvo / onset,lvo,122.0,0.359699,0.078195,0.266667,0.828872,0.893082,0.957746,0.948529,1.0,0.534884,4.388863,0.53157,2.933814,0.951973,3.420149,0.588704,0.828872,0.943396,0.993333,0.993289,1.0,0.101351,4.454634,0.587444,2.96005,1.098004,3.966253,1.20596,0.359699,0.078195,93,onset
93 / nlvo / onset,nlvo,463.5,0.157301,0.003277,0.0,0.761925,0.739785,0.950581,0.923547,1.0,0.317881,4.616691,0.475751,3.160385,0.780202,3.470831,0.662159,0.761925,0.825806,0.96875,0.922043,1.0,0.005831,4.72299,0.549033,3.303179,0.941444,,,0.157301,0.003277,93,onset
93 / other / onset,other,86.0,0.0,0.0,,0.785804,0.825243,0.976471,0.915663,1.0,0.0,4.477554,0.53658,3.116725,0.855903,,,0.785804,0.92233,0.968421,0.967391,1.0,0.0,4.596441,0.616125,3.152722,0.836984,,,0.0,0.0,93,onset
93 / mixed / onset,mixed,671.5,0.177892,0.018328,0.235294,0.783802,0.78542,0.956217,0.928571,1.0,0.325444,4.539321,0.508281,3.097313,0.841388,3.449637,0.63112,0.783802,0.865199,0.974563,0.946166,1.0,0.02931,4.639881,0.579,3.197195,0.976642,4.0273,1.164526,0.177892,0.018328,93,onset
93 / lvo / speed,lvo,122.0,0.2805,0.058793,0.266667,0.651639,0.893082,0.95,0.948529,1.0,0.534884,4.388863,0.53157,2.70805,0.0,3.420149,0.588704,0.651639,0.943396,0.95,0.993289,1.0,0.101351,4.454634,0.587444,2.70805,0.0,3.966253,1.20596,0.2805,0.058793,93,speed
93 / nlvo / speed,nlvo,463.5,0.103497,0.002116,0.0,0.501618,0.739785,0.95,0.923547,1.0,0.317881,4.616691,0.475751,2.70805,0.0,3.470831,0.662159,0.501618,0.825806,0.95,0.922043,1.0,0.005831,4.72299,0.549033,2.70805,0.0,,,0.103497,0.002116,93,speed
93 / other / speed,other,86.0,0.0,0.0,,0.598837,0.825243,0.95,0.915663,1.0,0.0,4.477554,0.53658,2.70805,0.0,,,0.598837,0.92233,0.95,0.967391,1.0,0.0,4.596441,0.616125,2.70805,0.0,,,0.0,0.0,93,speed
93 / mixed / speed,mixed,671.5,0.12206,0.012339,0.235294,0.541325,0.78542,0.95,0.928571,1.0,0.325444,4.539321,0.508281,2.70805,0.0,3.449637,0.63112,0.541325,0.865199,0.95,0.946166,1.0,0.02931,4.639881,0.579,2.70805,0.0,4.0273,1.164526,0.12206,0.012339,93,speed
93 / lvo / onset + benchmark,lvo,122.0,0.505664,0.078195,0.266667,0.828872,0.893082,0.957746,0.948529,1.0,0.751938,4.388863,0.53157,2.933814,0.951973,3.420149,0.588704,0.828872,0.943396,0.993333,0.993289,1.0,0.101351,4.454634,0.587444,2.96005,1.098004,3.966253,1.20596,0.505664,0.078195,93,onset + benchmark
93 / nlvo / onset + benchmark,nlvo,463.5,0.269603,0.003277,0.0,0.761925,0.739785,0.950581,0.923547,1.0,0.544828,4.616691,0.475751,3.160385,0.780202,3.470831,0.662159,0.761925,0.825806,0.96875,0.922043,1.0,0.005831,4.72299,0.549033,3.303179,0.941444,,,0.269603,0.003277,93,onset + benchmark
93 / other / onset + benchmark,other,86.0,0.0,0.0,,0.785804,0.825243,0.976471,0.915663,1.0,0.0,4.477554,0.53658,3.116725,0.855903,,,0.785804,0.92233,0.968421,0.967391,1.0,0.0,4.596441,0.616125,3.152722,0.836984,,,0.0,0.0,93,onset + benchmark
93 / mixed / onset + benchmark,mixed,671.5,0.284627,0.018328,0.235294,0.783802,0.78542,0.956217,0.928571,1.0,0.52071,4.539321,0.508281,3.097313,0.841388,3.449637,0.63112,0.783802,0.865199,0.974563,0.946166,1.0,0.02931,4.639881,0.579,3.197195,0.976642,4.0273,1.164526,0.284627,0.018328,93,onset + benchmark
93 / lvo / speed + benchmark,lvo,122.0,0.394325,0.058793,0.266667,0.651639,0.893082,0.95,0.948529,1.0,0.751938,4.388863,0.53157,2.70805,0.0,3.420149,0.588704,0.651639,0.943396,0.95,0.993289,1.0,0.101351,4.454634,0.587444,2.70805,0.0,3.966253,1.20596,0.394325,0.058793,93,speed + benchmark
93 / nlvo / speed + benchmark,nlvo,463.5,0.177386,0.002116,0.0,0.501618,0.739785,0.95,0.923547,1.0,0.544828,4.616691,0.475751,2.70805,0.0,3.470831,0.662159,0.501618,0.825806,0.95,0.922043,1.0,0.005831,4.72299,0.549033,2.70805,0.0,,,0.177386,0.002116,93,speed + benchmark
93 / other / speed + benchmark,other,86.0,0.0,0.0,,0.598837,0.825243,0.95,0.915663,1.0,0.0,4.477554,0.53658,2.70805,0.0,,,0.598837,0.92233,0.95,0.967391,1.0,0.0,4.596441,0.616125,2.70805,0.0,,,0.0,0.0,93,speed + benchmark
93 / mixed / speed + benchmark,mixed,671.5,0.195297,0.012339,0.235294,0.541325,0.78542,0.95,0.928571,1.0,0.52071,4.539321,0.508281,2.70805,0.0,3.449637,0.63112,0.541325,0.865199,0.95,0.946166,1.0,0.02931,4.639881,0.579,2.70805,0.0,4.0273,1.164526,0.195297,0.012339,93,speed + benchmark
93 / lvo / speed + onset,lvo,122.0,0.35679,0.074784,0.266667,0.828872,0.893082,0.95,0.948529,1.0,0.534884,4.388863,0.53157,2.70805,0.0,3.420149,0.588704,0.828872,0.943396,0.95,0.993289,1.0,0.101351,4.454634,0.587444,2.70805,0.0,3.966253,1.20596,0.35679,0.074784,93,speed + onset
93 / nlvo / speed + onset,nlvo,463.5,0.157204,0.003214,0.0,0.761925,0.739785,0.95,0.923547,1.0,0.317881,4.616691,0.475751,2.70805,0.0,3.470831,0.662159,0.761925,0.825806,0.95,0.922043,1.0,0.005831,4.72299,0.549033,2.70805,0.0,,,0.157204,0.003214,93,speed + onset
93 / other / speed + onset,other,86.0,0.0,0.0,,0.785804,0.825243,0.95,0.915663,1.0,0.0,4.477554,0.53658,2.70805,0.0,,,0.785804,0.92233,0.95,0.967391,1.0,0.0,4.596441,0.616125,2.70805,0.0,,,0.0,0.0,93,speed + onset
93 / mixed / speed + onset,mixed,671.5,0.176735,0.017866,0.235294,0.783802,0.78542,0.95,0.928571,1.0,0.325444,4.539321,0.508281,2.70805,0.0,3.449637,0.63112,0.783802,0.865199,0.95,0.946166,1.0,0.02931,4.639881,0.579,2.70805,0.0,4.0273,1.164526,0.176735,0.017866,93,speed + onset
93 / lvo / speed + onset + benchmark,lvo,122.0,0.501574,0.074784,0.266667,0.828872,0.893082,0.95,0.948529,1.0,0.751938,4.388863,0.53157,2.70805,0.0,3.420149,0.588704,0.828872,0.943396,0.95,0.993289,1.0,0.101351,4.454634,0.587444,2.70805,0.0,3.966253,1.20596,0.501574,0.074784,93,speed + onset + benchmark
93 / nlvo / speed + onset + benchmark,nlvo,463.5,0.269438,0.003214,0.0,0.761925,0.739785,0.95,0.923547,1.0,0.544828,4.616691,0.475751,2.70805,0.0,3.470831,0.662159,0.761925,0.825806,0.95,0.922043,1.0,0.005831,4.72299,0.549033,2.70805,0.0,,,0.269438,0.003214,93,speed + onset + benchmark
93 / other / speed + onset + benchmark,other,86.0,0.0,0.0,,0.785804,0.825243,0.95,0.915663,1.0,0.0,4.477554,0.53658,2.70805,0.0,,,0.785804,0.92233,0.95,0.967391,1.0,0.0,4.596441,0.616125,2.70805,0.0,,,0.0,0.0,93,speed + onset + benchmark
93 / mixed / speed + onset + benchmark,mixed,671.5,0.282776,0.017866,0.235294,0.783802,0.78542,0.95,0.928571,1.0,0.52071,4.539321,0.508281,2.70805,0.0,3.449637,0.63112,0.783802,0.865199,0.95,0.946166,1.0,0.02931,4.639881,0.579,2.70805,0.0,4.0273,1.164526,0.282776,0.017866,93,speed + onset + benchmark
94 / lvo / base,lvo,74.0,0.331081,0.02027,1.0,0.945946,0.721429,0.990099,0.88,1.0,0.556818,4.658147,0.43112,3.407565,0.739542,3.428805,0.685454,0.945946,0.842857,0.991525,0.948718,1.0,0.027027,4.802677,0.534457,3.486267,0.777587,,,0.331081,0.02027,94,base
94 / nlvo / base,nlvo,270.5,0.096118,0.005545,1.0,0.950092,0.439689,0.969027,0.780822,1.0,0.298246,4.687885,0.579644,3.617578,0.877622,3.638285,0.458477,0.950092,0.548638,0.98227,0.880866,1.0,0.012295,4.879544,0.647943,3.731489,0.892597,,,0.09427,0.005545,94,base
94 / other / base,other,49.5,0.0,0.0,,0.959596,0.663158,0.968254,0.885246,1.0,0.0,4.553385,0.535973,3.418063,0.656768,,,0.959596,0.726316,0.956522,0.984848,1.0,0.0,4.653155,0.607524,3.412138,0.651724,,,0.0,0.0,94,base
94 / mixed / base,mixed,394.0,0.128173,0.007614,1.0,0.950508,0.520694,0.974359,0.823684,1.0,0.319489,4.658457,0.538696,3.530284,0.81522,3.53564,0.587405,0.950508,0.626168,0.98081,0.913043,1.0,0.014286,4.826898,0.619181,3.623297,0.842791,,,0.126904,0.007614,94,base
94 / lvo / benchmark,lvo,74.0,0.324325,0.02027,1.0,0.945946,0.721429,0.990099,0.88,1.0,0.545455,4.658147,0.43112,3.407565,0.739542,3.428805,0.685454,0.945946,0.842857,0.991525,0.948718,1.0,0.027027,4.802677,0.534457,3.486267,0.777587,,,0.324325,0.02027,94,benchmark
94 / nlvo / benchmark,nlvo,270.5,0.123767,0.005545,1.0,0.950092,0.439689,0.969027,0.780822,1.0,0.391566,4.687885,0.579644,3.617578,0.877622,3.638285,0.458477,0.950092,0.548638,0.98227,0.880866,1.0,0.012295,4.879544,0.647943,3.731489,0.892597,,,0.123767,0.005545,94,benchmark
94 / other / benchmark,other,49.5,0.0,0.0,,0.959596,0.663158,0.968254,0.885246,1.0,0.0,4.553385,0.535973,3.418063,0.656768,,,0.959596,0.726316,0.956522,0.984848,1.0,0.0,4.653155,0.607524,3.412138,0.651724,,,0.0,0.0,94,benchmark
94 / mixed / benchmark,mixed,394.0,0.147208,0.007614,1.0,0.950508,0.520694,0.974359,0.823684,1.0,0.370607,4.658457,0.538696,3.530284,0.81522,3.53564,0.587405,0.950508,0.626168,0.98081,0.913043,1.0,0.014286,4.826898,0.619181,3.623297,0.842791,,,0.147208,0.007614,94,benchmark
94 / lvo / onset,lvo,74.0,0.331081,0.02027,1.0,0.945946,0.721429,0.990099,0.88,1.0,0.556818,4.658147,0.43112,3.407565,0.739542,3.428805,0.685454,0.945946,0.842857,0.991525,0.948718,1.0,0.027027,4.802677,0.534457,3.486267,0.777587,,,0.331081,0.02027,94,onset
94 / nlvo / onset,nlvo,270.5,0.09427,0.005545,1.0,0.950092,0.439689,0.969027,0.780822,1.0,0.298246,4.687885,0.579644,3.617578,0.877622,3.638285,0.458477,0.950092,0.548638,0.98227,0.880866,1.0,0.012295,4.879544,0.647943,3.731489,0.892597,,,0.09427,0.005545,94,onset
94 / other / onset,other,49.5,0.0,0.0,,0.959596,0.663158,0.968254,0.885246,1.0,0.0,4.553385,0.535973,3.418063,0.656768,,,0.959596,0.726316,0.956522,0.984848,1.0,0.0,4.653155,0.607524,3.412138,0.651724,,,0.0,0.0,94,onset
94 / mixed / onset,mixed,394.0,0.126904,0.007614,1.0,0.950508,0.520694,0.974359,0.823684,1.0,0.319489,4.658457,0.538696,3.530284,0.81522,3.53564,0.587405,0.950508,0.626168,0.98081,0.913043,1.0,0.014286,4.826898,0.619181,3.623297,0.842791,,,0.126904,0.007614,94,onset
94 / lvo / speed,lvo,74.0,0.317672,0.019421,1.0,0.945946,0.721429,0.95,0.88,1.0,0.556818,4.658147,0.43112,2.70805,0.0,3.428805,0.685454,0.945946,0.842857,0.95,0.948718,1.0,0.027027,4.802677,0.534457,2.70805,0.0,,,0.317672,0.019421,94,speed
94 / nlvo / speed,nlvo,270.5,0.092419,0.005363,1.0,0.950092,0.439689,0.95,0.780822,1.0,0.298246,4.687885,0.579644,2.70805,0.0,3.638285,0.458477,0.950092,0.548638,0.95,0.880866,1.0,0.012295,4.879544,0.647943,2.70805,0.0,,,0.092419,0.005363,94,speed
94 / other / speed,other,49.5,0.0,0.0,,0.959596,0.663158,0.95,0.885246,1.0,0.0,4.553385,0.535973,2.70805,0.0,,,0.959596,0.726316,0.95,0.984848,1.0,0.0,4.653155,0.607524,2.70805,0.0,,,0.0,0.0,94,speed
94 / mixed / speed,mixed,394.0,0.123731,0.007375,1.0,0.950508,0.520694,0.95,0.823684,1.0,0.319489,4.658457,0.538696,2.70805,0.0,3.53564,0.587405,0.950508,0.626168,0.95,0.913043,1.0,0.014286,4.826898,0.619181,2.70805,0.0,,,0.123731,0.007375,94,speed
94 / lvo / onset + benchmark,lvo,74.0,0.324325,0.02027,1.0,0.945946,0.721429,0.990099,0.88,1.0,0.545455,4.658147,0.43112,3.407565,0.739542,3.428805,0.685454,0.945946,0.842857,0.991525,0.948718,1.0,0.027027,4.802677,0.534457,3.486267,0.777587,,,0.324325,0.02027,94,onset + benchmark
94 / nlvo / onset + benchmark,nlvo,270.5,0.123767,0.005545,1.0,0.950092,0.439689,0.969027,0.780822,1.0,0.391566,4.687885,0.579644,3.617578,0.877622,3.638285,0.458477,0.950092,0.548638,0.98227,0.880866,1.0,0.012295,4.879544,0.647943,3.731489,0.892597,,,0.123767,0.005545,94,onset + benchmark
94 / other / onset + benchmark,other,49.5,0.0,0.0,,0.959596,0.663158,0.968254,0.885246,1.0,0.0,4.553385,0.535973,3.418063,0.656768,,,0.959596,0.726316,0.956522,0.984848,1.0,0.0,4.653155,0.607524,3.412138,0.651724,,,0.0,0.0,94,onset + benchmark
94 / mixed / onset + benchmark,mixed,394.0,0.147208,0.007614,1.0,0.950508,0.520694,0.974359,0.823684,1.0,0.370607,4.658457,0.538696,3.530284,0.81522,3.53564,0.587405,0.950508,0.626168,0.98081,0.913043,1.0,0.014286,4.826898,0.619181,3.623297,0.842791,,,0.147208,0.007614,94,onset + benchmark
94 / lvo / speed + benchmark,lvo,74.0,0.311189,0.019421,1.0,0.945946,0.721429,0.95,0.88,1.0,0.545455,4.658147,0.43112,2.70805,0.0,3.428805,0.685454,0.945946,0.842857,0.95,0.948718,1.0,0.027027,4.802677,0.534457,2.70805,0.0,,,0.311189,0.019421,94,speed + benchmark
94 / nlvo / speed + benchmark,nlvo,270.5,0.121337,0.005363,1.0,0.950092,0.439689,0.95,0.780822,1.0,0.391566,4.687885,0.579644,2.70805,0.0,3.638285,0.458477,0.950092,0.548638,0.95,0.880866,1.0,0.012295,4.879544,0.647943,2.70805,0.0,,,0.121337,0.005363,94,speed + benchmark
94 / other / speed + benchmark,other,49.5,0.0,0.0,,0.959596,0.663158,0.95,0.885246,1.0,0.0,4.553385,0.535973,2.70805,0.0,,,0.959596,0.726316,0.95,0.984848,1.0,0.0,4.653155,0.607524,2.70805,0.0,,,0.0,0.0,94,speed + benchmark
94 / mixed / speed + benchmark,mixed,394.0,0.143528,0.007375,1.0,0.950508,0.520694,0.95,0.823684,1.0,0.370607,4.658457,0.538696,2.70805,0.0,3.53564,0.587405,0.950508,0.626168,0.95,0.913043,1.0,0.014286,4.826898,0.619181,2.70805,0.0,,,0.143528,0.007375,94,speed + benchmark
94 / lvo / speed + onset,lvo,74.0,0.317672,0.019421,1.0,0.945946,0.721429,0.95,0.88,1.0,0.556818,4.658147,0.43112,2.70805,0.0,3.428805,0.685454,0.945946,0.842857,0.95,0.948718,1.0,0.027027,4.802677,0.534457,2.70805,0.0,,,0.317672,0.019421,94,speed + onset
94 / nlvo / speed + onset,nlvo,270.5,0.092419,0.005363,1.0,0.950092,0.439689,0.95,0.780822,1.0,0.298246,4.687885,0.579644,2.70805,0.0,3.638285,0.458477,0.950092,0.548638,0.95,0.880866,1.0,0.012295,4.879544,0.647943,2.70805,0.0,,,0.092419,0.005363,94,speed + onset
94 / other / speed + onset,other,49.5,0.0,0.0,,0.959596,0.663158,0.95,0.885246,1.0,0.0,4.553385,0.535973,2.70805,0.0,,,0.959596,0.726316,0.95,0.984848,1.0,0.0,4.653155,0.607524,2.70805,0.0,,,0.0,0.0,94,speed + onset
94 / mixed / speed + onset,mixed,394.0,0.123731,0.007375,1.0,0.950508,0.520694,0.95,0.823684,1.0,0.319489,4.658457,0.538696,2.70805,0.0,3.53564,0.587405,0.950508,0.626168,0.95,0.913043,1.0,0.014286,4.826898,0.619181,2.70805,0.0,,,0.123731,0.007375,94,speed + onset
94 / lvo / speed + onset + benchmark,lvo,74.0,0.311189,0.019421,1.0,0.945946,0.721429,0.95,0.88,1.0,0.545455,4.658147,0.43112,2.70805,0.0,3.428805,0.685454,0.945946,0.842857,0.95,0.948718,1.0,0.027027,4.802677,0.534457,2.70805,0.0,,,0.311189,0.019421,94,speed + onset + benchmark
94 / nlvo / speed + onset + benchmark,nlvo,270.5,0.121337,0.005363,1.0,0.950092,0.439689,0.95,0.780822,1.0,0.391566,4.687885,0.579644,2.70805,0.0,3.638285,0.458477,0.950092,0.548638,0.95,0.880866,1.0,0.012295,4.879544,0.647943,2.70805,0.0,,,0.121337,0.005363,94,speed + onset + benchmark
94 / other / speed + onset + benchmark,other,49.5,0.0,0.0,,0.959596,0.663158,0.95,0.885246,1.0,0.0,4.553385,0.535973,2.70805,0.0,,,0.959596,0.726316,0.95,0.984848,1.0,0.0,4.653155,0.607524,2.70805,0.0,,,0.0,0.0,94,speed + onset + benchmark
94 / mixed / speed + onset + benchmark,mixed,394.0,0.143528,0.007375,1.0,0.950508,0.520694,0.95,0.823684,1.0,0.370607,4.658457,0.538696,2.70805,0.0,3.53564,0.587405,0.950508,0.626168,0.95,0.913043,1.0,0.014286,4.826898,0.619181,2.70805,0.0,,,0.143528,0.007375,94,speed + onset + benchmark
95 / lvo / base,lvo,3.0,0.0,0.0,,0.5,0.333333,1.0,1.0,1.0,0.0,,,,,,,0.5,1.0,1.0,1.0,1.0,0.0,,,,,,,0.0,0.0,95,base
95 / nlvo / base,nlvo,29.5,0.050847,0.0,,0.59322,0.371429,0.923077,0.583333,1.0,0.428571,4.828024,0.810269,4.22092,0.594738,,,0.59322,0.514286,1.0,0.888889,1.0,0.0,5.035613,0.763168,4.377596,0.786064,,,0.050847,0.0,95,base
95 / other / base,other,6.0,0.0,0.0,,0.5,0.333333,1.0,1.0,1.0,0.0,,,,,,,0.5,0.666667,1.0,0.75,1.0,0.0,,,,,,,0.0,0.0,95,base
95 / mixed / base,mixed,38.5,0.038961,0.0,,0.571429,0.363636,0.9375,0.666667,1.0,0.3,4.656528,0.898713,3.856064,1.030517,,,0.571429,0.568182,1.0,0.88,1.0,0.0,5.002586,0.854314,4.058962,1.032168,,,0.038961,0.0,95,base
95 / lvo / benchmark,lvo,3.0,0.0,0.0,,0.5,0.333333,1.0,1.0,1.0,0.0,,,,,,,0.5,1.0,1.0,1.0,1.0,0.0,,,,,,,0.0,0.0,95,benchmark
95 / nlvo / benchmark,nlvo,29.5,0.067797,0.0,,0.59322,0.371429,0.923077,0.583333,1.0,0.571429,4.828024,0.810269,4.22092,0.594738,,,0.59322,0.514286,1.0,0.888889,1.0,0.0,5.035613,0.763168,4.377596,0.786064,,,0.067797,0.0,95,benchmark
95 / other / benchmark,other,6.0,0.0,0.0,,0.5,0.333333,1.0,1.0,1.0,0.0,,,,,,,0.5,0.666667,1.0,0.75,1.0,0.0,,,,,,,0.0,0.0,95,benchmark
95 / mixed / benchmark,mixed,38.5,0.051948,0.0,,0.571429,0.363636,0.9375,0.666667,1.0,0.4,4.656528,0.898713,3.856064,1.030517,,,0.571429,0.568182,1.0,0.88,1.0,0.0,5.002586,0.854314,4.058962,1.032168,,,0.051948,0.0,95,benchmark
95 / lvo / onset,lvo,3.0,0.0,0.0,,0.828872,0.333333,1.0,1.0,1.0,0.0,,,,,,,0.828872,1.0,1.0,1.0,1.0,0.0,,,,,,,0.0,0.0,95,onset
95 / nlvo / onset,nlvo,29.5,0.065308,0.0,,0.761925,0.371429,0.923077,0.583333,1.0,0.428571,4.828024,0.810269,4.22092,0.594738,,,0.761925,0.514286,1.0,0.888889,1.0,0.0,5.035613,0.763168,4.377596,0.786064,,,0.065308,0.0,95,onset
95 / other / onset,other,6.0,0.0,0.0,,0.785804,0.333333,1.0,1.0,1.0,0.0,,,,,,,0.785804,0.666667,1.0,0.75,1.0,0.0,,,,,,,0.0,0.0,95,onset
95 / mixed / onset,mixed,38.5,0.053441,0.0,,0.783802,0.363636,0.9375,0.666667,1.0,0.3,4.656528,0.898713,3.856064,1.030517,,,0.783802,0.568182,1.0,0.88,1.0,0.0,5.002586,0.854314,4.058962,1.032168,,,0.053441,0.0,95,onset
95 / lvo / speed,lvo,3.0,0.0,0.0,,0.5,0.333333,0.95,1.0,1.0,0.0,,,,0.0,,,0.5,1.0,0.95,1.0,1.0,0.0,,,,0.0,,,0.0,0.0,95,speed
95 / nlvo / speed,nlvo,29.5,0.05233,0.0,,0.59322,0.371429,0.95,0.583333,1.0,0.428571,4.828024,0.810269,2.70805,0.0,,,0.59322,0.514286,0.95,0.888889,1.0,0.0,5.035613,0.763168,2.70805,0.0,,,0.05233,0.0,95,speed
95 / other / speed,other,6.0,0.0,0.0,,0.5,0.333333,0.95,1.0,1.0,0.0,,,,0.0,,,0.5,0.666667,0.95,0.75,1.0,0.0,,,,0.0,,,0.0,0.0,95,speed
95 / mixed / speed,mixed,38.5,0.039481,0.0,,0.571429,0.363636,0.95,0.666667,1.0,0.3,4.656528,0.898713,2.70805,0.0,,,0.571429,0.568182,0.95,0.88,1.0,0.0,5.002586,0.854314,2.70805,0.0,,,0.039481,0.0,95,speed
95 / lvo / onset + benchmark,lvo,3.0,0.0,0.0,,0.828872,0.333333,1.0,1.0,1.0,0.0,,,,,,,0.828872,1.0,1.0,1.0,1.0,0.0,,,,,,,0.0,0.0,95,onset + benchmark
95 / nlvo / onset + benchmark,nlvo,29.5,0.087077,0.0,,0.761925,0.371429,0.923077,0.583333,1.0,0.571429,4.828024,0.810269,4.22092,0.594738,,,0.761925,0.514286,1.0,0.888889,1.0,0.0,5.035613,0.763168,4.377596,0.786064,,,0.087077,0.0,95,onset + benchmark
95 / other / onset + benchmark,other,6.0,0.0,0.0,,0.785804,0.333333,1.0,1.0,1.0,0.0,,,,,,,0.785804,0.666667,1.0,0.75,1.0,0.0,,,,,,,0.0,0.0,95,onset + benchmark
95 / mixed / onset + benchmark,mixed,38.5,0.071255,0.0,,0.783802,0.363636,0.9375,0.666667,1.0,0.4,4.656528,0.898713,3.856064,1.030517,,,0.783802,0.568182,1.0,0.88,1.0,0.0,5.002586,0.854314,4.058962,1.032168,,,0.071255,0.0,95,onset + benchmark
95 / lvo / speed + benchmark,lvo,3.0,0.0,0.0,,0.5,0.333333,0.95,1.0,1.0,0.0,,,,0.0,,,0.5,1.0,0.95,1.0,1.0,0.0,,,,0.0,,,0.0,0.0,95,speed + benchmark
95 / nlvo / speed + benchmark,nlvo,29.5,0.069774,0.0,,0.59322,0.371429,0.95,0.583333,1.0,0.571429,4.828024,0.810269,2.70805,0.0,,,0.59322,0.514286,0.95,0.888889,1.0,0.0,5.035613,0.763168,2.70805,0.0,,,0.069774,0.0,95,speed + benchmark
95 / other / speed + benchmark,other,6.0,0.0,0.0,,0.5,0.333333,0.95,1.0,1.0,0.0,,,,0.0,,,0.5,0.666667,0.95,0.75,1.0,0.0,,,,0.0,,,0.0,0.0,95,speed + benchmark
95 / mixed / speed + benchmark,mixed,38.5,0.052641,0.0,,0.571429,0.363636,0.95,0.666667,1.0,0.4,4.656528,0.898713,2.70805,0.0,,,0.571429,0.568182,0.95,0.88,1.0,0.0,5.002586,0.854314,2.70805,0.0,,,0.052641,0.0,95,speed + benchmark
95 / lvo / speed + onset,lvo,3.0,0.0,0.0,,0.828872,0.333333,0.95,1.0,1.0,0.0,,,,0.0,,,0.828872,1.0,0.95,1.0,1.0,0.0,,,,0.0,,,0.0,0.0,95,speed + onset
95 / nlvo / speed + onset,nlvo,29.5,0.067213,0.0,,0.761925,0.371429,0.95,0.583333,1.0,0.428571,4.828024,0.810269,2.70805,0.0,,,0.761925,0.514286,0.95,0.888889,1.0,0.0,5.035613,0.763168,2.70805,0.0,,,0.067213,0.0,95,speed + onset
95 / other / speed + onset,other,6.0,0.0,0.0,,0.785804,0.333333,0.95,1.0,1.0,0.0,,,,0.0,,,0.785804,0.666667,0.95,0.75,1.0,0.0,,,,0.0,,,0.0,0.0,95,speed + onset
95 / mixed / speed + onset,mixed,38.5,0.054154,0.0,,0.783802,0.363636,0.95,0.666667,1.0,0.3,4.656528,0.898713,2.70805,0.0,,,0.783802,0.568182,0.95,0.88,1.0,0.0,5.002586,0.854314,2.70805,0.0,,,0.054154,0.0,95,speed + onset
95 / lvo / speed + onset + benchmark,lvo,3.0,0.0,0.0,,0.828872,0.333333,0.95,1.0,1.0,0.0,,,,0.0,,,0.828872,1.0,0.95,1.0,1.0,0.0,,,,0.0,,,0.0,0.0,95,speed + onset + benchmark
95 / nlvo / speed + onset + benchmark,nlvo,29.5,0.089617,0.0,,0.761925,0.371429,0.95,0.583333,1.0,0.571429,4.828024,0.810269,2.70805,0.0,,,0.761925,0.514286,0.95,0.888889,1.0,0.0,5.035613,0.763168,2.70805,0.0,,,0.089617,0.0,95,speed + onset + benchmark
95 / other / speed + onset + benchmark,other,6.0,0.0,0.0,,0.785804,0.333333,0.95,1.0,1.0,0.0,,,,0.0,,,0.785804,0.666667,0.95,0.75,1.0,0.0,,,,0.0,,,0.0,0.0,95,speed + onset + benchmark
95 / mixed / speed + onset + benchmark,mixed,38.5,0.072205,0.0,,0.783802,0.363636,0.95,0.666667,1.0,0.4,4.656528,0.898713,2.70805,0.0,,,0.783802,0.568182,0.95,0.88,1.0,0.0,5.002586,0.854314,2.70805,0.0,,,0.072205,0.0,95,speed + onset + benchmark
96 / lvo / base,lvo,79.5,0.226415,0.18239,0.448276,0.798742,0.700787,0.977528,0.896552,1.0,0.448718,4.608331,0.469866,3.245153,0.803868,3.601112,0.769894,0.798742,0.795276,0.980198,0.919192,1.0,0.274725,4.738195,0.567327,3.228334,0.871057,4.442543,0.767041,0.220126,0.157233,96,base
96 / nlvo / base,nlvo,360.0,0.051389,0.019444,0.5,0.670833,0.436853,0.924171,0.85641,1.0,0.203593,4.639682,0.609261,3.503585,0.954956,3.564153,0.540048,0.670833,0.563147,0.970588,0.840909,1.0,0.045045,4.86958,0.688561,3.66972,1.093178,,,0.047222,0.013889,96,base
96 / other / base,other,53.0,0.0,0.0,,0.735849,0.653846,0.960784,0.877551,1.0,0.0,4.523232,0.550587,3.400735,0.805655,,,0.735849,0.74359,0.982759,0.929825,1.0,0.0,4.659925,0.637229,3.357768,0.900609,,,0.0,0.0,96,base
96 / mixed / base,mixed,492.5,0.074112,0.043655,0.465116,0.698477,0.510174,0.94302,0.870091,1.0,0.239583,4.614813,0.568454,3.420433,0.90065,3.5829,0.662006,0.698477,0.626453,0.974478,0.871429,1.0,0.095628,4.810578,0.658768,3.523343,1.036227,4.318323,1.083996,0.070051,0.035533,96,base
96 / lvo / benchmark,lvo,79.5,0.314465,0.157233,0.448276,0.798742,0.700787,0.977528,0.896552,1.0,0.641026,4.608331,0.469866,3.245153,0.803868,3.601112,0.769894,0.798742,0.795276,0.980198,0.919192,1.0,0.274725,4.738195,0.567327,3.228334,0.871057,4.442543,0.767041,0.314465,0.157233,96,benchmark
96 / nlvo / benchmark,nlvo,360.0,0.087337,0.013889,0.5,0.670833,0.436853,0.924171,0.85641,1.0,0.376543,4.639682,0.609261,3.503585,0.954956,3.564153,0.540048,0.670833,0.563147,0.970588,0.840909,1.0,0.045045,4.86958,0.688561,3.66972,1.093178,,,0.087337,0.013889,96,benchmark
96 / other / benchmark,other,53.0,0.0,0.0,,0.735849,0.653846,0.960784,0.877551,1.0,0.0,4.523232,0.550587,3.400735,0.805655,,,0.735849,0.74359,0.982759,0.929825,1.0,0.0,4.659925,0.637229,3.357768,0.900609,,,0.0,0.0,96,benchmark
96 / mixed / benchmark,mixed,492.5,0.114721,0.035533,0.465116,0.698477,0.510174,0.94302,0.870091,1.0,0.392361,4.614813,0.568454,3.420433,0.90065,3.5829,0.662006,0.698477,0.626453,0.974478,0.871429,1.0,0.095628,4.810578,0.658768,3.523343,1.036227,4.318323,1.083996,0.114721,0.035533,96,benchmark
96 / lvo / onset,lvo,79.5,0.228429,0.163164,0.448276,0.828872,0.700787,0.977528,0.896552,1.0,0.448718,4.608331,0.469866,3.245153,0.803868,3.601112,0.769894,0.828872,0.795276,0.980198,0.919192,1.0,0.274725,4.738195,0.567327,3.228334,0.871057,4.442543,0.767041,0.228429,0.163164,96,onset
96 / nlvo / onset,nlvo,360.0,0.053635,0.015775,0.5,0.761925,0.436853,0.924171,0.85641,1.0,0.203593,4.639682,0.609261,3.503585,0.954956,3.564153,0.540048,0.761925,0.563147,0.970588,0.840909,1.0,0.045045,4.86958,0.688561,3.66972,1.093178,,,0.053635,0.015775,96,onset
96 / other / onset,other,53.0,0.0,0.0,,0.785804,0.653846,0.960784,0.877551,1.0,0.0,4.523232,0.550587,3.400735,0.805655,,,0.785804,0.74359,0.982759,0.929825,1.0,0.0,4.659925,0.637229,3.357768,0.900609,,,0.0,0.0,96,onset
96 / mixed / onset,mixed,492.5,0.078608,0.039873,0.465116,0.783802,0.510174,0.94302,0.870091,1.0,0.239583,4.614813,0.568454,3.420433,0.90065,3.5829,0.662006,0.783802,0.626453,0.974478,0.871429,1.0,0.095628,4.810578,0.658768,3.523343,1.036227,4.318323,1.083996,0.078608,0.039873,96,onset
96 / lvo / speed,lvo,79.5,0.213927,0.152389,0.448276,0.798742,0.700787,0.95,0.896552,1.0,0.448718,4.608331,0.469866,2.70805,0.0,3.601112,0.769894,0.798742,0.795276,0.95,0.919192,1.0,0.274725,4.738195,0.567327,2.70805,0.0,4.442543,0.767041,0.213927,0.152389,96,speed
96 / nlvo / speed,nlvo,360.0,0.048542,0.013594,0.5,0.670833,0.436853,0.95,0.85641,1.0,0.203593,4.639682,0.609261,2.70805,0.0,3.564153,0.540048,0.670833,0.563147,0.95,0.840909,1.0,0.045045,4.86958,0.688561,2.70805,0.0,,,0.048542,0.013594,96,speed
96 / other / speed,other,53.0,0.0,0.0,,0.735849,0.653846,0.95,0.877551,1.0,0.0,4.523232,0.550587,2.70805,0.0,,,0.735849,0.74359,0.95,0.929825,1.0,0.0,4.659925,0.637229,2.70805,0.0,,,0.0,0.0,96,speed
96 / mixed / speed,mixed,492.5,0.070569,0.03464,0.465116,0.698477,0.510174,0.95,0.870091,1.0,0.239583,4.614813,0.568454,2.70805,0.0,3.5829,0.662006,0.698477,0.626453,0.95,0.871429,1.0,0.095628,4.810578,0.658768,2.70805,0.0,4.318323,1.083996,0.070569,0.03464,96,speed
96 / lvo / onset + benchmark,lvo,79.5,0.326327,0.163164,0.448276,0.828872,0.700787,0.977528,0.896552,1.0,0.641026,4.608331,0.469866,3.245153,0.803868,3.601112,0.769894,0.828872,0.795276,0.980198,0.919192,1.0,0.274725,4.738195,0.567327,3.228334,0.871057,4.442543,0.767041,0.326327,0.163164,96,onset + benchmark
96 / nlvo / onset + benchmark,nlvo,360.0,0.099197,0.015775,0.5,0.761925,0.436853,0.924171,0.85641,1.0,0.376543,4.639682,0.609261,3.503585,0.954956,3.564153,0.540048,0.761925,0.563147,0.970588,0.840909,1.0,0.045045,4.86958,0.688561,3.66972,1.093178,,,0.099197,0.015775,96,onset + benchmark
96 / other / onset + benchmark,other,53.0,0.0,0.0,,0.785804,0.653846,0.960784,0.877551,1.0,0.0,4.523232,0.550587,3.400735,0.805655,,,0.785804,0.74359,0.982759,0.929825,1.0,0.0,4.659925,0.637229,3.357768,0.900609,,,0.0,0.0,96,onset + benchmark
96 / mixed / onset + benchmark,mixed,492.5,0.128735,0.039873,0.465116,0.783802,0.510174,0.94302,0.870091,1.0,0.392361,4.614813,0.568454,3.420433,0.90065,3.5829,0.662006,0.783802,0.626453,0.974478,0.871429,1.0,0.095628,4.810578,0.658768,3.523343,1.036227,4.318323,1.083996,0.128735,0.039873,96,onset + benchmark
96 / lvo / speed + benchmark,lvo,79.5,0.30561,0.152389,0.448276,0.798742,0.700787,0.95,0.896552,1.0,0.641026,4.608331,0.469866,2.70805,0.0,3.601112,0.769894,0.798742,0.795276,0.95,0.919192,1.0,0.274725,4.738195,0.567327,2.70805,0.0,4.442543,0.767041,0.30561,0.152389,96,speed + benchmark
96 / nlvo / speed + benchmark,nlvo,360.0,0.089778,0.013594,0.5,0.670833,0.436853,0.95,0.85641,1.0,0.376543,4.639682,0.609261,2.70805,0.0,3.564153,0.540048,0.670833,0.563147,0.95,0.840909,1.0,0.045045,4.86958,0.688561,2.70805,0.0,,,0.089778,0.013594,96,speed + benchmark
96 / other / speed + benchmark,other,53.0,0.0,0.0,,0.735849,0.653846,0.95,0.877551,1.0,0.0,4.523232,0.550587,2.70805,0.0,,,0.735849,0.74359,0.95,0.929825,1.0,0.0,4.659925,0.637229,2.70805,0.0,,,0.0,0.0,96,speed + benchmark
96 / mixed / speed + benchmark,mixed,492.5,0.11557,0.03464,0.465116,0.698477,0.510174,0.95,0.870091,1.0,0.392361,4.614813,0.568454,2.70805,0.0,3.5829,0.662006,0.698477,0.626453,0.95,0.871429,1.0,0.095628,4.810578,0.658768,2.70805,0.0,4.318323,1.083996,0.11557,0.03464,96,speed + benchmark
96 / lvo / speed + onset,lvo,79.5,0.221996,0.158137,0.448276,0.828872,0.700787,0.95,0.896552,1.0,0.448718,4.608331,0.469866,2.70805,0.0,3.601112,0.769894,0.828872,0.795276,0.95,0.919192,1.0,0.274725,4.738195,0.567327,2.70805,0.0,4.442543,0.767041,0.221996,0.158137,96,speed + onset
96 / nlvo / speed + onset,nlvo,360.0,0.055134,0.01544,0.5,0.761925,0.436853,0.95,0.85641,1.0,0.203593,4.639682,0.609261,2.70805,0.0,3.564153,0.540048,0.761925,0.563147,0.95,0.840909,1.0,0.045045,4.86958,0.688561,2.70805,0.0,,,0.055134,0.01544,96,speed + onset
96 / other / speed + onset,other,53.0,0.0,0.0,,0.785804,0.653846,0.95,0.877551,1.0,0.0,4.523232,0.550587,2.70805,0.0,,,0.785804,0.74359,0.95,0.929825,1.0,0.0,4.659925,0.637229,2.70805,0.0,,,0.0,0.0,96,speed + onset
96 / mixed / speed + onset,mixed,492.5,0.07919,0.038872,0.465116,0.783802,0.510174,0.95,0.870091,1.0,0.239583,4.614813,0.568454,2.70805,0.0,3.5829,0.662006,0.783802,0.626453,0.95,0.871429,1.0,0.095628,4.810578,0.658768,2.70805,0.0,4.318323,1.083996,0.07919,0.038872,96,speed + onset
96 / lvo / speed + onset + benchmark,lvo,79.5,0.317138,0.158137,0.448276,0.828872,0.700787,0.95,0.896552,1.0,0.641026,4.608331,0.469866,2.70805,0.0,3.601112,0.769894,0.828872,0.795276,0.95,0.919192,1.0,0.274725,4.738195,0.567327,2.70805,0.0,4.442543,0.767041,0.317138,0.158137,96,speed + onset + benchmark
96 / nlvo / speed + onset + benchmark,nlvo,360.0,0.101969,0.01544,0.5,0.761925,0.436853,0.95,0.85641,1.0,0.376543,4.639682,0.609261,2.70805,0.0,3.564153,0.540048,0.761925,0.563147,0.95,0.840909,1.0,0.045045,4.86958,0.688561,2.70805,0.0,,,0.101969,0.01544,96,speed + onset + benchmark
96 / other / speed + onset + benchmark,other,53.0,0.0,0.0,,0.785804,0.653846,0.95,0.877551,1.0,0.0,4.523232,0.550587,2.70805,0.0,,,0.785804,0.74359,0.95,0.929825,1.0,0.0,4.659925,0.637229,2.70805,0.0,,,0.0,0.0,96,speed + onset + benchmark
96 / mixed / speed + onset + benchmark,mixed,492.5,0.129688,0.038872,0.465116,0.783802,0.510174,0.95,0.870091,1.0,0.392361,4.614813,0.568454,2.70805,0.0,3.5829,0.662006,0.783802,0.626453,0.95,0.871429,1.0,0.095628,4.810578,0.658768,2.70805,0.0,4.318323,1.083996,0.129688,0.038872,96,speed + onset + benchmark
97 / lvo / base,lvo,99.0,0.323232,0.106061,0.52381,0.989899,0.683673,0.970149,0.869231,1.0,0.548673,4.538028,0.605225,3.482534,0.753291,2.857445,0.966805,0.989899,0.739796,0.986207,0.972028,1.0,0.122302,4.621629,0.651438,3.538736,0.788053,5.092893,0.283703,0.313131,0.085858,97,base
97 / nlvo / base,nlvo,467.5,0.104813,0.002139,0.5,0.990374,0.420086,0.907455,0.779037,1.0,0.330909,4.514095,0.913254,3.772422,0.923813,3.166569,0.843318,0.990374,0.506479,0.955224,0.852679,1.0,0.005236,4.714241,0.942879,3.930327,0.976611,,,0.097326,0.002139,97,base
97 / other / base,other,75.5,0.0,0.0,,0.993377,0.593333,0.921348,0.829268,1.0,0.0,4.565898,0.502967,3.690613,0.834312,,,0.993377,0.686667,0.951456,0.928571,1.0,0.0,4.712937,0.599201,3.77619,0.871032,,,0.0,0.0,97,base
97 / mixed / base,mixed,642.0,0.126168,0.017913,0.521739,0.990654,0.481132,0.923203,0.80708,1.0,0.335526,4.526869,0.803837,3.693849,0.881222,3.041303,0.905204,0.990654,0.563679,0.960948,0.888244,1.0,0.031046,4.695325,0.84792,3.82713,0.937767,5.09416,0.278964,0.119159,0.014798,97,base
97 / lvo / benchmark,lvo,99.0,0.358586,0.085858,0.52381,0.989899,0.683673,0.970149,0.869231,1.0,0.628319,4.538028,0.605225,3.482534,0.753291,2.857445,0.966805,0.989899,0.739796,0.986207,0.972028,1.0,0.122302,4.621629,0.651438,3.538736,0.788053,5.092893,0.283703,0.358586,0.085858,97,benchmark
97 / nlvo / benchmark,nlvo,467.5,0.092186,0.002139,0.5,0.990374,0.420086,0.907455,0.779037,1.0,0.313433,4.514095,0.913254,3.772422,0.923813,3.166569,0.843318,0.990374,0.506479,0.955224,0.852679,1.0,0.005236,4.714241,0.942879,3.930327,0.976611,,,0.092186,0.002139,97,benchmark
97 / other / benchmark,other,75.5,0.0,0.0,,0.993377,0.593333,0.921348,0.829268,1.0,0.0,4.565898,0.502967,3.690613,0.834312,,,0.993377,0.686667,0.951456,0.928571,1.0,0.0,4.712937,0.599201,3.77619,0.871032,,,0.0,0.0,97,benchmark
97 / mixed / benchmark,mixed,642.0,0.124611,0.014798,0.521739,0.990654,0.481132,0.923203,0.80708,1.0,0.350877,4.526869,0.803837,3.693849,0.881222,3.041303,0.905204,0.990654,0.563679,0.960948,0.888244,1.0,0.031046,4.695325,0.84792,3.82713,0.937767,5.09416,0.278964,0.124611,0.014798,97,benchmark
97 / lvo / onset,lvo,99.0,0.313131,0.085858,0.52381,0.989899,0.683673,0.970149,0.869231,1.0,0.548673,4.538028,0.605225,3.482534,0.753291,2.857445,0.966805,0.989899,0.739796,0.986207,0.972028,1.0,0.122302,4.621629,0.651438,3.538736,0.788053,5.092893,0.283703,0.313131,0.085858,97,onset
97 / nlvo / onset,nlvo,467.5,0.097326,0.002139,0.5,0.990374,0.420086,0.907455,0.779037,1.0,0.330909,4.514095,0.913254,3.772422,0.923813,3.166569,0.843318,0.990374,0.506479,0.955224,0.852679,1.0,0.005236,4.714241,0.942879,3.930327,0.976611,,,0.097326,0.002139,97,onset
97 / other / onset,other,75.5,0.0,0.0,,0.993377,0.593333,0.921348,0.829268,1.0,0.0,4.565898,0.502967,3.690613,0.834312,,,0.993377,0.686667,0.951456,0.928571,1.0,0.0,4.712937,0.599201,3.77619,0.871032,,,0.0,0.0,97,onset
97 / mixed / onset,mixed,642.0,0.119159,0.014798,0.521739,0.990654,0.481132,0.923203,0.80708,1.0,0.335526,4.526869,0.803837,3.693849,0.881222,3.041303,0.905204,0.990654,0.563679,0.960948,0.888244,1.0,0.031046,4.695325,0.84792,3.82713,0.937767,5.09416,0.278964,0.119159,0.014798,97,onset
97 / lvo / speed,lvo,99.0,0.306628,0.082706,0.52381,0.989899,0.683673,0.95,0.869231,1.0,0.548673,4.538028,0.605225,2.70805,0.0,2.857445,0.966805,0.989899,0.739796,0.95,0.972028,1.0,0.122302,4.621629,0.651438,2.70805,0.0,5.092893,0.283703,0.306628,0.082706,97,speed
97 / nlvo / speed,nlvo,467.5,0.101889,0.002127,0.5,0.990374,0.420086,0.95,0.779037,1.0,0.330909,4.514095,0.913254,2.70805,0.0,3.166569,0.843318,0.990374,0.506479,0.95,0.852679,1.0,0.005236,4.714241,0.942879,2.70805,0.0,,,0.101889,0.002127,97,speed
97 / other / speed,other,75.5,0.0,0.0,,0.993377,0.593333,0.95,0.829268,1.0,0.0,4.565898,0.502967,2.70805,0.0,,,0.993377,0.686667,0.95,0.928571,1.0,0.0,4.712937,0.599201,2.70805,0.0,,,0.0,0.0,97,speed
97 / mixed / speed,mixed,642.0,0.122618,0.014629,0.521739,0.990654,0.481132,0.95,0.80708,1.0,0.335526,4.526869,0.803837,2.70805,0.0,3.041303,0.905204,0.990654,0.563679,0.95,0.888244,1.0,0.031046,4.695325,0.84792,2.70805,0.0,5.09416,0.278964,0.122618,0.014629,97,speed
97 / lvo / onset + benchmark,lvo,99.0,0.358586,0.085858,0.52381,0.989899,0.683673,0.970149,0.869231,1.0,0.628319,4.538028,0.605225,3.482534,0.753291,2.857445,0.966805,0.989899,0.739796,0.986207,0.972028,1.0,0.122302,4.621629,0.651438,3.538736,0.788053,5.092893,0.283703,0.358586,0.085858,97,onset + benchmark
97 / nlvo / onset + benchmark,nlvo,467.5,0.092186,0.002139,0.5,0.990374,0.420086,0.907455,0.779037,1.0,0.313433,4.514095,0.913254,3.772422,0.923813,3.166569,0.843318,0.990374,0.506479,0.955224,0.852679,1.0,0.005236,4.714241,0.942879,3.930327,0.976611,,,0.092186,0.002139,97,onset + benchmark
97 / other / onset + benchmark,other,75.5,0.0,0.0,,0.993377,0.593333,0.921348,0.829268,1.0,0.0,4.565898,0.502967,3.690613,0.834312,,,0.993377,0.686667,0.951456,0.928571,1.0,0.0,4.712937,0.599201,3.77619,0.871032,,,0.0,0.0,97,onset + benchmark
97 / mixed / onset + benchmark,mixed,642.0,0.124611,0.014798,0.521739,0.990654,0.481132,0.923203,0.80708,1.0,0.350877,4.526869,0.803837,3.693849,0.881222,3.041303,0.905204,0.990654,0.563679,0.960948,0.888244,1.0,0.031046,4.695325,0.84792,3.82713,0.937767,5.09416,0.278964,0.124611,0.014798,97,onset + benchmark
97 / lvo / speed + benchmark,lvo,99.0,0.351138,0.082706,0.52381,0.989899,0.683673,0.95,0.869231,1.0,0.628319,4.538028,0.605225,2.70805,0.0,2.857445,0.966805,0.989899,0.739796,0.95,0.972028,1.0,0.122302,4.621629,0.651438,2.70805,0.0,5.092893,0.283703,0.351138,0.082706,97,speed + benchmark
97 / nlvo / speed + benchmark,nlvo,467.5,0.096508,0.002127,0.5,0.990374,0.420086,0.95,0.779037,1.0,0.313433,4.514095,0.913254,2.70805,0.0,3.166569,0.843318,0.990374,0.506479,0.95,0.852679,1.0,0.005236,4.714241,0.942879,2.70805,0.0,,,0.096508,0.002127,97,speed + benchmark
97 / other / speed + benchmark,other,75.5,0.0,0.0,,0.993377,0.593333,0.95,0.829268,1.0,0.0,4.565898,0.502967,2.70805,0.0,,,0.993377,0.686667,0.95,0.928571,1.0,0.0,4.712937,0.599201,2.70805,0.0,,,0.0,0.0,97,speed + benchmark
97 / mixed / speed + benchmark,mixed,642.0,0.128228,0.014629,0.521739,0.990654,0.481132,0.95,0.80708,1.0,0.350877,4.526869,0.803837,2.70805,0.0,3.041303,0.905204,0.990654,0.563679,0.95,0.888244,1.0,0.031046,4.695325,0.84792,2.70805,0.0,5.09416,0.278964,0.128228,0.014629,97,speed + benchmark
97 / lvo / speed + onset,lvo,99.0,0.306628,0.082706,0.52381,0.989899,0.683673,0.95,0.869231,1.0,0.548673,4.538028,0.605225,2.70805,0.0,2.857445,0.966805,0.989899,0.739796,0.95,0.972028,1.0,0.122302,4.621629,0.651438,2.70805,0.0,5.092893,0.283703,0.306628,0.082706,97,speed + onset
97 / nlvo / speed + onset,nlvo,467.5,0.101889,0.002127,0.5,0.990374,0.420086,0.95,0.779037,1.0,0.330909,4.514095,0.913254,2.70805,0.0,3.166569,0.843318,0.990374,0.506479,0.95,0.852679,1.0,0.005236,4.714241,0.942879,2.70805,0.0,,,0.101889,0.002127,97,speed + onset
97 / other / speed + onset,other,75.5,0.0,0.0,,0.993377,0.593333,0.95,0.829268,1.0,0.0,4.565898,0.502967,2.70805,0.0,,,0.993377,0.686667,0.95,0.928571,1.0,0.0,4.712937,0.599201,2.70805,0.0,,,0.0,0.0,97,speed + onset
97 / mixed / speed + onset,mixed,642.0,0.122618,0.014629,0.521739,0.990654,0.481132,0.95,0.80708,1.0,0.335526,4.526869,0.803837,2.70805,0.0,3.041303,0.905204,0.990654,0.563679,0.95,0.888244,1.0,0.031046,4.695325,0.84792,2.70805,0.0,5.09416,0.278964,0.122618,0.014629,97,speed + onset
97 / lvo / speed + onset + benchmark,lvo,99.0,0.351138,0.082706,0.52381,0.989899,0.683673,0.95,0.869231,1.0,0.628319,4.538028,0.605225,2.70805,0.0,2.857445,0.966805,0.989899,0.739796,0.95,0.972028,1.0,0.122302,4.621629,0.651438,2.70805,0.0,5.092893,0.283703,0.351138,0.082706,97,speed + onset + benchmark
97 / nlvo / speed + onset + benchmark,nlvo,467.5,0.096508,0.002127,0.5,0.990374,0.420086,0.95,0.779037,1.0,0.313433,4.514095,0.913254,2.70805,0.0,3.166569,0.843318,0.990374,0.506479,0.95,0.852679,1.0,0.005236,4.714241,0.942879,2.70805,0.0,,,0.096508,0.002127,97,speed + onset + benchmark
97 / other / speed + onset + benchmark,other,75.5,0.0,0.0,,0.993377,0.593333,0.95,0.829268,1.0,0.0,4.565898,0.502967,2.70805,0.0,,,0.993377,0.686667,0.95,0.928571,1.0,0.0,4.712937,0.599201,2.70805,0.0,,,0.0,0.0,97,speed + onset + benchmark
97 / mixed / speed + onset + benchmark,mixed,642.0,0.128228,0.014629,0.521739,0.990654,0.481132,0.95,0.80708,1.0,0.350877,4.526869,0.803837,2.70805,0.0,3.041303,0.905204,0.990654,0.563679,0.95,0.888244,1.0,0.031046,4.695325,0.84792,2.70805,0.0,5.09416,0.278964,0.128228,0.014629,97,speed + onset + benchmark
98 / lvo / base,lvo,56.5,0.371681,0.0,,1.0,0.469027,1.0,0.981132,1.0,0.788462,4.471495,0.605464,3.253759,0.586928,3.556468,0.563385,1.0,0.530973,0.983333,1.0,1.0,0.0,4.611518,0.689707,3.29443,0.577277,,,0.362832,0.0,98,base
98 / nlvo / base,nlvo,228.0,0.162281,0.0,,0.995614,0.306167,0.964029,0.925373,1.0,0.580645,4.67335,0.440306,3.540649,0.594471,3.624458,0.549259,0.995614,0.418502,0.968421,0.809783,1.0,0.0,4.950885,0.596189,3.800354,0.792156,,,0.157894,0.0,98,base
98 / other / base,other,38.5,0.0,0.0,,1.0,0.480519,0.972973,0.805556,1.0,0.0,4.717556,0.509621,3.61479,0.763591,,,1.0,0.545455,1.0,0.833333,1.0,0.0,4.847138,0.596525,3.680755,0.765446,,,0.0,0.0,98,base
98 / mixed / base,mixed,323.0,0.179567,0.0,,0.996904,0.35559,0.973799,0.919283,1.0,0.55122,4.633775,0.500172,3.484434,0.633799,3.599789,0.552887,0.996904,0.453416,0.976027,0.852632,1.0,0.0,4.86623,0.628924,3.677994,0.772823,,,0.174923,0.0,98,base
98 / lvo / benchmark,lvo,56.5,0.371682,0.0,,1.0,0.469027,1.0,0.981132,1.0,0.807692,4.471495,0.605464,3.253759,0.586928,3.556468,0.563385,1.0,0.530973,0.983333,1.0,1.0,0.0,4.611518,0.689707,3.29443,0.577277,,,0.371682,0.0,98,benchmark
98 / nlvo / benchmark,nlvo,228.0,0.147487,0.0,,0.995614,0.306167,0.964029,0.925373,1.0,0.542373,4.67335,0.440306,3.540649,0.594471,3.624458,0.549259,0.995614,0.418502,0.968421,0.809783,1.0,0.0,4.950885,0.596189,3.800354,0.792156,,,0.147487,0.0,98,benchmark
98 / other / benchmark,other,38.5,0.0,0.0,,1.0,0.480519,0.972973,0.805556,1.0,0.0,4.717556,0.509621,3.61479,0.763591,,,1.0,0.545455,1.0,0.833333,1.0,0.0,4.847138,0.596525,3.680755,0.765446,,,0.0,0.0,98,benchmark
98 / mixed / benchmark,mixed,323.0,0.171827,0.0,,0.996904,0.35559,0.973799,0.919283,1.0,0.541463,4.633775,0.500172,3.484434,0.633799,3.599789,0.552887,0.996904,0.453416,0.976027,0.852632,1.0,0.0,4.86623,0.628924,3.677994,0.772823,,,0.171827,0.0,98,benchmark
98 / lvo / onset,lvo,56.5,0.362832,0.0,,1.0,0.469027,1.0,0.981132,1.0,0.788462,4.471495,0.605464,3.253759,0.586928,3.556468,0.563385,1.0,0.530973,0.983333,1.0,1.0,0.0,4.611518,0.689707,3.29443,0.577277,,,0.362832,0.0,98,onset
98 / nlvo / onset,nlvo,228.0,0.157894,0.0,,0.995614,0.306167,0.964029,0.925373,1.0,0.580645,4.67335,0.440306,3.540649,0.594471,3.624458,0.549259,0.995614,0.418502,0.968421,0.809783,1.0,0.0,4.950885,0.596189,3.800354,0.792156,,,0.157894,0.0,98,onset
98 / other / onset,other,38.5,0.0,0.0,,1.0,0.480519,0.972973,0.805556,1.0,0.0,4.717556,0.509621,3.61479,0.763591,,,1.0,0.545455,1.0,0.833333,1.0,0.0,4.847138,0.596525,3.680755,0.765446,,,0.0,0.0,98,onset
98 / mixed / onset,mixed,323.0,0.174923,0.0,,0.996904,0.35559,0.973799,0.919283,1.0,0.55122,4.633775,0.500172,3.484434,0.633799,3.599789,0.552887,0.996904,0.453416,0.976027,0.852632,1.0,0.0,4.86623,0.628924,3.677994,0.772823,,,0.174923,0.0,98,onset
98 / lvo / speed,lvo,56.5,0.344691,0.0,,1.0,0.469027,0.95,0.981132,1.0,0.788462,4.471495,0.605464,2.70805,0.0,3.556468,0.563385,1.0,0.530973,0.95,1.0,1.0,0.0,4.611518,0.689707,2.70805,0.0,,,0.344691,0.0,98,speed
98 / nlvo / speed,nlvo,228.0,0.155597,0.0,,0.995614,0.306167,0.95,0.925373,1.0,0.580645,4.67335,0.440306,2.70805,0.0,3.624458,0.549259,0.995614,0.418502,0.95,0.809783,1.0,0.0,4.950885,0.596189,2.70805,0.0,,,0.155597,0.0,98,speed
98 / other / speed,other,38.5,0.0,0.0,,1.0,0.480519,0.95,0.805556,1.0,0.0,4.717556,0.509621,2.70805,0.0,,,1.0,0.545455,0.95,0.833333,1.0,0.0,4.847138,0.596525,2.70805,0.0,,,0.0,0.0,98,speed
98 / mixed / speed,mixed,323.0,0.170648,0.0,,0.996904,0.35559,0.95,0.919283,1.0,0.55122,4.633775,0.500172,2.70805,0.0,3.599789,0.552887,0.996904,0.453416,0.95,0.852632,1.0,0.0,4.86623,0.628924,2.70805,0.0,,,0.170648,0.0,98,speed
98 / lvo / onset + benchmark,lvo,56.5,0.371682,0.0,,1.0,0.469027,1.0,0.981132,1.0,0.807692,4.471495,0.605464,3.253759,0.586928,3.556468,0.563385,1.0,0.530973,0.983333,1.0,1.0,0.0,4.611518,0.689707,3.29443,0.577277,,,0.371682,0.0,98,onset + benchmark
98 / nlvo / onset + benchmark,nlvo,228.0,0.147487,0.0,,0.995614,0.306167,0.964029,0.925373,1.0,0.542373,4.67335,0.440306,3.540649,0.594471,3.624458,0.549259,0.995614,0.418502,0.968421,0.809783,1.0,0.0,4.950885,0.596189,3.800354,0.792156,,,0.147487,0.0,98,onset + benchmark
98 / other / onset + benchmark,other,38.5,0.0,0.0,,1.0,0.480519,0.972973,0.805556,1.0,0.0,4.717556,0.509621,3.61479,0.763591,,,1.0,0.545455,1.0,0.833333,1.0,0.0,4.847138,0.596525,3.680755,0.765446,,,0.0,0.0,98,onset + benchmark
98 / mixed / onset + benchmark,mixed,323.0,0.171827,0.0,,0.996904,0.35559,0.973799,0.919283,1.0,0.541463,4.633775,0.500172,3.484434,0.633799,3.599789,0.552887,0.996904,0.453416,0.976027,0.852632,1.0,0.0,4.86623,0.628924,3.677994,0.772823,,,0.171827,0.0,98,onset + benchmark
98 / lvo / speed + benchmark,lvo,56.5,0.353098,0.0,,1.0,0.469027,0.95,0.981132,1.0,0.807692,4.471495,0.605464,2.70805,0.0,3.556468,0.563385,1.0,0.530973,0.95,1.0,1.0,0.0,4.611518,0.689707,2.70805,0.0,,,0.353098,0.0,98,speed + benchmark
98 / nlvo / speed + benchmark,nlvo,228.0,0.145341,0.0,,0.995614,0.306167,0.95,0.925373,1.0,0.542373,4.67335,0.440306,2.70805,0.0,3.624458,0.549259,0.995614,0.418502,0.95,0.809783,1.0,0.0,4.950885,0.596189,2.70805,0.0,,,0.145341,0.0,98,speed + benchmark
98 / other / speed + benchmark,other,38.5,0.0,0.0,,1.0,0.480519,0.95,0.805556,1.0,0.0,4.717556,0.509621,2.70805,0.0,,,1.0,0.545455,0.95,0.833333,1.0,0.0,4.847138,0.596525,2.70805,0.0,,,0.0,0.0,98,speed + benchmark
98 / mixed / speed + benchmark,mixed,323.0,0.167627,0.0,,0.996904,0.35559,0.95,0.919283,1.0,0.541463,4.633775,0.500172,2.70805,0.0,3.599789,0.552887,0.996904,0.453416,0.95,0.852632,1.0,0.0,4.86623,0.628924,2.70805,0.0,,,0.167627,0.0,98,speed + benchmark
98 / lvo / speed + onset,lvo,56.5,0.344691,0.0,,1.0,0.469027,0.95,0.981132,1.0,0.788462,4.471495,0.605464,2.70805,0.0,3.556468,0.563385,1.0,0.530973,0.95,1.0,1.0,0.0,4.611518,0.689707,2.70805,0.0,,,0.344691,0.0,98,speed + onset
98 / nlvo / speed + onset,nlvo,228.0,0.155597,0.0,,0.995614,0.306167,0.95,0.925373,1.0,0.580645,4.67335,0.440306,2.70805,0.0,3.624458,0.549259,0.995614,0.418502,0.95,0.809783,1.0,0.0,4.950885,0.596189,2.70805,0.0,,,0.155597,0.0,98,speed + onset
98 / other / speed + onset,other,38.5,0.0,0.0,,1.0,0.480519,0.95,0.805556,1.0,0.0,4.717556,0.509621,2.70805,0.0,,,1.0,0.545455,0.95,0.833333,1.0,0.0,4.847138,0.596525,2.70805,0.0,,,0.0,0.0,98,speed + onset
98 / mixed / speed + onset,mixed,323.0,0.170648,0.0,,0.996904,0.35559,0.95,0.919283,1.0,0.55122,4.633775,0.500172,2.70805,0.0,3.599789,0.552887,0.996904,0.453416,0.95,0.852632,1.0,0.0,4.86623,0.628924,2.70805,0.0,,,0.170648,0.0,98,speed + onset
98 / lvo / speed + onset + benchmark,lvo,56.5,0.353098,0.0,,1.0,0.469027,0.95,0.981132,1.0,0.807692,4.471495,0.605464,2.70805,0.0,3.556468,0.563385,1.0,0.530973,0.95,1.0,1.0,0.0,4.611518,0.689707,2.70805,0.0,,,0.353098,0.0,98,speed + onset + benchmark
98 / nlvo / speed + onset + benchmark,nlvo,228.0,0.145341,0.0,,0.995614,0.306167,0.95,0.925373,1.0,0.542373,4.67335,0.440306,2.70805,0.0,3.624458,0.549259,0.995614,0.418502,0.95,0.809783,1.0,0.0,4.950885,0.596189,2.70805,0.0,,,0.145341,0.0,98,speed + onset + benchmark
98 / other / speed + onset + benchmark,other,38.5,0.0,0.0,,1.0,0.480519,0.95,0.805556,1.0,0.0,4.717556,0.509621,2.70805,0.0,,,1.0,0.545455,0.95,0.833333,1.0,0.0,4.847138,0.596525,2.70805,0.0,,,0.0,0.0,98,speed + onset + benchmark
98 / mixed / speed + onset + benchmark,mixed,323.0,0.167627,0.0,,0.996904,0.35559,0.95,0.919283,1.0,0.541463,4.633775,0.500172,2.70805,0.0,3.599789,0.552887,0.996904,0.453416,0.95,0.852632,1.0,0.0,4.86623,0.628924,2.70805,0.0,,,0.167627,0.0,98,speed + onset + benchmark
99 / lvo / base,lvo,96.5,0.222798,0.020725,0.5,0.678756,0.763359,1.0,0.91,1.0,0.43956,4.541765,0.490945,3.516383,0.705815,3.400216,0.530849,0.678756,0.862595,1.0,0.929204,1.0,0.028571,4.675688,0.594665,3.5739,0.736525,,,0.207254,0.015544,99,base
99 / nlvo / base,nlvo,607.0,0.088962,0.001647,0.0,0.540362,0.63872,0.909308,0.795276,1.0,0.339934,4.660516,0.609774,3.731824,0.749108,3.387625,0.546731,0.540362,0.748476,0.953157,0.852564,1.0,0.0,4.808221,0.668132,3.923223,0.865505,,,0.084844,0.0,99,base
99 / other / base,other,119.0,0.0,0.0,,0.521008,0.709677,0.931818,0.878049,1.0,0.0,4.562193,0.473966,3.601336,0.925263,,,0.521008,0.798387,0.969697,0.875,1.0,0.0,4.689698,0.576252,3.765589,1.021642,,,0.0,0.0,99,base
99 / mixed / base,mixed,822.5,0.091793,0.003647,0.333333,0.553799,0.666301,0.927512,0.827709,1.0,0.306867,4.626698,0.575052,3.674552,0.773329,3.391147,0.540501,0.553799,0.771679,0.963016,0.868538,1.0,0.005102,4.770226,0.646319,3.842564,0.878332,,,0.08693,0.001824,99,base
99 / lvo / benchmark,lvo,96.5,0.243523,0.015544,0.5,0.678756,0.763359,1.0,0.91,1.0,0.516484,4.541765,0.490945,3.516383,0.705815,3.400216,0.530849,0.678756,0.862595,1.0,0.929204,1.0,0.028571,4.675688,0.594665,3.5739,0.736525,,,0.243523,0.015544,99,benchmark
99 / nlvo / benchmark,nlvo,607.0,0.089817,0.0,0.0,0.540362,0.63872,0.909308,0.795276,1.0,0.359862,4.660516,0.609774,3.731824,0.749108,3.387625,0.546731,0.540362,0.748476,0.953157,0.852564,1.0,0.0,4.808221,0.668132,3.923223,0.865505,,,0.089817,0.0,99,benchmark
99 / other / benchmark,other,119.0,0.0,0.0,,0.521008,0.709677,0.931818,0.878049,1.0,0.0,4.562193,0.473966,3.601336,0.925263,,,0.521008,0.798387,0.969697,0.875,1.0,0.0,4.689698,0.576252,3.765589,1.021642,,,0.0,0.0,99,benchmark
99 / mixed / benchmark,mixed,822.5,0.099088,0.001824,0.333333,0.553799,0.666301,0.927512,0.827709,1.0,0.349785,4.626698,0.575052,3.674552,0.773329,3.391147,0.540501,0.553799,0.771679,0.963016,0.868538,1.0,0.005102,4.770226,0.646319,3.842564,0.878332,,,0.099088,0.001824,99,benchmark
99 / lvo / onset,lvo,96.5,0.253091,0.018982,0.5,0.828872,0.763359,1.0,0.91,1.0,0.43956,4.541765,0.490945,3.516383,0.705815,3.400216,0.530849,0.828872,0.862595,1.0,0.929204,1.0,0.028571,4.675688,0.594665,3.5739,0.736525,,,0.253091,0.018982,99,onset
99 / nlvo / onset,nlvo,607.0,0.119632,0.0,0.0,0.761925,0.63872,0.909308,0.795276,1.0,0.339934,4.660516,0.609774,3.731824,0.749108,3.387625,0.546731,0.761925,0.748476,0.953157,0.852564,1.0,0.0,4.808221,0.668132,3.923223,0.865505,,,0.119632,0.0,99,onset
99 / other / onset,other,119.0,0.0,0.0,,0.785804,0.709677,0.931818,0.878049,1.0,0.0,4.562193,0.473966,3.601336,0.925263,,,0.785804,0.798387,0.969697,0.875,1.0,0.0,4.689698,0.576252,3.765589,1.021642,,,0.0,0.0,99,onset
99 / mixed / onset,mixed,822.5,0.123034,0.002581,0.333333,0.783802,0.666301,0.927512,0.827709,1.0,0.306867,4.626698,0.575052,3.674552,0.773329,3.391147,0.540501,0.783802,0.771679,0.963016,0.868538,1.0,0.005102,4.770226,0.646319,3.842564,0.878332,,,0.123034,0.002581,99,onset
99 / lvo / speed,lvo,96.5,0.196891,0.014767,0.5,0.678756,0.763359,0.95,0.91,1.0,0.43956,4.541765,0.490945,2.70805,0.0,3.400216,0.530849,0.678756,0.862595,0.95,0.929204,1.0,0.028571,4.675688,0.594665,2.70805,0.0,,,0.196891,0.014767,99,speed
99 / nlvo / speed,nlvo,607.0,0.08864,0.0,0.0,0.540362,0.63872,0.95,0.795276,1.0,0.339934,4.660516,0.609774,2.70805,0.0,3.387625,0.546731,0.540362,0.748476,0.95,0.852564,1.0,0.0,4.808221,0.668132,2.70805,0.0,,,0.08864,0.0,99,speed
99 / other / speed,other,119.0,0.0,0.0,,0.521008,0.709677,0.95,0.878049,1.0,0.0,4.562193,0.473966,2.70805,0.0,,,0.521008,0.798387,0.95,0.875,1.0,0.0,4.689698,0.576252,2.70805,0.0,,,0.0,0.0,99,speed
99 / mixed / speed,mixed,822.5,0.089038,0.001799,0.333333,0.553799,0.666301,0.95,0.827709,1.0,0.306867,4.626698,0.575052,2.70805,0.0,3.391147,0.540501,0.553799,0.771679,0.95,0.868538,1.0,0.005102,4.770226,0.646319,2.70805,0.0,,,0.089038,0.001799,99,speed
99 / lvo / onset + benchmark,lvo,96.5,0.297382,0.018982,0.5,0.828872,0.763359,1.0,0.91,1.0,0.516484,4.541765,0.490945,3.516383,0.705815,3.400216,0.530849,0.828872,0.862595,1.0,0.929204,1.0,0.028571,4.675688,0.594665,3.5739,0.736525,,,0.297382,0.018982,99,onset + benchmark
99 / nlvo / onset + benchmark,nlvo,607.0,0.126645,0.0,0.0,0.761925,0.63872,0.909308,0.795276,1.0,0.359862,4.660516,0.609774,3.731824,0.749108,3.387625,0.546731,0.761925,0.748476,0.953157,0.852564,1.0,0.0,4.808221,0.668132,3.923223,0.865505,,,0.126645,0.0,99,onset + benchmark
99 / other / onset + benchmark,other,119.0,0.0,0.0,,0.785804,0.709677,0.931818,0.878049,1.0,0.0,4.562193,0.473966,3.601336,0.925263,,,0.785804,0.798387,0.969697,0.875,1.0,0.0,4.689698,0.576252,3.765589,1.021642,,,0.0,0.0,99,onset + benchmark
99 / mixed / onset + benchmark,mixed,822.5,0.140241,0.002581,0.333333,0.783802,0.666301,0.927512,0.827709,1.0,0.349785,4.626698,0.575052,3.674552,0.773329,3.391147,0.540501,0.783802,0.771679,0.963016,0.868538,1.0,0.005102,4.770226,0.646319,3.842564,0.878332,,,0.140241,0.002581,99,onset + benchmark
99 / lvo / speed + benchmark,lvo,96.5,0.231347,0.014767,0.5,0.678756,0.763359,0.95,0.91,1.0,0.516484,4.541765,0.490945,2.70805,0.0,3.400216,0.530849,0.678756,0.862595,0.95,0.929204,1.0,0.028571,4.675688,0.594665,2.70805,0.0,,,0.231347,0.014767,99,speed + benchmark
99 / nlvo / speed + benchmark,nlvo,607.0,0.093837,0.0,0.0,0.540362,0.63872,0.95,0.795276,1.0,0.359862,4.660516,0.609774,2.70805,0.0,3.387625,0.546731,0.540362,0.748476,0.95,0.852564,1.0,0.0,4.808221,0.668132,2.70805,0.0,,,0.093837,0.0,99,speed + benchmark
99 / other / speed + benchmark,other,119.0,0.0,0.0,,0.521008,0.709677,0.95,0.878049,1.0,0.0,4.562193,0.473966,2.70805,0.0,,,0.521008,0.798387,0.95,0.875,1.0,0.0,4.689698,0.576252,2.70805,0.0,,,0.0,0.0,99,speed + benchmark
99 / mixed / speed + benchmark,mixed,822.5,0.101491,0.001799,0.333333,0.553799,0.666301,0.95,0.827709,1.0,0.349785,4.626698,0.575052,2.70805,0.0,3.391147,0.540501,0.553799,0.771679,0.95,0.868538,1.0,0.005102,4.770226,0.646319,2.70805,0.0,,,0.101491,0.001799,99,speed + benchmark
99 / lvo / speed + onset,lvo,96.5,0.240436,0.018032,0.5,0.828872,0.763359,0.95,0.91,1.0,0.43956,4.541765,0.490945,2.70805,0.0,3.400216,0.530849,0.828872,0.862595,0.95,0.929204,1.0,0.028571,4.675688,0.594665,2.70805,0.0,,,0.240436,0.018032,99,speed + onset
99 / nlvo / speed + onset,nlvo,607.0,0.124985,0.0,0.0,0.761925,0.63872,0.95,0.795276,1.0,0.339934,4.660516,0.609774,2.70805,0.0,3.387625,0.546731,0.761925,0.748476,0.95,0.852564,1.0,0.0,4.808221,0.668132,2.70805,0.0,,,0.124985,0.0,99,speed + onset
99 / other / speed + onset,other,119.0,0.0,0.0,,0.785804,0.709677,0.95,0.878049,1.0,0.0,4.562193,0.473966,2.70805,0.0,,,0.785804,0.798387,0.95,0.875,1.0,0.0,4.689698,0.576252,2.70805,0.0,,,0.0,0.0,99,speed + onset
99 / mixed / speed + onset,mixed,822.5,0.126017,0.002546,0.333333,0.783802,0.666301,0.95,0.827709,1.0,0.306867,4.626698,0.575052,2.70805,0.0,3.391147,0.540501,0.783802,0.771679,0.95,0.868538,1.0,0.005102,4.770226,0.646319,2.70805,0.0,,,0.126017,0.002546,99,speed + onset
99 / lvo / speed + onset + benchmark,lvo,96.5,0.282513,0.018032,0.5,0.828872,0.763359,0.95,0.91,1.0,0.516484,4.541765,0.490945,2.70805,0.0,3.400216,0.530849,0.828872,0.862595,0.95,0.929204,1.0,0.028571,4.675688,0.594665,2.70805,0.0,,,0.282513,0.018032,99,speed + onset + benchmark
99 / nlvo / speed + onset + benchmark,nlvo,607.0,0.132312,0.0,0.0,0.761925,0.63872,0.95,0.795276,1.0,0.359862,4.660516,0.609774,2.70805,0.0,3.387625,0.546731,0.761925,0.748476,0.95,0.852564,1.0,0.0,4.808221,0.668132,2.70805,0.0,,,0.132312,0.0,99,speed + onset + benchmark
99 / other / speed + onset + benchmark,other,119.0,0.0,0.0,,0.785804,0.709677,0.95,0.878049,1.0,0.0,4.562193,0.473966,2.70805,0.0,,,0.785804,0.798387,0.95,0.875,1.0,0.0,4.689698,0.576252,2.70805,0.0,,,0.0,0.0,99,speed + onset + benchmark
99 / mixed / speed + onset + benchmark,mixed,822.5,0.143641,0.002546,0.333333,0.783802,0.666301,0.95,0.827709,1.0,0.349785,4.626698,0.575052,2.70805,0.0,3.391147,0.540501,0.783802,0.771679,0.95,0.868538,1.0,0.005102,4.770226,0.646319,2.70805,0.0,,,0.143641,0.002546,99,speed + onset + benchmark
100 / lvo / base,lvo,188.5,0.196286,0.029178,0.454545,0.774536,0.5,0.993151,0.958621,1.0,0.532374,4.502963,0.504986,2.546122,1.078986,3.459833,0.751599,0.774536,0.568493,0.993976,0.987879,1.0,0.06135,4.639404,0.601755,2.562546,1.078633,,,0.196287,0.026525,100,base
100 / nlvo / base,nlvo,649.0,0.077042,0.0,,0.620185,0.351553,0.992933,0.875445,1.0,0.402439,4.756833,0.471618,2.651908,1.232251,3.597859,0.592793,0.620185,0.447205,0.986111,0.932394,1.0,0.0,4.95778,0.571862,2.632956,1.349842,,,0.076271,0.0,100,base
100 / other / base,other,110.0,0.0,0.0,,0.713636,0.503185,0.974684,0.935065,1.0,0.0,4.661667,0.437111,2.504335,1.163775,,,0.713636,0.630573,0.989899,0.908163,1.0,0.0,4.874877,0.579464,2.687722,1.270666,,,0.0,0.0,100,base
100 / mixed / base,mixed,947.5,0.091821,0.005805,0.454545,0.661741,0.405104,0.990157,0.908549,1.0,0.378556,4.669071,0.488155,2.598823,1.178851,3.538819,0.66683,0.661741,0.498405,0.9888,0.943366,1.0,0.017153,4.860087,0.595925,2.622842,1.268931,,,0.091293,0.005277,100,base
100 / lvo / benchmark,lvo,188.5,0.281167,0.026525,0.454545,0.774536,0.5,0.993151,0.958621,1.0,0.76259,4.502963,0.504986,2.546122,1.078986,3.459833,0.751599,0.774536,0.568493,0.993976,0.987879,1.0,0.06135,4.639404,0.601755,2.562546,1.078633,,,0.281167,0.026525,100,benchmark
100 / nlvo / benchmark,nlvo,649.0,0.105106,0.0,,0.620185,0.351553,0.992933,0.875445,1.0,0.554585,4.756833,0.471618,2.651908,1.232251,3.597859,0.592793,0.620185,0.447205,0.986111,0.932394,1.0,0.0,4.95778,0.571862,2.632956,1.349842,,,0.105106,0.0,100,benchmark
100 / other / benchmark,other,110.0,0.0,0.0,,0.713636,0.503185,0.974684,0.935065,1.0,0.0,4.661667,0.437111,2.504335,1.163775,,,0.713636,0.630573,0.989899,0.908163,1.0,0.0,4.874877,0.579464,2.687722,1.270666,,,0.0,0.0,100,benchmark
100 / mixed / benchmark,mixed,947.5,0.129288,0.005277,0.454545,0.661741,0.405104,0.990157,0.908549,1.0,0.536105,4.669071,0.488155,2.598823,1.178851,3.538819,0.66683,0.661741,0.498405,0.9888,0.943366,1.0,0.017153,4.860087,0.595925,2.622842,1.268931,,,0.129288,0.005277,100,benchmark
100 / lvo / onset,lvo,188.5,0.210057,0.028386,0.454545,0.828872,0.5,0.993151,0.958621,1.0,0.532374,4.502963,0.504986,2.546122,1.078986,3.459833,0.751599,0.828872,0.568493,0.993976,0.987879,1.0,0.06135,4.639404,0.601755,2.562546,1.078633,,,0.210057,0.028386,100,onset
100 / nlvo / onset,nlvo,649.0,0.093703,0.0,,0.761925,0.351553,0.992933,0.875445,1.0,0.402439,4.756833,0.471618,2.651908,1.232251,3.597859,0.592793,0.761925,0.447205,0.986111,0.932394,1.0,0.0,4.95778,0.571862,2.632956,1.349842,,,0.093703,0.0,100,onset
100 / other / onset,other,110.0,0.0,0.0,,0.785804,0.503185,0.974684,0.935065,1.0,0.0,4.661667,0.437111,2.504335,1.163775,,,0.785804,0.630573,0.989899,0.908163,1.0,0.0,4.874877,0.579464,2.687722,1.270666,,,0.0,0.0,100,onset
100 / mixed / onset,mixed,947.5,0.108132,0.006251,0.454545,0.783802,0.405104,0.990157,0.908549,1.0,0.378556,4.669071,0.488155,2.598823,1.178851,3.538819,0.66683,0.783802,0.498405,0.9888,0.943366,1.0,0.017153,4.860087,0.595925,2.622842,1.268931,,,0.108132,0.006251,100,onset
100 / lvo / speed,lvo,188.5,0.187758,0.025352,0.454545,0.774536,0.5,0.95,0.958621,1.0,0.532374,4.502963,0.504986,2.546122,0.0,3.459833,0.751599,0.774536,0.568493,0.95,0.987879,1.0,0.06135,4.639404,0.601755,2.562546,0.0,,,0.187758,0.025352,100,speed
100 / nlvo / speed,nlvo,649.0,0.072973,0.0,,0.620185,0.351553,0.95,0.875445,1.0,0.402439,4.756833,0.471618,2.651908,0.0,3.597859,0.592793,0.620185,0.447205,0.95,0.932394,1.0,0.0,4.95778,0.571862,2.632956,0.0,,,0.072973,0.0,100,speed
100 / other / speed,other,110.0,0.0,0.0,,0.713636,0.503185,0.95,0.935065,1.0,0.0,4.661667,0.437111,2.504335,0.0,,,0.713636,0.630573,0.95,0.908163,1.0,0.0,4.874877,0.579464,2.687722,0.0,,,0.0,0.0,100,speed
100 / mixed / speed,mixed,947.5,0.08759,0.00507,0.454545,0.661741,0.405104,0.95,0.908549,1.0,0.378556,4.669071,0.488155,2.598823,0.0,3.538819,0.66683,0.661741,0.498405,0.95,0.943366,1.0,0.017153,4.860087,0.595925,2.622842,0.0,,,0.08759,0.00507,100,speed
100 / lvo / onset + benchmark,lvo,188.5,0.300892,0.028386,0.454545,0.828872,0.5,0.993151,0.958621,1.0,0.76259,4.502963,0.504986,2.546122,1.078986,3.459833,0.751599,0.828872,0.568493,0.993976,0.987879,1.0,0.06135,4.639404,0.601755,2.562546,1.078633,,,0.300892,0.028386,100,onset + benchmark
100 / nlvo / onset + benchmark,nlvo,649.0,0.129128,0.0,,0.761925,0.351553,0.992933,0.875445,1.0,0.554585,4.756833,0.471618,2.651908,1.232251,3.597859,0.592793,0.761925,0.447205,0.986111,0.932394,1.0,0.0,4.95778,0.571862,2.632956,1.349842,,,0.129128,0.0,100,onset + benchmark
100 / other / onset + benchmark,other,110.0,0.0,0.0,,0.785804,0.503185,0.974684,0.935065,1.0,0.0,4.661667,0.437111,2.504335,1.163775,,,0.785804,0.630573,0.989899,0.908163,1.0,0.0,4.874877,0.579464,2.687722,1.270666,,,0.0,0.0,100,onset + benchmark
100 / mixed / onset + benchmark,mixed,947.5,0.153135,0.006251,0.454545,0.783802,0.405104,0.990157,0.908549,1.0,0.536105,4.669071,0.488155,2.598823,1.178851,3.538819,0.66683,0.783802,0.498405,0.9888,0.943366,1.0,0.017153,4.860087,0.595925,2.622842,1.268931,,,0.153135,0.006251,100,onset + benchmark
100 / lvo / speed + benchmark,lvo,188.5,0.268951,0.025352,0.454545,0.774536,0.5,0.95,0.958621,1.0,0.76259,4.502963,0.504986,2.546122,0.0,3.459833,0.751599,0.774536,0.568493,0.95,0.987879,1.0,0.06135,4.639404,0.601755,2.562546,0.0,,,0.268951,0.025352,100,speed + benchmark
100 / nlvo / speed + benchmark,nlvo,649.0,0.100562,0.0,,0.620185,0.351553,0.95,0.875445,1.0,0.554585,4.756833,0.471618,2.651908,0.0,3.597859,0.592793,0.620185,0.447205,0.95,0.932394,1.0,0.0,4.95778,0.571862,2.632956,0.0,,,0.100562,0.0,100,speed + benchmark
100 / other / speed + benchmark,other,110.0,0.0,0.0,,0.713636,0.503185,0.95,0.935065,1.0,0.0,4.661667,0.437111,2.504335,0.0,,,0.713636,0.630573,0.95,0.908163,1.0,0.0,4.874877,0.579464,2.687722,0.0,,,0.0,0.0,100,speed + benchmark
100 / mixed / speed + benchmark,mixed,947.5,0.124044,0.00507,0.454545,0.661741,0.405104,0.95,0.908549,1.0,0.536105,4.669071,0.488155,2.598823,0.0,3.538819,0.66683,0.661741,0.498405,0.95,0.943366,1.0,0.017153,4.860087,0.595925,2.622842,0.0,,,0.124044,0.00507,100,speed + benchmark
100 / lvo / speed + onset,lvo,188.5,0.20093,0.02713,0.454545,0.828872,0.5,0.95,0.958621,1.0,0.532374,4.502963,0.504986,2.546122,0.0,3.459833,0.751599,0.828872,0.568493,0.95,0.987879,1.0,0.06135,4.639404,0.601755,2.562546,0.0,,,0.20093,0.02713,100,speed + onset
100 / nlvo / speed + onset,nlvo,649.0,0.089651,0.0,,0.761925,0.351553,0.95,0.875445,1.0,0.402439,4.756833,0.471618,2.651908,0.0,3.597859,0.592793,0.761925,0.447205,0.95,0.932394,1.0,0.0,4.95778,0.571862,2.632956,0.0,,,0.089651,0.0,100,speed + onset
100 / other / speed + onset,other,110.0,0.0,0.0,,0.785804,0.503185,0.95,0.935065,1.0,0.0,4.661667,0.437111,2.504335,0.0,,,0.785804,0.630573,0.95,0.908163,1.0,0.0,4.874877,0.579464,2.687722,0.0,,,0.0,0.0,100,speed + onset
100 / mixed / speed + onset,mixed,947.5,0.103747,0.006005,0.454545,0.783802,0.405104,0.95,0.908549,1.0,0.378556,4.669071,0.488155,2.598823,0.0,3.538819,0.66683,0.783802,0.498405,0.95,0.943366,1.0,0.017153,4.860087,0.595925,2.622842,0.0,,,0.103747,0.006005,100,speed + onset
100 / lvo / speed + onset + benchmark,lvo,188.5,0.287819,0.02713,0.454545,0.828872,0.5,0.95,0.958621,1.0,0.76259,4.502963,0.504986,2.546122,0.0,3.459833,0.751599,0.828872,0.568493,0.95,0.987879,1.0,0.06135,4.639404,0.601755,2.562546,0.0,,,0.287819,0.02713,100,speed + onset + benchmark
100 / nlvo / speed + onset + benchmark,nlvo,649.0,0.123545,0.0,,0.761925,0.351553,0.95,0.875445,1.0,0.554585,4.756833,0.471618,2.651908,0.0,3.597859,0.592793,0.761925,0.447205,0.95,0.932394,1.0,0.0,4.95778,0.571862,2.632956,0.0,,,0.123545,0.0,100,speed + onset + benchmark
100 / other / speed + onset + benchmark,other,110.0,0.0,0.0,,0.785804,0.503185,0.95,0.935065,1.0,0.0,4.661667,0.437111,2.504335,0.0,,,0.785804,0.630573,0.95,0.908163,1.0,0.0,4.874877,0.579464,2.687722,0.0,,,0.0,0.0,100,speed + onset + benchmark
100 / mixed / speed + onset + benchmark,mixed,947.5,0.146925,0.006005,0.454545,0.783802,0.405104,0.95,0.908549,1.0,0.536105,4.669071,0.488155,2.598823,0.0,3.538819,0.66683,0.783802,0.498405,0.95,0.943366,1.0,0.017153,4.860087,0.595925,2.622842,0.0,,,0.146925,0.006005,100,speed + onset + benchmark
101 / lvo / base,lvo,114.0,0.342105,0.004386,1.0,0.570175,0.846154,0.972727,0.915888,1.0,0.663265,4.576461,0.489498,3.131419,0.769281,3.122351,0.581716,0.570175,0.9,0.974359,0.973684,1.0,0.009009,4.638713,0.535647,3.181268,0.808512,,,0.285087,0.004386,101,base
101 / nlvo / base,nlvo,353.5,0.152758,0.0,,0.499293,0.725212,0.949219,0.843621,1.0,0.502439,4.662921,0.573676,3.578301,0.809835,3.008606,0.827162,0.499293,0.84136,0.983165,0.880137,1.0,0.0,4.802215,0.637793,3.732652,0.901254,,,0.145686,0.0,101,base
101 / other / base,other,62.5,0.0,0.0,,0.544,0.779412,0.943396,0.84,1.0,0.0,4.559618,0.504664,3.097253,0.893103,,,0.544,0.838235,0.982456,0.982143,1.0,0.0,4.630427,0.551794,3.209976,0.985085,,,0.0,0.0,101,base
101 / mixed / base,mixed,530.0,0.175472,0.000943,1.0,0.519811,0.760436,0.954654,0.8625,1.0,0.486957,4.627156,0.544952,3.398629,0.838532,3.052614,0.742067,0.519811,0.854809,0.980892,0.915584,1.0,0.002364,4.74081,0.608056,3.533242,0.925878,,,0.158491,0.000943,101,base
101 / lvo / benchmark,lvo,114.0,0.311403,0.004386,1.0,0.570175,0.846154,0.972727,0.915888,1.0,0.72449,4.576461,0.489498,3.131419,0.769281,3.122351,0.581716,0.570175,0.9,0.974359,0.973684,1.0,0.009009,4.638713,0.535647,3.181268,0.808512,,,0.311403,0.004386,101,benchmark
101 / nlvo / benchmark,nlvo,353.5,0.158159,0.0,,0.499293,0.725212,0.949219,0.843621,1.0,0.545455,4.662921,0.573676,3.578301,0.809835,3.008606,0.827162,0.499293,0.84136,0.983165,0.880137,1.0,0.0,4.802215,0.637793,3.732652,0.901254,,,0.158159,0.0,101,benchmark
101 / other / benchmark,other,62.5,0.0,0.0,,0.544,0.779412,0.943396,0.84,1.0,0.0,4.559618,0.504664,3.097253,0.893103,,,0.544,0.838235,0.982456,0.982143,1.0,0.0,4.630427,0.551794,3.209976,0.985085,,,0.0,0.0,101,benchmark
101 / mixed / benchmark,mixed,530.0,0.173585,0.000943,1.0,0.519811,0.760436,0.954654,0.8625,1.0,0.533333,4.627156,0.544952,3.398629,0.838532,3.052614,0.742067,0.519811,0.854809,0.980892,0.915584,1.0,0.002364,4.74081,0.608056,3.533242,0.925878,,,0.173585,0.000943,101,benchmark
101 / lvo / onset,lvo,114.0,0.414436,0.006376,1.0,0.828872,0.846154,0.972727,0.915888,1.0,0.663265,4.576461,0.489498,3.131419,0.769281,3.122351,0.581716,0.828872,0.9,0.974359,0.973684,1.0,0.009009,4.638713,0.535647,3.181268,0.808512,,,0.414436,0.006376,101,onset
101 / nlvo / onset,nlvo,353.5,0.222318,0.0,,0.761925,0.725212,0.949219,0.843621,1.0,0.502439,4.662921,0.573676,3.578301,0.809835,3.008606,0.827162,0.761925,0.84136,0.983165,0.880137,1.0,0.0,4.802215,0.637793,3.732652,0.901254,,,0.222318,0.0,101,onset
101 / other / onset,other,62.5,0.0,0.0,,0.785804,0.779412,0.943396,0.84,1.0,0.0,4.559618,0.504664,3.097253,0.893103,,,0.785804,0.838235,0.982456,0.982143,1.0,0.0,4.630427,0.551794,3.209976,0.985085,,,0.0,0.0,101,onset
101 / mixed / onset,mixed,530.0,0.238982,0.001422,1.0,0.783802,0.760436,0.954654,0.8625,1.0,0.486957,4.627156,0.544952,3.398629,0.838532,3.052614,0.742067,0.783802,0.854809,0.980892,0.915584,1.0,0.002364,4.74081,0.608056,3.533242,0.925878,,,0.238982,0.001422,101,onset
101 / lvo / speed,lvo,114.0,0.278427,0.004276,1.0,0.570175,0.846154,0.95,0.915888,1.0,0.663265,4.576461,0.489498,2.70805,0.0,3.122351,0.581716,0.570175,0.9,0.95,0.973684,1.0,0.009009,4.638713,0.535647,2.70805,0.0,,,0.278427,0.004276,101,speed
101 / nlvo / speed,nlvo,353.5,0.145806,0.0,,0.499293,0.725212,0.95,0.843621,1.0,0.502439,4.662921,0.573676,2.70805,0.0,3.008606,0.827162,0.499293,0.84136,0.95,0.880137,1.0,0.0,4.802215,0.637793,2.70805,0.0,,,0.145806,0.0,101,speed
101 / other / speed,other,62.5,0.0,0.0,,0.544,0.779412,0.95,0.84,1.0,0.0,4.559618,0.504664,2.70805,0.0,,,0.544,0.838235,0.95,0.982143,1.0,0.0,4.630427,0.551794,2.70805,0.0,,,0.0,0.0,101,speed
101 / mixed / speed,mixed,530.0,0.157718,0.000914,1.0,0.519811,0.760436,0.95,0.8625,1.0,0.486957,4.627156,0.544952,2.70805,0.0,3.052614,0.742067,0.519811,0.854809,0.95,0.915584,1.0,0.002364,4.74081,0.608056,2.70805,0.0,,,0.157718,0.000914,101,speed
101 / lvo / onset + benchmark,lvo,114.0,0.452692,0.006376,1.0,0.828872,0.846154,0.972727,0.915888,1.0,0.72449,4.576461,0.489498,3.131419,0.769281,3.122351,0.581716,0.828872,0.9,0.974359,0.973684,1.0,0.009009,4.638713,0.535647,3.181268,0.808512,,,0.452692,0.006376,101,onset + benchmark
101 / nlvo / onset + benchmark,nlvo,353.5,0.241351,0.0,,0.761925,0.725212,0.949219,0.843621,1.0,0.545455,4.662921,0.573676,3.578301,0.809835,3.008606,0.827162,0.761925,0.84136,0.983165,0.880137,1.0,0.0,4.802215,0.637793,3.732652,0.901254,,,0.241351,0.0,101,onset + benchmark
101 / other / onset + benchmark,other,62.5,0.0,0.0,,0.785804,0.779412,0.943396,0.84,1.0,0.0,4.559618,0.504664,3.097253,0.893103,,,0.785804,0.838235,0.982456,0.982143,1.0,0.0,4.630427,0.551794,3.209976,0.985085,,,0.0,0.0,101,onset + benchmark
101 / mixed / onset + benchmark,mixed,530.0,0.261742,0.001422,1.0,0.783802,0.760436,0.954654,0.8625,1.0,0.533333,4.627156,0.544952,3.398629,0.838532,3.052614,0.742067,0.783802,0.854809,0.980892,0.915584,1.0,0.002364,4.74081,0.608056,3.533242,0.925878,,,0.261742,0.001422,101,onset + benchmark
101 / lvo / speed + benchmark,lvo,114.0,0.304128,0.004276,1.0,0.570175,0.846154,0.95,0.915888,1.0,0.72449,4.576461,0.489498,2.70805,0.0,3.122351,0.581716,0.570175,0.9,0.95,0.973684,1.0,0.009009,4.638713,0.535647,2.70805,0.0,,,0.304128,0.004276,101,speed + benchmark
101 / nlvo / speed + benchmark,nlvo,353.5,0.158289,0.0,,0.499293,0.725212,0.95,0.843621,1.0,0.545455,4.662921,0.573676,2.70805,0.0,3.008606,0.827162,0.499293,0.84136,0.95,0.880137,1.0,0.0,4.802215,0.637793,2.70805,0.0,,,0.158289,0.0,101,speed + benchmark
101 / other / speed + benchmark,other,62.5,0.0,0.0,,0.544,0.779412,0.95,0.84,1.0,0.0,4.559618,0.504664,2.70805,0.0,,,0.544,0.838235,0.95,0.982143,1.0,0.0,4.630427,0.551794,2.70805,0.0,,,0.0,0.0,101,speed + benchmark
101 / mixed / speed + benchmark,mixed,530.0,0.172739,0.000914,1.0,0.519811,0.760436,0.95,0.8625,1.0,0.533333,4.627156,0.544952,2.70805,0.0,3.052614,0.742067,0.519811,0.854809,0.95,0.915584,1.0,0.002364,4.74081,0.608056,2.70805,0.0,,,0.172739,0.000914,101,speed + benchmark
101 / lvo / speed + onset,lvo,114.0,0.404753,0.006217,1.0,0.828872,0.846154,0.95,0.915888,1.0,0.663265,4.576461,0.489498,2.70805,0.0,3.122351,0.581716,0.828872,0.9,0.95,0.973684,1.0,0.009009,4.638713,0.535647,2.70805,0.0,,,0.404753,0.006217,101,speed + onset
101 / nlvo / speed + onset,nlvo,353.5,0.222501,0.0,,0.761925,0.725212,0.95,0.843621,1.0,0.502439,4.662921,0.573676,2.70805,0.0,3.008606,0.827162,0.761925,0.84136,0.95,0.880137,1.0,0.0,4.802215,0.637793,2.70805,0.0,,,0.222501,0.0,101,speed + onset
101 / other / speed + onset,other,62.5,0.0,0.0,,0.785804,0.779412,0.95,0.84,1.0,0.0,4.559618,0.504664,2.70805,0.0,,,0.785804,0.838235,0.95,0.982143,1.0,0.0,4.630427,0.551794,2.70805,0.0,,,0.0,0.0,101,speed + onset
101 / mixed / speed + onset,mixed,530.0,0.237817,0.001378,1.0,0.783802,0.760436,0.95,0.8625,1.0,0.486957,4.627156,0.544952,2.70805,0.0,3.052614,0.742067,0.783802,0.854809,0.95,0.915584,1.0,0.002364,4.74081,0.608056,2.70805,0.0,,,0.237817,0.001378,101,speed + onset
101 / lvo / speed + onset + benchmark,lvo,114.0,0.442115,0.006217,1.0,0.828872,0.846154,0.95,0.915888,1.0,0.72449,4.576461,0.489498,2.70805,0.0,3.122351,0.581716,0.828872,0.9,0.95,0.973684,1.0,0.009009,4.638713,0.535647,2.70805,0.0,,,0.442115,0.006217,101,speed + onset + benchmark
101 / nlvo / speed + onset + benchmark,nlvo,353.5,0.24155,0.0,,0.761925,0.725212,0.95,0.843621,1.0,0.545455,4.662921,0.573676,2.70805,0.0,3.008606,0.827162,0.761925,0.84136,0.95,0.880137,1.0,0.0,4.802215,0.637793,2.70805,0.0,,,0.24155,0.0,101,speed + onset + benchmark
101 / other / speed + onset + benchmark,other,62.5,0.0,0.0,,0.785804,0.779412,0.95,0.84,1.0,0.0,4.559618,0.504664,2.70805,0.0,,,0.785804,0.838235,0.95,0.982143,1.0,0.0,4.630427,0.551794,2.70805,0.0,,,0.0,0.0,101,speed + onset + benchmark
101 / mixed / speed + onset + benchmark,mixed,530.0,0.260465,0.001378,1.0,0.783802,0.760436,0.95,0.8625,1.0,0.533333,4.627156,0.544952,2.70805,0.0,3.052614,0.742067,0.783802,0.854809,0.95,0.915584,1.0,0.002364,4.74081,0.608056,2.70805,0.0,,,0.260465,0.001378,101,speed + onset + benchmark
102 / lvo / base,lvo,15.5,0.354839,0.0,,0.870968,0.740741,1.0,0.95,1.0,0.526316,4.818347,0.398967,1.760961,0.999914,,,0.870968,0.777778,1.0,1.0,1.0,0.0,4.855494,0.424491,1.776127,0.97707,,,0.322581,0.0,102,base
102 / nlvo / base,nlvo,63.0,0.246032,0.0,,0.81746,0.466019,0.958333,0.934783,1.0,0.697674,4.680952,0.641004,2.222615,1.235919,3.722887,0.658384,0.81746,0.601942,0.967742,0.95,1.0,0.0,4.912965,0.712264,2.193703,1.162127,,,0.238095,0.0,102,base
102 / other / base,other,14.0,0.0,0.0,,0.857143,0.458333,1.0,1.0,1.0,0.0,4.751823,0.327778,2.113855,1.118806,,,0.857143,0.541667,1.0,0.923077,1.0,0.0,4.878344,0.431419,2.319936,1.490068,,,0.0,0.0,102,base
102 / mixed / base,mixed,92.5,0.227027,0.0,,0.832432,0.512987,0.974684,0.948052,1.0,0.547945,4.725604,0.551056,2.087168,1.165464,3.723999,0.649198,0.832432,0.623377,0.979167,0.957447,1.0,0.0,4.895705,0.622729,2.117872,1.176596,,,0.216216,0.0,102,base
102 / lvo / benchmark,lvo,15.5,0.354839,0.0,,0.870968,0.740741,1.0,0.95,1.0,0.578947,4.818347,0.398967,1.760961,0.999914,,,0.870968,0.777778,1.0,1.0,1.0,0.0,4.855494,0.424491,1.776127,0.97707,,,0.354839,0.0,102,benchmark
102 / nlvo / benchmark,nlvo,63.0,0.221825,0.0,,0.81746,0.466019,0.958333,0.934783,1.0,0.65,4.680952,0.641004,2.222615,1.235919,3.722887,0.658384,0.81746,0.601942,0.967742,0.95,1.0,0.0,4.912965,0.712264,2.193703,1.162127,,,0.221825,0.0,102,benchmark
102 / other / benchmark,other,14.0,0.0,0.0,,0.857143,0.458333,1.0,1.0,1.0,0.0,4.751823,0.327778,2.113855,1.118806,,,0.857143,0.541667,1.0,0.923077,1.0,0.0,4.878344,0.431419,2.319936,1.490068,,,0.0,0.0,102,benchmark
102 / mixed / benchmark,mixed,92.5,0.210811,0.0,,0.832432,0.512987,0.974684,0.948052,1.0,0.534247,4.725604,0.551056,2.087168,1.165464,3.723999,0.649198,0.832432,0.623377,0.979167,0.957447,1.0,0.0,4.895705,0.622729,2.117872,1.176596,,,0.210811,0.0,102,benchmark
102 / lvo / onset,lvo,15.5,0.322581,0.0,,0.870968,0.740741,1.0,0.95,1.0,0.526316,4.818347,0.398967,1.760961,0.999914,,,0.870968,0.777778,1.0,1.0,1.0,0.0,4.855494,0.424491,1.776127,0.97707,,,0.322581,0.0,102,onset
102 / nlvo / onset,nlvo,63.0,0.238095,0.0,,0.81746,0.466019,0.958333,0.934783,1.0,0.697674,4.680952,0.641004,2.222615,1.235919,3.722887,0.658384,0.81746,0.601942,0.967742,0.95,1.0,0.0,4.912965,0.712264,2.193703,1.162127,,,0.238095,0.0,102,onset
102 / other / onset,other,14.0,0.0,0.0,,0.857143,0.458333,1.0,1.0,1.0,0.0,4.751823,0.327778,2.113855,1.118806,,,0.857143,0.541667,1.0,0.923077,1.0,0.0,4.878344,0.431419,2.319936,1.490068,,,0.0,0.0,102,onset
102 / mixed / onset,mixed,92.5,0.216216,0.0,,0.832432,0.512987,0.974684,0.948052,1.0,0.547945,4.725604,0.551056,2.087168,1.165464,3.723999,0.649198,0.832432,0.623377,0.979167,0.957447,1.0,0.0,4.895705,0.622729,2.117872,1.176596,,,0.216216,0.0,102,onset
102 / lvo / speed,lvo,15.5,0.306452,0.0,,0.870968,0.740741,0.95,0.95,1.0,0.526316,4.818347,0.398967,1.760961,0.0,,,0.870968,0.777778,0.95,1.0,1.0,0.0,4.855494,0.424491,1.776127,0.0,,,0.306452,0.0,102,speed
102 / nlvo / speed,nlvo,63.0,0.236024,0.0,,0.81746,0.466019,0.95,0.934783,1.0,0.697674,4.680952,0.641004,2.222615,0.0,3.722887,0.658384,0.81746,0.601942,0.95,0.95,1.0,0.0,4.912965,0.712264,2.193703,0.0,,,0.236024,0.0,102,speed
102 / other / speed,other,14.0,0.0,0.0,,0.857143,0.458333,0.95,1.0,1.0,0.0,4.751823,0.327778,2.113855,0.0,,,0.857143,0.541667,0.95,0.923077,1.0,0.0,4.878344,0.431419,2.319936,0.0,,,0.0,0.0,102,speed
102 / mixed / speed,mixed,92.5,0.21074,0.0,,0.832432,0.512987,0.95,0.948052,1.0,0.547945,4.725604,0.551056,2.087168,0.0,3.723999,0.649198,0.832432,0.623377,0.95,0.957447,1.0,0.0,4.895705,0.622729,2.117872,0.0,,,0.21074,0.0,102,speed
102 / lvo / onset + benchmark,lvo,15.5,0.354839,0.0,,0.870968,0.740741,1.0,0.95,1.0,0.578947,4.818347,0.398967,1.760961,0.999914,,,0.870968,0.777778,1.0,1.0,1.0,0.0,4.855494,0.424491,1.776127,0.97707,,,0.354839,0.0,102,onset + benchmark
102 / nlvo / onset + benchmark,nlvo,63.0,0.221825,0.0,,0.81746,0.466019,0.958333,0.934783,1.0,0.65,4.680952,0.641004,2.222615,1.235919,3.722887,0.658384,0.81746,0.601942,0.967742,0.95,1.0,0.0,4.912965,0.712264,2.193703,1.162127,,,0.221825,0.0,102,onset + benchmark
102 / other / onset + benchmark,other,14.0,0.0,0.0,,0.857143,0.458333,1.0,1.0,1.0,0.0,4.751823,0.327778,2.113855,1.118806,,,0.857143,0.541667,1.0,0.923077,1.0,0.0,4.878344,0.431419,2.319936,1.490068,,,0.0,0.0,102,onset + benchmark
102 / mixed / onset + benchmark,mixed,92.5,0.210811,0.0,,0.832432,0.512987,0.974684,0.948052,1.0,0.534247,4.725604,0.551056,2.087168,1.165464,3.723999,0.649198,0.832432,0.623377,0.979167,0.957447,1.0,0.0,4.895705,0.622729,2.117872,1.176596,,,0.210811,0.0,102,onset + benchmark
102 / lvo / speed + benchmark,lvo,15.5,0.337097,0.0,,0.870968,0.740741,0.95,0.95,1.0,0.578947,4.818347,0.398967,1.760961,0.0,,,0.870968,0.777778,0.95,1.0,1.0,0.0,4.855494,0.424491,1.776127,0.0,,,0.337097,0.0,102,speed + benchmark
102 / nlvo / speed + benchmark,nlvo,63.0,0.219896,0.0,,0.81746,0.466019,0.95,0.934783,1.0,0.65,4.680952,0.641004,2.222615,0.0,3.722887,0.658384,0.81746,0.601942,0.95,0.95,1.0,0.0,4.912965,0.712264,2.193703,0.0,,,0.219896,0.0,102,speed + benchmark
102 / other / speed + benchmark,other,14.0,0.0,0.0,,0.857143,0.458333,0.95,1.0,1.0,0.0,4.751823,0.327778,2.113855,0.0,,,0.857143,0.541667,0.95,0.923077,1.0,0.0,4.878344,0.431419,2.319936,0.0,,,0.0,0.0,102,speed + benchmark
102 / mixed / speed + benchmark,mixed,92.5,0.205472,0.0,,0.832432,0.512987,0.95,0.948052,1.0,0.534247,4.725604,0.551056,2.087168,0.0,3.723999,0.649198,0.832432,0.623377,0.95,0.957447,1.0,0.0,4.895705,0.622729,2.117872,0.0,,,0.205472,0.0,102,speed + benchmark
102 / lvo / speed + onset,lvo,15.5,0.306452,0.0,,0.870968,0.740741,0.95,0.95,1.0,0.526316,4.818347,0.398967,1.760961,0.0,,,0.870968,0.777778,0.95,1.0,1.0,0.0,4.855494,0.424491,1.776127,0.0,,,0.306452,0.0,102,speed + onset
102 / nlvo / speed + onset,nlvo,63.0,0.236024,0.0,,0.81746,0.466019,0.95,0.934783,1.0,0.697674,4.680952,0.641004,2.222615,0.0,3.722887,0.658384,0.81746,0.601942,0.95,0.95,1.0,0.0,4.912965,0.712264,2.193703,0.0,,,0.236024,0.0,102,speed + onset
102 / other / speed + onset,other,14.0,0.0,0.0,,0.857143,0.458333,0.95,1.0,1.0,0.0,4.751823,0.327778,2.113855,0.0,,,0.857143,0.541667,0.95,0.923077,1.0,0.0,4.878344,0.431419,2.319936,0.0,,,0.0,0.0,102,speed + onset
102 / mixed / speed + onset,mixed,92.5,0.21074,0.0,,0.832432,0.512987,0.95,0.948052,1.0,0.547945,4.725604,0.551056,2.087168,0.0,3.723999,0.649198,0.832432,0.623377,0.95,0.957447,1.0,0.0,4.895705,0.622729,2.117872,0.0,,,0.21074,0.0,102,speed + onset
102 / lvo / speed + onset + benchmark,lvo,15.5,0.337097,0.0,,0.870968,0.740741,0.95,0.95,1.0,0.578947,4.818347,0.398967,1.760961,0.0,,,0.870968,0.777778,0.95,1.0,1.0,0.0,4.855494,0.424491,1.776127,0.0,,,0.337097,0.0,102,speed + onset + benchmark
102 / nlvo / speed + onset + benchmark,nlvo,63.0,0.219896,0.0,,0.81746,0.466019,0.95,0.934783,1.0,0.65,4.680952,0.641004,2.222615,0.0,3.722887,0.658384,0.81746,0.601942,0.95,0.95,1.0,0.0,4.912965,0.712264,2.193703,0.0,,,0.219896,0.0,102,speed + onset + benchmark
102 / other / speed + onset + benchmark,other,14.0,0.0,0.0,,0.857143,0.458333,0.95,1.0,1.0,0.0,4.751823,0.327778,2.113855,0.0,,,0.857143,0.541667,0.95,0.923077,1.0,0.0,4.878344,0.431419,2.319936,0.0,,,0.0,0.0,102,speed + onset + benchmark
102 / mixed / speed + onset + benchmark,mixed,92.5,0.205472,0.0,,0.832432,0.512987,0.95,0.948052,1.0,0.534247,4.725604,0.551056,2.087168,0.0,3.723999,0.649198,0.832432,0.623377,0.95,0.957447,1.0,0.0,4.895705,0.622729,2.117872,0.0,,,0.205472,0.0,102,speed + onset + benchmark
103 / lvo / base,lvo,91.0,0.269231,0.027473,1.0,0.681319,0.701613,0.977011,0.929412,1.0,0.607595,4.383274,0.683873,3.135199,0.58782,3.828351,0.527696,0.681319,0.798387,0.989899,0.938776,1.0,0.054348,4.538058,0.766761,3.218369,0.686221,,,0.263736,0.027473,103,base
103 / nlvo / base,nlvo,322.0,0.124224,0.006211,1.0,0.630435,0.586207,0.957983,0.877193,1.0,0.385,4.508574,0.614231,3.592406,0.656973,3.589591,0.560698,0.630435,0.669951,0.966912,0.927757,1.0,0.016393,4.654439,0.693993,3.652422,0.725708,,,0.119565,0.006211,103,base
103 / other / base,other,74.0,0.0,0.0,,0.702703,0.778846,0.975309,0.911392,1.0,0.0,4.559633,0.589009,3.387177,0.734302,,,0.702703,0.855769,0.977528,0.908046,1.0,0.0,4.665273,0.656366,3.440244,0.737642,,,0.0,0.0,103,base
103 / mixed / base,mixed,487.0,0.132444,0.00924,1.0,0.650924,0.640379,0.965517,0.895408,1.0,0.356125,4.491911,0.626286,3.451907,0.683036,3.681275,0.558413,0.650924,0.725552,0.973913,0.926339,1.0,0.021687,4.631488,0.70349,3.516269,0.739625,,,0.128337,0.00924,103,base
103 / lvo / benchmark,lvo,91.0,0.258242,0.027473,1.0,0.681319,0.701613,0.977011,0.929412,1.0,0.594937,4.383274,0.683873,3.135199,0.58782,3.828351,0.527696,0.681319,0.798387,0.989899,0.938776,1.0,0.054348,4.538058,0.766761,3.218369,0.686221,,,0.258242,0.027473,103,benchmark
103 / nlvo / benchmark,nlvo,322.0,0.098071,0.006211,1.0,0.630435,0.586207,0.957983,0.877193,1.0,0.315789,4.508574,0.614231,3.592406,0.656973,3.589591,0.560698,0.630435,0.669951,0.966912,0.927757,1.0,0.016393,4.654439,0.693993,3.652422,0.725708,,,0.098071,0.006211,103,benchmark
103 / other / benchmark,other,74.0,0.0,0.0,,0.702703,0.778846,0.975309,0.911392,1.0,0.0,4.559633,0.589009,3.387177,0.734302,,,0.702703,0.855769,0.977528,0.908046,1.0,0.0,4.665273,0.656366,3.440244,0.737642,,,0.0,0.0,103,benchmark
103 / mixed / benchmark,mixed,487.0,0.116016,0.00924,1.0,0.650924,0.640379,0.965517,0.895408,1.0,0.321937,4.491911,0.626286,3.451907,0.683036,3.681275,0.558413,0.650924,0.725552,0.973913,0.926339,1.0,0.021687,4.631488,0.70349,3.516269,0.739625,,,0.116016,0.00924,103,benchmark
103 / lvo / onset,lvo,91.0,0.320854,0.033422,1.0,0.828872,0.701613,0.977011,0.929412,1.0,0.607595,4.383274,0.683873,3.135199,0.58782,3.828351,0.527696,0.828872,0.798387,0.989899,0.938776,1.0,0.054348,4.538058,0.766761,3.218369,0.686221,,,0.320854,0.033422,103,onset
103 / nlvo / onset,nlvo,322.0,0.144503,0.007506,1.0,0.761925,0.586207,0.957983,0.877193,1.0,0.385,4.508574,0.614231,3.592406,0.656973,3.589591,0.560698,0.761925,0.669951,0.966912,0.927757,1.0,0.016393,4.654439,0.693993,3.652422,0.725708,,,0.144503,0.007506,103,onset
103 / other / onset,other,74.0,0.0,0.0,,0.785804,0.778846,0.975309,0.911392,1.0,0.0,4.559633,0.589009,3.387177,0.734302,,,0.785804,0.855769,0.977528,0.908046,1.0,0.0,4.665273,0.656366,3.440244,0.737642,,,0.0,0.0,103,onset
103 / mixed / onset,mixed,487.0,0.154535,0.011127,1.0,0.783802,0.640379,0.965517,0.895408,1.0,0.356125,4.491911,0.626286,3.451907,0.683036,3.681275,0.558413,0.783802,0.725552,0.973913,0.926339,1.0,0.021687,4.631488,0.70349,3.516269,0.739625,,,0.154535,0.011127,103,onset
103 / lvo / speed,lvo,91.0,0.256445,0.026365,1.0,0.681319,0.701613,0.95,0.929412,1.0,0.607595,4.383274,0.683873,2.70805,0.0,3.828351,0.527696,0.681319,0.798387,0.95,0.938776,1.0,0.054348,4.538058,0.766761,2.70805,0.0,,,0.256445,0.026365,103,speed
103 / nlvo / speed,nlvo,322.0,0.118569,0.006102,1.0,0.630435,0.586207,0.95,0.877193,1.0,0.385,4.508574,0.614231,2.70805,0.0,3.589591,0.560698,0.630435,0.669951,0.95,0.927757,1.0,0.016393,4.654439,0.693993,2.70805,0.0,,,0.118569,0.006102,103,speed
103 / other / speed,other,74.0,0.0,0.0,,0.702703,0.778846,0.95,0.911392,1.0,0.0,4.559633,0.589009,2.70805,0.0,,,0.702703,0.855769,0.95,0.908046,1.0,0.0,4.665273,0.656366,2.70805,0.0,,,0.0,0.0,103,speed
103 / mixed / speed,mixed,487.0,0.126274,0.009013,1.0,0.650924,0.640379,0.95,0.895408,1.0,0.356125,4.491911,0.626286,2.70805,0.0,3.681275,0.558413,0.650924,0.725552,0.95,0.926339,1.0,0.021687,4.631488,0.70349,2.70805,0.0,,,0.126274,0.009013,103,speed
103 / lvo / onset + benchmark,lvo,91.0,0.314169,0.033422,1.0,0.828872,0.701613,0.977011,0.929412,1.0,0.594937,4.383274,0.683873,3.135199,0.58782,3.828351,0.527696,0.828872,0.798387,0.989899,0.938776,1.0,0.054348,4.538058,0.766761,3.218369,0.686221,,,0.314169,0.033422,103,onset + benchmark
103 / nlvo / onset + benchmark,nlvo,322.0,0.118526,0.007506,1.0,0.761925,0.586207,0.957983,0.877193,1.0,0.315789,4.508574,0.614231,3.592406,0.656973,3.589591,0.560698,0.761925,0.669951,0.966912,0.927757,1.0,0.016393,4.654439,0.693993,3.652422,0.725708,,,0.118526,0.007506,103,onset + benchmark
103 / other / onset + benchmark,other,74.0,0.0,0.0,,0.785804,0.778846,0.975309,0.911392,1.0,0.0,4.559633,0.589009,3.387177,0.734302,,,0.785804,0.855769,0.977528,0.908046,1.0,0.0,4.665273,0.656366,3.440244,0.737642,,,0.0,0.0,103,onset + benchmark
103 / mixed / onset + benchmark,mixed,487.0,0.1397,0.011127,1.0,0.783802,0.640379,0.965517,0.895408,1.0,0.321937,4.491911,0.626286,3.451907,0.683036,3.681275,0.558413,0.783802,0.725552,0.973913,0.926339,1.0,0.021687,4.631488,0.70349,3.516269,0.739625,,,0.1397,0.011127,103,onset + benchmark
103 / lvo / speed + benchmark,lvo,91.0,0.251102,0.026365,1.0,0.681319,0.701613,0.95,0.929412,1.0,0.594937,4.383274,0.683873,2.70805,0.0,3.828351,0.527696,0.681319,0.798387,0.95,0.938776,1.0,0.054348,4.538058,0.766761,2.70805,0.0,,,0.251102,0.026365,103,speed + benchmark
103 / nlvo / speed + benchmark,nlvo,322.0,0.097254,0.006102,1.0,0.630435,0.586207,0.95,0.877193,1.0,0.315789,4.508574,0.614231,2.70805,0.0,3.589591,0.560698,0.630435,0.669951,0.95,0.927757,1.0,0.016393,4.654439,0.693993,2.70805,0.0,,,0.097254,0.006102,103,speed + benchmark
103 / other / speed + benchmark,other,74.0,0.0,0.0,,0.702703,0.778846,0.95,0.911392,1.0,0.0,4.559633,0.589009,2.70805,0.0,,,0.702703,0.855769,0.95,0.908046,1.0,0.0,4.665273,0.656366,2.70805,0.0,,,0.0,0.0,103,speed + benchmark
103 / mixed / speed + benchmark,mixed,487.0,0.114152,0.009013,1.0,0.650924,0.640379,0.95,0.895408,1.0,0.321937,4.491911,0.626286,2.70805,0.0,3.681275,0.558413,0.650924,0.725552,0.95,0.926339,1.0,0.021687,4.631488,0.70349,2.70805,0.0,,,0.114152,0.009013,103,speed + benchmark
103 / lvo / speed + onset,lvo,91.0,0.311983,0.032075,1.0,0.828872,0.701613,0.95,0.929412,1.0,0.607595,4.383274,0.683873,2.70805,0.0,3.828351,0.527696,0.828872,0.798387,0.95,0.938776,1.0,0.054348,4.538058,0.766761,2.70805,0.0,,,0.311983,0.032075,103,speed + onset
103 / nlvo / speed + onset,nlvo,322.0,0.143299,0.007375,1.0,0.761925,0.586207,0.95,0.877193,1.0,0.385,4.508574,0.614231,2.70805,0.0,3.589591,0.560698,0.761925,0.669951,0.95,0.927757,1.0,0.016393,4.654439,0.693993,2.70805,0.0,,,0.143299,0.007375,103,speed + onset
103 / other / speed + onset,other,74.0,0.0,0.0,,0.785804,0.778846,0.95,0.911392,1.0,0.0,4.559633,0.589009,2.70805,0.0,,,0.785804,0.855769,0.95,0.908046,1.0,0.0,4.665273,0.656366,2.70805,0.0,,,0.0,0.0,103,speed + onset
103 / mixed / speed + onset,mixed,487.0,0.152051,0.010853,1.0,0.783802,0.640379,0.95,0.895408,1.0,0.356125,4.491911,0.626286,2.70805,0.0,3.681275,0.558413,0.783802,0.725552,0.95,0.926339,1.0,0.021687,4.631488,0.70349,2.70805,0.0,,,0.152051,0.010853,103,speed + onset
103 / lvo / speed + onset + benchmark,lvo,91.0,0.305483,0.032075,1.0,0.828872,0.701613,0.95,0.929412,1.0,0.594937,4.383274,0.683873,2.70805,0.0,3.828351,0.527696,0.828872,0.798387,0.95,0.938776,1.0,0.054348,4.538058,0.766761,2.70805,0.0,,,0.305483,0.032075,103,speed + onset + benchmark
103 / nlvo / speed + onset + benchmark,nlvo,322.0,0.117538,0.007375,1.0,0.761925,0.586207,0.95,0.877193,1.0,0.315789,4.508574,0.614231,2.70805,0.0,3.589591,0.560698,0.761925,0.669951,0.95,0.927757,1.0,0.016393,4.654439,0.693993,2.70805,0.0,,,0.117538,0.007375,103,speed + onset + benchmark
103 / other / speed + onset + benchmark,other,74.0,0.0,0.0,,0.785804,0.778846,0.95,0.911392,1.0,0.0,4.559633,0.589009,2.70805,0.0,,,0.785804,0.855769,0.95,0.908046,1.0,0.0,4.665273,0.656366,2.70805,0.0,,,0.0,0.0,103,speed + onset + benchmark
103 / mixed / speed + onset + benchmark,mixed,487.0,0.137455,0.010853,1.0,0.783802,0.640379,0.95,0.895408,1.0,0.321937,4.491911,0.626286,2.70805,0.0,3.681275,0.558413,0.783802,0.725552,0.95,0.926339,1.0,0.021687,4.631488,0.70349,2.70805,0.0,,,0.137455,0.010853,103,speed + onset + benchmark
104 / lvo / base,lvo,46.5,0.430108,0.193548,0.666667,0.827957,0.909091,0.985714,0.927536,1.0,0.625,4.474418,0.461901,3.232746,0.849043,2.520921,0.913329,0.827957,0.922078,1.0,1.0,1.0,0.225352,4.489165,0.475126,3.26153,0.880084,4.614265,0.752572,0.430107,0.172043,104,base
104 / nlvo / base,nlvo,262.5,0.213333,0.028571,0.666667,0.830476,0.479358,0.990431,0.922705,1.0,0.570681,4.668185,0.446376,2.989082,0.885689,2.636511,0.912117,0.830476,0.561927,0.991837,0.946502,1.0,0.06087,4.814558,0.545233,3.035791,0.979121,4.558403,0.619757,0.207619,0.026667,104,base
104 / other / base,other,31.0,0.0,0.0,,0.83871,0.615385,0.96875,0.935484,1.0,0.0,4.563327,0.405291,3.283778,0.705666,,,0.83871,0.711538,1.0,0.918919,1.0,0.0,4.716676,0.544771,3.289813,0.977507,,,0.0,0.0,104,base
104 / mixed / base,mixed,340.0,0.223529,0.048529,0.666667,0.830882,0.550442,0.987138,0.925081,1.0,0.524648,4.613783,0.45194,3.073605,0.86725,2.60548,0.910803,0.830882,0.624779,0.994334,0.954416,1.0,0.089552,4.738851,0.545828,3.108231,0.963299,4.588196,0.682593,0.219117,0.044118,104,base
104 / lvo / benchmark,lvo,46.5,0.419355,0.172043,0.666667,0.827957,0.909091,0.985714,0.927536,1.0,0.609375,4.474418,0.461901,3.232746,0.849043,2.520921,0.913329,0.827957,0.922078,1.0,1.0,1.0,0.225352,4.489165,0.475126,3.26153,0.880084,4.614265,0.752572,0.419355,0.172043,104,benchmark
104 / nlvo / benchmark,nlvo,262.5,0.19698,0.026667,0.666667,0.830476,0.479358,0.990431,0.922705,1.0,0.541436,4.668185,0.446376,2.989082,0.885689,2.636511,0.912117,0.830476,0.561927,0.991837,0.946502,1.0,0.06087,4.814558,0.545233,3.035791,0.979121,4.558403,0.619757,0.19698,0.026667,104,benchmark
104 / other / benchmark,other,31.0,0.0,0.0,,0.83871,0.615385,0.96875,0.935484,1.0,0.0,4.563327,0.405291,3.283778,0.705666,,,0.83871,0.711538,1.0,0.918919,1.0,0.0,4.716676,0.544771,3.289813,0.977507,,,0.0,0.0,104,benchmark
104 / mixed / benchmark,mixed,340.0,0.214705,0.044118,0.666667,0.830882,0.550442,0.987138,0.925081,1.0,0.514085,4.613783,0.45194,3.073605,0.86725,2.60548,0.910803,0.830882,0.624779,0.994334,0.954416,1.0,0.089552,4.738851,0.545828,3.108231,0.963299,4.588196,0.682593,0.214705,0.044118,104,benchmark
104 / lvo / onset,lvo,46.5,0.430583,0.172233,0.666667,0.828872,0.909091,0.985714,0.927536,1.0,0.625,4.474418,0.461901,3.232746,0.849043,2.520921,0.913329,0.828872,0.922078,1.0,1.0,1.0,0.225352,4.489165,0.475126,3.26153,0.880084,4.614265,0.752572,0.430583,0.172233,104,onset
104 / nlvo / onset,nlvo,262.5,0.207619,0.026667,0.666667,0.830476,0.479358,0.990431,0.922705,1.0,0.570681,4.668185,0.446376,2.989082,0.885689,2.636511,0.912117,0.830476,0.561927,0.991837,0.946502,1.0,0.06087,4.814558,0.545233,3.035791,0.979121,4.558403,0.619757,0.207619,0.026667,104,onset
104 / other / onset,other,31.0,0.0,0.0,,0.83871,0.615385,0.96875,0.935484,1.0,0.0,4.563327,0.405291,3.283778,0.705666,,,0.83871,0.711538,1.0,0.918919,1.0,0.0,4.716676,0.544771,3.289813,0.977507,,,0.0,0.0,104,onset
104 / mixed / onset,mixed,340.0,0.219117,0.044118,0.666667,0.830882,0.550442,0.987138,0.925081,1.0,0.524648,4.613783,0.45194,3.073605,0.86725,2.60548,0.910803,0.830882,0.624779,0.994334,0.954416,1.0,0.089552,4.738851,0.545828,3.108231,0.963299,4.588196,0.682593,0.219117,0.044118,104,onset
104 / lvo / speed,lvo,46.5,0.414524,0.163441,0.666667,0.827957,0.909091,0.95,0.927536,1.0,0.625,4.474418,0.461901,2.70805,0.0,2.520921,0.913329,0.827957,0.922078,0.95,1.0,1.0,0.225352,4.489165,0.475126,2.70805,0.0,4.614265,0.752572,0.414524,0.163441,104,speed
104 / nlvo / speed,nlvo,262.5,0.199144,0.025542,0.666667,0.830476,0.479358,0.95,0.922705,1.0,0.570681,4.668185,0.446376,2.70805,0.0,2.636511,0.912117,0.830476,0.561927,0.95,0.946502,1.0,0.06087,4.814558,0.545233,2.70805,0.0,4.558403,0.619757,0.199144,0.025542,104,speed
104 / other / speed,other,31.0,0.0,0.0,,0.83871,0.615385,0.95,0.935484,1.0,0.0,4.563327,0.405291,2.70805,0.0,,,0.83871,0.711538,0.95,0.918919,1.0,0.0,4.716676,0.544771,2.70805,0.0,,,0.0,0.0,104,speed
104 / mixed / speed,mixed,340.0,0.210874,0.04215,0.666667,0.830882,0.550442,0.95,0.925081,1.0,0.524648,4.613783,0.45194,2.70805,0.0,2.60548,0.910803,0.830882,0.624779,0.95,0.954416,1.0,0.089552,4.738851,0.545828,2.70805,0.0,4.588196,0.682593,0.210874,0.04215,104,speed
104 / lvo / onset + benchmark,lvo,46.5,0.419818,0.172233,0.666667,0.828872,0.909091,0.985714,0.927536,1.0,0.609375,4.474418,0.461901,3.232746,0.849043,2.520921,0.913329,0.828872,0.922078,1.0,1.0,1.0,0.225352,4.489165,0.475126,3.26153,0.880084,4.614265,0.752572,0.419818,0.172233,104,onset + benchmark
104 / nlvo / onset + benchmark,nlvo,262.5,0.19698,0.026667,0.666667,0.830476,0.479358,0.990431,0.922705,1.0,0.541436,4.668185,0.446376,2.989082,0.885689,2.636511,0.912117,0.830476,0.561927,0.991837,0.946502,1.0,0.06087,4.814558,0.545233,3.035791,0.979121,4.558403,0.619757,0.19698,0.026667,104,onset + benchmark
104 / other / onset + benchmark,other,31.0,0.0,0.0,,0.83871,0.615385,0.96875,0.935484,1.0,0.0,4.563327,0.405291,3.283778,0.705666,,,0.83871,0.711538,1.0,0.918919,1.0,0.0,4.716676,0.544771,3.289813,0.977507,,,0.0,0.0,104,onset + benchmark
104 / mixed / onset + benchmark,mixed,340.0,0.214705,0.044118,0.666667,0.830882,0.550442,0.987138,0.925081,1.0,0.514085,4.613783,0.45194,3.073605,0.86725,2.60548,0.910803,0.830882,0.624779,0.994334,0.954416,1.0,0.089552,4.738851,0.545828,3.108231,0.963299,4.588196,0.682593,0.214705,0.044118,104,onset + benchmark
104 / lvo / speed + benchmark,lvo,46.5,0.404161,0.163441,0.666667,0.827957,0.909091,0.95,0.927536,1.0,0.609375,4.474418,0.461901,2.70805,0.0,2.520921,0.913329,0.827957,0.922078,0.95,1.0,1.0,0.225352,4.489165,0.475126,2.70805,0.0,4.614265,0.752572,0.404161,0.163441,104,speed + benchmark
104 / nlvo / speed + benchmark,nlvo,262.5,0.188939,0.025542,0.666667,0.830476,0.479358,0.95,0.922705,1.0,0.541436,4.668185,0.446376,2.70805,0.0,2.636511,0.912117,0.830476,0.561927,0.95,0.946502,1.0,0.06087,4.814558,0.545233,2.70805,0.0,4.558403,0.619757,0.188939,0.025542,104,speed + benchmark
104 / other / speed + benchmark,other,31.0,0.0,0.0,,0.83871,0.615385,0.95,0.935484,1.0,0.0,4.563327,0.405291,2.70805,0.0,,,0.83871,0.711538,0.95,0.918919,1.0,0.0,4.716676,0.544771,2.70805,0.0,,,0.0,0.0,104,speed + benchmark
104 / mixed / speed + benchmark,mixed,340.0,0.206628,0.04215,0.666667,0.830882,0.550442,0.95,0.925081,1.0,0.514085,4.613783,0.45194,2.70805,0.0,2.60548,0.910803,0.830882,0.624779,0.95,0.954416,1.0,0.089552,4.738851,0.545828,2.70805,0.0,4.588196,0.682593,0.206628,0.04215,104,speed + benchmark
104 / lvo / speed + onset,lvo,46.5,0.414982,0.163621,0.666667,0.828872,0.909091,0.95,0.927536,1.0,0.625,4.474418,0.461901,2.70805,0.0,2.520921,0.913329,0.828872,0.922078,0.95,1.0,1.0,0.225352,4.489165,0.475126,2.70805,0.0,4.614265,0.752572,0.414982,0.163621,104,speed + onset
104 / nlvo / speed + onset,nlvo,262.5,0.199144,0.025542,0.666667,0.830476,0.479358,0.95,0.922705,1.0,0.570681,4.668185,0.446376,2.70805,0.0,2.636511,0.912117,0.830476,0.561927,0.95,0.946502,1.0,0.06087,4.814558,0.545233,2.70805,0.0,4.558403,0.619757,0.199144,0.025542,104,speed + onset
104 / other / speed + onset,other,31.0,0.0,0.0,,0.83871,0.615385,0.95,0.935484,1.0,0.0,4.563327,0.405291,2.70805,0.0,,,0.83871,0.711538,0.95,0.918919,1.0,0.0,4.716676,0.544771,2.70805,0.0,,,0.0,0.0,104,speed + onset
104 / mixed / speed + onset,mixed,340.0,0.210874,0.04215,0.666667,0.830882,0.550442,0.95,0.925081,1.0,0.524648,4.613783,0.45194,2.70805,0.0,2.60548,0.910803,0.830882,0.624779,0.95,0.954416,1.0,0.089552,4.738851,0.545828,2.70805,0.0,4.588196,0.682593,0.210874,0.04215,104,speed + onset
104 / lvo / speed + onset + benchmark,lvo,46.5,0.404607,0.163621,0.666667,0.828872,0.909091,0.95,0.927536,1.0,0.609375,4.474418,0.461901,2.70805,0.0,2.520921,0.913329,0.828872,0.922078,0.95,1.0,1.0,0.225352,4.489165,0.475126,2.70805,0.0,4.614265,0.752572,0.404607,0.163621,104,speed + onset + benchmark
104 / nlvo / speed + onset + benchmark,nlvo,262.5,0.188939,0.025542,0.666667,0.830476,0.479358,0.95,0.922705,1.0,0.541436,4.668185,0.446376,2.70805,0.0,2.636511,0.912117,0.830476,0.561927,0.95,0.946502,1.0,0.06087,4.814558,0.545233,2.70805,0.0,4.558403,0.619757,0.188939,0.025542,104,speed + onset + benchmark
104 / other / speed + onset + benchmark,other,31.0,0.0,0.0,,0.83871,0.615385,0.95,0.935484,1.0,0.0,4.563327,0.405291,2.70805,0.0,,,0.83871,0.711538,0.95,0.918919,1.0,0.0,4.716676,0.544771,2.70805,0.0,,,0.0,0.0,104,speed + onset + benchmark
104 / mixed / speed + onset + benchmark,mixed,340.0,0.206628,0.04215,0.666667,0.830882,0.550442,0.95,0.925081,1.0,0.514085,4.613783,0.45194,2.70805,0.0,2.60548,0.910803,0.830882,0.624779,0.95,0.954416,1.0,0.089552,4.738851,0.545828,2.70805,0.0,4.588196,0.682593,0.206628,0.04215,104,speed + onset + benchmark
105 / lvo / base,lvo,52.5,0.238095,0.028571,0.666667,1.0,0.533333,1.0,0.964286,1.0,0.462963,4.474311,0.483181,3.00233,0.820692,3.826419,0.438028,1.0,0.609524,1.0,0.90625,1.0,0.051724,4.632902,0.620181,3.047368,0.836844,,,0.238095,0.028571,105,base
105 / nlvo / base,nlvo,268.5,0.087523,0.003724,0.5,1.0,0.350093,0.946809,0.853933,1.0,0.309211,4.648172,0.462216,3.151857,0.956188,3.737003,0.434222,1.0,0.411546,0.954751,0.905213,1.0,0.010471,4.806707,0.572917,3.251196,1.009663,,,0.087523,0.003724,105,base
105 / other / base,other,50.0,0.0,0.0,,1.0,0.64,0.921875,0.949153,1.0,0.0,4.582442,0.495297,3.135719,0.775217,,,1.0,0.64,0.953125,0.983607,1.0,0.0,4.582442,0.495297,3.218387,0.886791,,,0.0,0.0,105,base
105 / mixed / base,mixed,371.0,0.097035,0.006739,0.6,1.0,0.415094,0.951299,0.894198,1.0,0.274809,4.602903,0.47609,3.120029,0.896533,3.768051,0.434572,1.0,0.47035,0.962751,0.919643,1.0,0.016181,4.733708,0.575332,3.206415,0.957971,,,0.097035,0.006738,105,base
105 / lvo / benchmark,lvo,52.5,0.352381,0.028571,0.666667,1.0,0.533333,1.0,0.964286,1.0,0.685185,4.474311,0.483181,3.00233,0.820692,3.826419,0.438028,1.0,0.609524,1.0,0.90625,1.0,0.051724,4.632902,0.620181,3.047368,0.836844,,,0.352381,0.028571,105,benchmark
105 / nlvo / benchmark,nlvo,268.5,0.137596,0.003724,0.5,1.0,0.350093,0.946809,0.853933,1.0,0.486111,4.648172,0.462216,3.151857,0.956188,3.737003,0.434222,1.0,0.411546,0.954751,0.905213,1.0,0.010471,4.806707,0.572917,3.251196,1.009663,,,0.137596,0.003724,105,benchmark
105 / other / benchmark,other,50.0,0.0,0.0,,1.0,0.64,0.921875,0.949153,1.0,0.0,4.582442,0.495297,3.135719,0.775217,,,1.0,0.64,0.953125,0.983607,1.0,0.0,4.582442,0.495297,3.218387,0.886791,,,0.0,0.0,105,benchmark
105 / mixed / benchmark,mixed,371.0,0.150943,0.006738,0.6,1.0,0.415094,0.951299,0.894198,1.0,0.427481,4.602903,0.47609,3.120029,0.896533,3.768051,0.434572,1.0,0.47035,0.962751,0.919643,1.0,0.016181,4.733708,0.575332,3.206415,0.957971,,,0.150943,0.006738,105,benchmark
105 / lvo / onset,lvo,52.5,0.238095,0.028571,0.666667,1.0,0.533333,1.0,0.964286,1.0,0.462963,4.474311,0.483181,3.00233,0.820692,3.826419,0.438028,1.0,0.609524,1.0,0.90625,1.0,0.051724,4.632902,0.620181,3.047368,0.836844,,,0.238095,0.028571,105,onset
105 / nlvo / onset,nlvo,268.5,0.087523,0.003724,0.5,1.0,0.350093,0.946809,0.853933,1.0,0.309211,4.648172,0.462216,3.151857,0.956188,3.737003,0.434222,1.0,0.411546,0.954751,0.905213,1.0,0.010471,4.806707,0.572917,3.251196,1.009663,,,0.087523,0.003724,105,onset
105 / other / onset,other,50.0,0.0,0.0,,1.0,0.64,0.921875,0.949153,1.0,0.0,4.582442,0.495297,3.135719,0.775217,,,1.0,0.64,0.953125,0.983607,1.0,0.0,4.582442,0.495297,3.218387,0.886791,,,0.0,0.0,105,onset
105 / mixed / onset,mixed,371.0,0.097035,0.006738,0.6,1.0,0.415094,0.951299,0.894198,1.0,0.274809,4.602903,0.47609,3.120029,0.896533,3.768051,0.434572,1.0,0.47035,0.962751,0.919643,1.0,0.016181,4.733708,0.575332,3.206415,0.957971,,,0.097035,0.006738,105,onset
105 / lvo / speed,lvo,52.5,0.22619,0.027143,0.666667,1.0,0.533333,0.95,0.964286,1.0,0.462963,4.474311,0.483181,2.70805,0.0,3.826419,0.438028,1.0,0.609524,0.95,0.90625,1.0,0.051724,4.632902,0.620181,2.70805,0.0,,,0.22619,0.027143,105,speed
105 / nlvo / speed,nlvo,268.5,0.087818,0.003706,0.5,1.0,0.350093,0.95,0.853933,1.0,0.309211,4.648172,0.462216,2.70805,0.0,3.737003,0.434222,1.0,0.411546,0.95,0.905213,1.0,0.010471,4.806707,0.572917,2.70805,0.0,,,0.087818,0.003706,105,speed
105 / other / speed,other,50.0,0.0,0.0,,1.0,0.64,0.95,0.949153,1.0,0.0,4.582442,0.495297,2.70805,0.0,,,1.0,0.64,0.95,0.983607,1.0,0.0,4.582442,0.495297,2.70805,0.0,,,0.0,0.0,105,speed
105 / mixed / speed,mixed,371.0,0.096902,0.006649,0.6,1.0,0.415094,0.95,0.894198,1.0,0.274809,4.602903,0.47609,2.70805,0.0,3.768051,0.434572,1.0,0.47035,0.95,0.919643,1.0,0.016181,4.733708,0.575332,2.70805,0.0,,,0.096902,0.006649,105,speed
105 / lvo / onset + benchmark,lvo,52.5,0.352381,0.028571,0.666667,1.0,0.533333,1.0,0.964286,1.0,0.685185,4.474311,0.483181,3.00233,0.820692,3.826419,0.438028,1.0,0.609524,1.0,0.90625,1.0,0.051724,4.632902,0.620181,3.047368,0.836844,,,0.352381,0.028571,105,onset + benchmark
105 / nlvo / onset + benchmark,nlvo,268.5,0.137596,0.003724,0.5,1.0,0.350093,0.946809,0.853933,1.0,0.486111,4.648172,0.462216,3.151857,0.956188,3.737003,0.434222,1.0,0.411546,0.954751,0.905213,1.0,0.010471,4.806707,0.572917,3.251196,1.009663,,,0.137596,0.003724,105,onset + benchmark
105 / other / onset + benchmark,other,50.0,0.0,0.0,,1.0,0.64,0.921875,0.949153,1.0,0.0,4.582442,0.495297,3.135719,0.775217,,,1.0,0.64,0.953125,0.983607,1.0,0.0,4.582442,0.495297,3.218387,0.886791,,,0.0,0.0,105,onset + benchmark
105 / mixed / onset + benchmark,mixed,371.0,0.150943,0.006738,0.6,1.0,0.415094,0.951299,0.894198,1.0,0.427481,4.602903,0.47609,3.120029,0.896533,3.768051,0.434572,1.0,0.47035,0.962751,0.919643,1.0,0.016181,4.733708,0.575332,3.206415,0.957971,,,0.150943,0.006738,105,onset + benchmark
105 / lvo / speed + benchmark,lvo,52.5,0.334762,0.027143,0.666667,1.0,0.533333,0.95,0.964286,1.0,0.685185,4.474311,0.483181,2.70805,0.0,3.826419,0.438028,1.0,0.609524,0.95,0.90625,1.0,0.051724,4.632902,0.620181,2.70805,0.0,,,0.334762,0.027143,105,speed + benchmark
105 / nlvo / speed + benchmark,nlvo,268.5,0.13806,0.003706,0.5,1.0,0.350093,0.95,0.853933,1.0,0.486111,4.648172,0.462216,2.70805,0.0,3.737003,0.434222,1.0,0.411546,0.95,0.905213,1.0,0.010471,4.806707,0.572917,2.70805,0.0,,,0.13806,0.003706,105,speed + benchmark
105 / other / speed + benchmark,other,50.0,0.0,0.0,,1.0,0.64,0.95,0.949153,1.0,0.0,4.582442,0.495297,2.70805,0.0,,,1.0,0.64,0.95,0.983607,1.0,0.0,4.582442,0.495297,2.70805,0.0,,,0.0,0.0,105,speed + benchmark
105 / mixed / speed + benchmark,mixed,371.0,0.150737,0.006649,0.6,1.0,0.415094,0.95,0.894198,1.0,0.427481,4.602903,0.47609,2.70805,0.0,3.768051,0.434572,1.0,0.47035,0.95,0.919643,1.0,0.016181,4.733708,0.575332,2.70805,0.0,,,0.150737,0.006649,105,speed + benchmark
105 / lvo / speed + onset,lvo,52.5,0.22619,0.027143,0.666667,1.0,0.533333,0.95,0.964286,1.0,0.462963,4.474311,0.483181,2.70805,0.0,3.826419,0.438028,1.0,0.609524,0.95,0.90625,1.0,0.051724,4.632902,0.620181,2.70805,0.0,,,0.22619,0.027143,105,speed + onset
105 / nlvo / speed + onset,nlvo,268.5,0.087818,0.003706,0.5,1.0,0.350093,0.95,0.853933,1.0,0.309211,4.648172,0.462216,2.70805,0.0,3.737003,0.434222,1.0,0.411546,0.95,0.905213,1.0,0.010471,4.806707,0.572917,2.70805,0.0,,,0.087818,0.003706,105,speed + onset
105 / other / speed + onset,other,50.0,0.0,0.0,,1.0,0.64,0.95,0.949153,1.0,0.0,4.582442,0.495297,2.70805,0.0,,,1.0,0.64,0.95,0.983607,1.0,0.0,4.582442,0.495297,2.70805,0.0,,,0.0,0.0,105,speed + onset
105 / mixed / speed + onset,mixed,371.0,0.096902,0.006649,0.6,1.0,0.415094,0.95,0.894198,1.0,0.274809,4.602903,0.47609,2.70805,0.0,3.768051,0.434572,1.0,0.47035,0.95,0.919643,1.0,0.016181,4.733708,0.575332,2.70805,0.0,,,0.096902,0.006649,105,speed + onset
105 / lvo / speed + onset + benchmark,lvo,52.5,0.334762,0.027143,0.666667,1.0,0.533333,0.95,0.964286,1.0,0.685185,4.474311,0.483181,2.70805,0.0,3.826419,0.438028,1.0,0.609524,0.95,0.90625,1.0,0.051724,4.632902,0.620181,2.70805,0.0,,,0.334762,0.027143,105,speed + onset + benchmark
105 / nlvo / speed + onset + benchmark,nlvo,268.5,0.13806,0.003706,0.5,1.0,0.350093,0.95,0.853933,1.0,0.486111,4.648172,0.462216,2.70805,0.0,3.737003,0.434222,1.0,0.411546,0.95,0.905213,1.0,0.010471,4.806707,0.572917,2.70805,0.0,,,0.13806,0.003706,105,speed + onset + benchmark
105 / other / speed + onset + benchmark,other,50.0,0.0,0.0,,1.0,0.64,0.95,0.949153,1.0,0.0,4.582442,0.495297,2.70805,0.0,,,1.0,0.64,0.95,0.983607,1.0,0.0,4.582442,0.495297,2.70805,0.0,,,0.0,0.0,105,speed + onset + benchmark
105 / mixed / speed + onset + benchmark,mixed,371.0,0.150737,0.006649,0.6,1.0,0.415094,0.95,0.894198,1.0,0.427481,4.602903,0.47609,2.70805,0.0,3.768051,0.434572,1.0,0.47035,0.95,0.919643,1.0,0.016181,4.733708,0.575332,2.70805,0.0,,,0.150737,0.006649,105,speed + onset + benchmark
106 / lvo / base,lvo,41.5,0.204819,0.012048,0.0,0.759036,0.68254,1.0,0.837209,1.0,0.444444,4.700632,0.547861,2.96891,0.992366,3.767396,0.474859,0.759036,0.730159,1.0,0.978261,1.0,0.022222,4.757273,0.572026,2.939062,0.967341,,,0.192771,0.012048,106,base
106 / nlvo / base,nlvo,208.0,0.079327,0.0,,0.699519,0.453608,0.939394,0.83871,1.0,0.317308,4.673238,0.531795,3.206167,1.006098,3.737052,0.647952,0.699519,0.591065,0.94186,0.839506,1.0,0.0,4.908503,0.635508,3.450292,1.089422,,,0.079327,0.0,106,base
106 / other / base,other,34.0,0.0,0.0,,0.735294,0.6,0.966667,0.931034,1.0,0.0,4.559409,0.524395,3.027145,0.877007,,,0.735294,0.66,0.969697,0.9375,1.0,0.0,4.661549,0.598874,3.131856,0.931685,,,0.0,0.0,106,base
106 / mixed / base,mixed,283.5,0.088183,0.001764,0.0,0.712522,0.507426,0.956098,0.852041,1.0,0.293413,4.662326,0.533327,3.127628,0.985908,3.74696,0.592087,0.712522,0.621287,0.956175,0.879167,1.0,0.004739,4.848319,0.624239,3.309848,1.064121,,,0.08642,0.001764,106,base
106 / lvo / benchmark,lvo,41.5,0.325301,0.012048,0.0,0.759036,0.68254,1.0,0.837209,1.0,0.75,4.700632,0.547861,2.96891,0.992366,3.767396,0.474859,0.759036,0.730159,1.0,0.978261,1.0,0.022222,4.757273,0.572026,2.939062,0.967341,,,0.325301,0.012048,106,benchmark
106 / nlvo / benchmark,nlvo,208.0,0.1175,0.0,,0.699519,0.453608,0.939394,0.83871,1.0,0.47,4.673238,0.531795,3.206167,1.006098,3.737052,0.647952,0.699519,0.591065,0.94186,0.839506,1.0,0.0,4.908503,0.635508,3.450292,1.089422,,,0.1175,0.0,106,benchmark
106 / other / benchmark,other,34.0,0.0,0.0,,0.735294,0.6,0.966667,0.931034,1.0,0.0,4.559409,0.524395,3.027145,0.877007,,,0.735294,0.66,0.969697,0.9375,1.0,0.0,4.661549,0.598874,3.131856,0.931685,,,0.0,0.0,106,benchmark
106 / mixed / benchmark,mixed,283.5,0.137566,0.001764,0.0,0.712522,0.507426,0.956098,0.852041,1.0,0.467066,4.662326,0.533327,3.127628,0.985908,3.74696,0.592087,0.712522,0.621287,0.956175,0.879167,1.0,0.004739,4.848319,0.624239,3.309848,1.064121,,,0.137566,0.001764,106,benchmark
106 / lvo / onset,lvo,41.5,0.210507,0.013157,0.0,0.828872,0.68254,1.0,0.837209,1.0,0.444444,4.700632,0.547861,2.96891,0.992366,3.767396,0.474859,0.828872,0.730159,1.0,0.978261,1.0,0.022222,4.757273,0.572026,2.939062,0.967341,,,0.210507,0.013157,106,onset
106 / nlvo / onset,nlvo,208.0,0.086404,0.0,,0.761925,0.453608,0.939394,0.83871,1.0,0.317308,4.673238,0.531795,3.206167,1.006098,3.737052,0.647952,0.761925,0.591065,0.94186,0.839506,1.0,0.0,4.908503,0.635508,3.450292,1.089422,,,0.086404,0.0,106,onset
106 / other / onset,other,34.0,0.0,0.0,,0.785804,0.6,0.966667,0.931034,1.0,0.0,4.559409,0.524395,3.027145,0.877007,,,0.785804,0.66,0.969697,0.9375,1.0,0.0,4.661549,0.598874,3.131856,0.931685,,,0.0,0.0,106,onset
106 / mixed / onset,mixed,283.5,0.095065,0.00194,0.0,0.783802,0.507426,0.956098,0.852041,1.0,0.293413,4.662326,0.533327,3.127628,0.985908,3.74696,0.592087,0.783802,0.621287,0.956175,0.879167,1.0,0.004739,4.848319,0.624239,3.309848,1.064121,,,0.095065,0.00194,106,onset
106 / lvo / speed,lvo,41.5,0.183132,0.011446,0.0,0.759036,0.68254,0.95,0.837209,1.0,0.444444,4.700632,0.547861,2.70805,0.0,3.767396,0.474859,0.759036,0.730159,0.95,0.978261,1.0,0.022222,4.757273,0.572026,2.70805,0.0,,,0.183132,0.011446,106,speed
106 / nlvo / speed,nlvo,208.0,0.080223,0.0,,0.699519,0.453608,0.95,0.83871,1.0,0.317308,4.673238,0.531795,2.70805,0.0,3.737052,0.647952,0.699519,0.591065,0.95,0.839506,1.0,0.0,4.908503,0.635508,2.70805,0.0,,,0.080223,0.0,106,speed
106 / other / speed,other,34.0,0.0,0.0,,0.735294,0.6,0.95,0.931034,1.0,0.0,4.559409,0.524395,2.70805,0.0,,,0.735294,0.66,0.95,0.9375,1.0,0.0,4.661549,0.598874,2.70805,0.0,,,0.0,0.0,106,speed
106 / mixed / speed,mixed,283.5,0.085869,0.001752,0.0,0.712522,0.507426,0.95,0.852041,1.0,0.293413,4.662326,0.533327,2.70805,0.0,3.74696,0.592087,0.712522,0.621287,0.95,0.879167,1.0,0.004739,4.848319,0.624239,2.70805,0.0,,,0.085869,0.001752,106,speed
106 / lvo / onset + benchmark,lvo,41.5,0.355231,0.013157,0.0,0.828872,0.68254,1.0,0.837209,1.0,0.75,4.700632,0.547861,2.96891,0.992366,3.767396,0.474859,0.828872,0.730159,1.0,0.978261,1.0,0.022222,4.757273,0.572026,2.939062,0.967341,,,0.355231,0.013157,106,onset + benchmark
106 / nlvo / onset + benchmark,nlvo,208.0,0.127982,0.0,,0.761925,0.453608,0.939394,0.83871,1.0,0.47,4.673238,0.531795,3.206167,1.006098,3.737052,0.647952,0.761925,0.591065,0.94186,0.839506,1.0,0.0,4.908503,0.635508,3.450292,1.089422,,,0.127982,0.0,106,onset + benchmark
106 / other / onset + benchmark,other,34.0,0.0,0.0,,0.785804,0.6,0.966667,0.931034,1.0,0.0,4.559409,0.524395,3.027145,0.877007,,,0.785804,0.66,0.969697,0.9375,1.0,0.0,4.661549,0.598874,3.131856,0.931685,,,0.0,0.0,106,onset + benchmark
106 / mixed / onset + benchmark,mixed,283.5,0.151328,0.00194,0.0,0.783802,0.507426,0.956098,0.852041,1.0,0.467066,4.662326,0.533327,3.127628,0.985908,3.74696,0.592087,0.783802,0.621287,0.956175,0.879167,1.0,0.004739,4.848319,0.624239,3.309848,1.064121,,,0.151328,0.00194,106,onset + benchmark
106 / lvo / speed + benchmark,lvo,41.5,0.309036,0.011446,0.0,0.759036,0.68254,0.95,0.837209,1.0,0.75,4.700632,0.547861,2.70805,0.0,3.767396,0.474859,0.759036,0.730159,0.95,0.978261,1.0,0.022222,4.757273,0.572026,2.70805,0.0,,,0.309036,0.011446,106,speed + benchmark
106 / nlvo / speed + benchmark,nlvo,208.0,0.118827,0.0,,0.699519,0.453608,0.95,0.83871,1.0,0.47,4.673238,0.531795,2.70805,0.0,3.737052,0.647952,0.699519,0.591065,0.95,0.839506,1.0,0.0,4.908503,0.635508,2.70805,0.0,,,0.118827,0.0,106,speed + benchmark
106 / other / speed + benchmark,other,34.0,0.0,0.0,,0.735294,0.6,0.95,0.931034,1.0,0.0,4.559409,0.524395,2.70805,0.0,,,0.735294,0.66,0.95,0.9375,1.0,0.0,4.661549,0.598874,2.70805,0.0,,,0.0,0.0,106,speed + benchmark
106 / mixed / speed + benchmark,mixed,283.5,0.136689,0.001752,0.0,0.712522,0.507426,0.95,0.852041,1.0,0.467066,4.662326,0.533327,2.70805,0.0,3.74696,0.592087,0.712522,0.621287,0.95,0.879167,1.0,0.004739,4.848319,0.624239,2.70805,0.0,,,0.136689,0.001752,106,speed + benchmark
106 / lvo / speed + onset,lvo,41.5,0.199982,0.012499,0.0,0.828872,0.68254,0.95,0.837209,1.0,0.444444,4.700632,0.547861,2.70805,0.0,3.767396,0.474859,0.828872,0.730159,0.95,0.978261,1.0,0.022222,4.757273,0.572026,2.70805,0.0,,,0.199982,0.012499,106,speed + onset
106 / nlvo / speed + onset,nlvo,208.0,0.087379,0.0,,0.761925,0.453608,0.95,0.83871,1.0,0.317308,4.673238,0.531795,2.70805,0.0,3.737052,0.647952,0.761925,0.591065,0.95,0.839506,1.0,0.0,4.908503,0.635508,2.70805,0.0,,,0.087379,0.0,106,speed + onset
106 / other / speed + onset,other,34.0,0.0,0.0,,0.785804,0.6,0.95,0.931034,1.0,0.0,4.559409,0.524395,2.70805,0.0,,,0.785804,0.66,0.95,0.9375,1.0,0.0,4.661549,0.598874,2.70805,0.0,,,0.0,0.0,106,speed + onset
106 / mixed / speed + onset,mixed,283.5,0.094459,0.001927,0.0,0.783802,0.507426,0.95,0.852041,1.0,0.293413,4.662326,0.533327,2.70805,0.0,3.74696,0.592087,0.783802,0.621287,0.95,0.879167,1.0,0.004739,4.848319,0.624239,2.70805,0.0,,,0.094459,0.001927,106,speed + onset
106 / lvo / speed + onset + benchmark,lvo,41.5,0.337469,0.012499,0.0,0.828872,0.68254,0.95,0.837209,1.0,0.75,4.700632,0.547861,2.70805,0.0,3.767396,0.474859,0.828872,0.730159,0.95,0.978261,1.0,0.022222,4.757273,0.572026,2.70805,0.0,,,0.337469,0.012499,106,speed + onset + benchmark
106 / nlvo / speed + onset + benchmark,nlvo,208.0,0.129427,0.0,,0.761925,0.453608,0.95,0.83871,1.0,0.47,4.673238,0.531795,2.70805,0.0,3.737052,0.647952,0.761925,0.591065,0.95,0.839506,1.0,0.0,4.908503,0.635508,2.70805,0.0,,,0.129427,0.0,106,speed + onset + benchmark
106 / other / speed + onset + benchmark,other,34.0,0.0,0.0,,0.785804,0.6,0.95,0.931034,1.0,0.0,4.559409,0.524395,2.70805,0.0,,,0.785804,0.66,0.95,0.9375,1.0,0.0,4.661549,0.598874,2.70805,0.0,,,0.0,0.0,106,speed + onset + benchmark
106 / mixed / speed + onset + benchmark,mixed,283.5,0.150363,0.001927,0.0,0.783802,0.507426,0.95,0.852041,1.0,0.467066,4.662326,0.533327,2.70805,0.0,3.74696,0.592087,0.783802,0.621287,0.95,0.879167,1.0,0.004739,4.848319,0.624239,2.70805,0.0,,,0.150363,0.001927,106,speed + onset + benchmark
107 / lvo / base,lvo,70.5,0.35461,0.078014,0.818182,0.829787,0.752137,1.0,0.965909,1.0,0.564706,4.518656,0.452657,2.90898,0.815611,3.586756,0.784336,0.829787,0.846154,1.0,0.969697,1.0,0.104167,4.646212,0.561258,2.90949,0.874,,,0.340426,0.070922,107,base
107 / nlvo / base,nlvo,199.0,0.09799,0.002513,0.0,0.756281,0.475083,0.916084,0.854962,1.0,0.330357,4.682108,0.459074,3.381839,0.93847,3.905343,0.448622,0.756281,0.55814,0.952381,0.8625,1.0,0.007246,4.833868,0.560711,3.550379,1.034306,,,0.092965,0.002512,107,base
107 / other / base,other,47.0,0.0,0.0,,0.808511,0.684211,0.980769,0.862745,1.0,0.0,4.533163,0.491942,3.059936,1.067597,,,0.808511,0.763158,1.0,0.948276,1.0,0.0,4.657605,0.59479,3.215764,1.140329,,,0.0,0.0,107,base
107 / mixed / base,mixed,316.5,0.1406,0.018957,0.75,0.780411,0.572874,0.954064,0.892593,1.0,0.352697,4.603914,0.468395,3.166918,0.948186,3.725435,0.675064,0.780411,0.657895,0.975385,0.911672,1.0,0.038062,4.745249,0.572725,3.289005,1.044239,5.353862,0.298669,0.134281,0.017377,107,base
107 / lvo / benchmark,lvo,70.5,0.319149,0.070922,0.818182,0.829787,0.752137,1.0,0.965909,1.0,0.529412,4.518656,0.452657,2.90898,0.815611,3.586756,0.784336,0.829787,0.846154,1.0,0.969697,1.0,0.104167,4.646212,0.561258,2.90949,0.874,,,0.319149,0.070922,107,benchmark
107 / nlvo / benchmark,nlvo,199.0,0.123922,0.002512,0.0,0.756281,0.475083,0.916084,0.854962,1.0,0.440367,4.682108,0.459074,3.381839,0.93847,3.905343,0.448622,0.756281,0.55814,0.952381,0.8625,1.0,0.007246,4.833868,0.560711,3.550379,1.034306,,,0.123922,0.002512,107,benchmark
107 / other / benchmark,other,47.0,0.0,0.0,,0.808511,0.684211,0.980769,0.862745,1.0,0.0,4.533163,0.491942,3.059936,1.067597,,,0.808511,0.763158,1.0,0.948276,1.0,0.0,4.657605,0.59479,3.215764,1.140329,,,0.0,0.0,107,benchmark
107 / mixed / benchmark,mixed,316.5,0.148499,0.017377,0.75,0.780411,0.572874,0.954064,0.892593,1.0,0.390041,4.603914,0.468395,3.166918,0.948186,3.725435,0.675064,0.780411,0.657895,0.975385,0.911672,1.0,0.038062,4.745249,0.572725,3.289005,1.044239,5.353862,0.298669,0.148499,0.017377,107,benchmark
107 / lvo / onset,lvo,70.5,0.340426,0.070922,0.818182,0.829787,0.752137,1.0,0.965909,1.0,0.564706,4.518656,0.452657,2.90898,0.815611,3.586756,0.784336,0.829787,0.846154,1.0,0.969697,1.0,0.104167,4.646212,0.561258,2.90949,0.874,,,0.340426,0.070922,107,onset
107 / nlvo / onset,nlvo,199.0,0.093659,0.002531,0.0,0.761925,0.475083,0.916084,0.854962,1.0,0.330357,4.682108,0.459074,3.381839,0.93847,3.905343,0.448622,0.761925,0.55814,0.952381,0.8625,1.0,0.007246,4.833868,0.560711,3.550379,1.034306,,,0.093659,0.002531,107,onset
107 / other / onset,other,47.0,0.0,0.0,,0.808511,0.684211,0.980769,0.862745,1.0,0.0,4.533163,0.491942,3.059936,1.067597,,,0.808511,0.763158,1.0,0.948276,1.0,0.0,4.657605,0.59479,3.215764,1.140329,,,0.0,0.0,107,onset
107 / mixed / onset,mixed,316.5,0.134865,0.017453,0.75,0.783802,0.572874,0.954064,0.892593,1.0,0.352697,4.603914,0.468395,3.166918,0.948186,3.725435,0.675064,0.783802,0.657895,0.975385,0.911672,1.0,0.038062,4.745249,0.572725,3.289005,1.044239,5.353862,0.298669,0.134865,0.017453,107,onset
107 / lvo / speed,lvo,70.5,0.323404,0.067376,0.818182,0.829787,0.752137,0.95,0.965909,1.0,0.564706,4.518656,0.452657,2.70805,0.0,3.586756,0.784336,0.829787,0.846154,0.95,0.969697,1.0,0.104167,4.646212,0.561258,2.70805,0.0,,,0.323404,0.067376,107,speed
107 / nlvo / speed,nlvo,199.0,0.096407,0.002506,0.0,0.756281,0.475083,0.95,0.854962,1.0,0.330357,4.682108,0.459074,2.70805,0.0,3.905343,0.448622,0.756281,0.55814,0.95,0.8625,1.0,0.007246,4.833868,0.560711,2.70805,0.0,,,0.096407,0.002506,107,speed
107 / other / speed,other,47.0,0.0,0.0,,0.808511,0.684211,0.95,0.862745,1.0,0.0,4.533163,0.491942,2.70805,0.0,,,0.808511,0.763158,0.95,0.948276,1.0,0.0,4.657605,0.59479,2.70805,0.0,,,0.0,0.0,107,speed
107 / mixed / speed,mixed,316.5,0.133709,0.016925,0.75,0.780411,0.572874,0.95,0.892593,1.0,0.352697,4.603914,0.468395,2.70805,0.0,3.725435,0.675064,0.780411,0.657895,0.95,0.911672,1.0,0.038062,4.745249,0.572725,2.70805,0.0,5.353862,0.298669,0.133709,0.016925,107,speed
107 / lvo / onset + benchmark,lvo,70.5,0.319149,0.070922,0.818182,0.829787,0.752137,1.0,0.965909,1.0,0.529412,4.518656,0.452657,2.90898,0.815611,3.586756,0.784336,0.829787,0.846154,1.0,0.969697,1.0,0.104167,4.646212,0.561258,2.90949,0.874,,,0.319149,0.070922,107,onset + benchmark
107 / nlvo / onset + benchmark,nlvo,199.0,0.124847,0.002531,0.0,0.761925,0.475083,0.916084,0.854962,1.0,0.440367,4.682108,0.459074,3.381839,0.93847,3.905343,0.448622,0.761925,0.55814,0.952381,0.8625,1.0,0.007246,4.833868,0.560711,3.550379,1.034306,,,0.124847,0.002531,107,onset + benchmark
107 / other / onset + benchmark,other,47.0,0.0,0.0,,0.808511,0.684211,0.980769,0.862745,1.0,0.0,4.533163,0.491942,3.059936,1.067597,,,0.808511,0.763158,1.0,0.948276,1.0,0.0,4.657605,0.59479,3.215764,1.140329,,,0.0,0.0,107,onset + benchmark
107 / mixed / onset + benchmark,mixed,316.5,0.149144,0.017453,0.75,0.783802,0.572874,0.954064,0.892593,1.0,0.390041,4.603914,0.468395,3.166918,0.948186,3.725435,0.675064,0.783802,0.657895,0.975385,0.911672,1.0,0.038062,4.745249,0.572725,3.289005,1.044239,5.353862,0.298669,0.149144,0.017453,107,onset + benchmark
107 / lvo / speed + benchmark,lvo,70.5,0.303191,0.067376,0.818182,0.829787,0.752137,0.95,0.965909,1.0,0.529412,4.518656,0.452657,2.70805,0.0,3.586756,0.784336,0.829787,0.846154,0.95,0.969697,1.0,0.104167,4.646212,0.561258,2.70805,0.0,,,0.303191,0.067376,107,speed + benchmark
107 / nlvo / speed + benchmark,nlvo,199.0,0.12851,0.002506,0.0,0.756281,0.475083,0.95,0.854962,1.0,0.440367,4.682108,0.459074,2.70805,0.0,3.905343,0.448622,0.756281,0.55814,0.95,0.8625,1.0,0.007246,4.833868,0.560711,2.70805,0.0,,,0.12851,0.002506,107,speed + benchmark
107 / other / speed + benchmark,other,47.0,0.0,0.0,,0.808511,0.684211,0.95,0.862745,1.0,0.0,4.533163,0.491942,2.70805,0.0,,,0.808511,0.763158,0.95,0.948276,1.0,0.0,4.657605,0.59479,2.70805,0.0,,,0.0,0.0,107,speed + benchmark
107 / mixed / speed + benchmark,mixed,316.5,0.147867,0.016925,0.75,0.780411,0.572874,0.95,0.892593,1.0,0.390041,4.603914,0.468395,2.70805,0.0,3.725435,0.675064,0.780411,0.657895,0.95,0.911672,1.0,0.038062,4.745249,0.572725,2.70805,0.0,5.353862,0.298669,0.147867,0.016925,107,speed + benchmark
107 / lvo / speed + onset,lvo,70.5,0.323404,0.067376,0.818182,0.829787,0.752137,0.95,0.965909,1.0,0.564706,4.518656,0.452657,2.70805,0.0,3.586756,0.784336,0.829787,0.846154,0.95,0.969697,1.0,0.104167,4.646212,0.561258,2.70805,0.0,,,0.323404,0.067376,107,speed + onset
107 / nlvo / speed + onset,nlvo,199.0,0.097126,0.002525,0.0,0.761925,0.475083,0.95,0.854962,1.0,0.330357,4.682108,0.459074,2.70805,0.0,3.905343,0.448622,0.761925,0.55814,0.95,0.8625,1.0,0.007246,4.833868,0.560711,2.70805,0.0,,,0.097126,0.002525,107,speed + onset
107 / other / speed + onset,other,47.0,0.0,0.0,,0.808511,0.684211,0.95,0.862745,1.0,0.0,4.533163,0.491942,2.70805,0.0,,,0.808511,0.763158,0.95,0.948276,1.0,0.0,4.657605,0.59479,2.70805,0.0,,,0.0,0.0,107,speed + onset
107 / mixed / speed + onset,mixed,316.5,0.13429,0.016999,0.75,0.783802,0.572874,0.95,0.892593,1.0,0.352697,4.603914,0.468395,2.70805,0.0,3.725435,0.675064,0.783802,0.657895,0.95,0.911672,1.0,0.038062,4.745249,0.572725,2.70805,0.0,5.353862,0.298669,0.13429,0.016999,107,speed + onset
107 / lvo / speed + onset + benchmark,lvo,70.5,0.303191,0.067376,0.818182,0.829787,0.752137,0.95,0.965909,1.0,0.529412,4.518656,0.452657,2.70805,0.0,3.586756,0.784336,0.829787,0.846154,0.95,0.969697,1.0,0.104167,4.646212,0.561258,2.70805,0.0,,,0.303191,0.067376,107,speed + onset + benchmark
107 / nlvo / speed + onset + benchmark,nlvo,199.0,0.129469,0.002525,0.0,0.761925,0.475083,0.95,0.854962,1.0,0.440367,4.682108,0.459074,2.70805,0.0,3.905343,0.448622,0.761925,0.55814,0.95,0.8625,1.0,0.007246,4.833868,0.560711,2.70805,0.0,,,0.129469,0.002525,107,speed + onset + benchmark
107 / other / speed + onset + benchmark,other,47.0,0.0,0.0,,0.808511,0.684211,0.95,0.862745,1.0,0.0,4.533163,0.491942,2.70805,0.0,,,0.808511,0.763158,0.95,0.948276,1.0,0.0,4.657605,0.59479,2.70805,0.0,,,0.0,0.0,107,speed + onset + benchmark
107 / mixed / speed + onset + benchmark,mixed,316.5,0.148509,0.016999,0.75,0.783802,0.572874,0.95,0.892593,1.0,0.390041,4.603914,0.468395,2.70805,0.0,3.725435,0.675064,0.783802,0.657895,0.95,0.911672,1.0,0.038062,4.745249,0.572725,2.70805,0.0,5.353862,0.298669,0.148509,0.016999,107,speed + onset + benchmark
108 / lvo / base,lvo,77.5,0.193548,0.025806,0.5,0.56129,0.885057,0.987013,0.960526,1.0,0.39726,4.71934,0.497998,2.550318,0.9954,3.662338,0.477759,0.56129,0.931034,1.0,0.962963,1.0,0.051282,4.768041,0.531881,2.597054,1.110133,,,0.187096,0.025806,108,base
108 / nlvo / base,nlvo,329.0,0.068389,0.00152,1.0,0.463526,0.563934,0.953488,0.871951,1.0,0.300699,4.781034,0.470172,2.839031,1.067,3.59731,0.438793,0.463526,0.688525,0.985714,0.913043,1.0,0.005291,4.941788,0.548606,2.952297,1.19501,,,0.065349,0.00152,108,base
108 / other / base,other,63.5,0.0,0.0,,0.527559,0.820896,0.927273,0.980392,1.0,0.0,4.609708,0.555965,2.739728,0.90962,,,0.527559,0.910448,0.95082,0.965517,1.0,0.0,4.711594,0.613053,2.761398,1.052185,,,0.0,0.0,108,base
108 / mixed / base,mixed,470.0,0.079787,0.005319,0.6,0.488298,0.662309,0.957237,0.914089,1.0,0.270677,4.734411,0.496149,2.746224,1.026522,3.623502,0.452707,0.488298,0.766885,0.982955,0.933526,1.0,0.01548,4.861915,0.563657,2.837133,1.159236,,,0.076596,0.005319,108,base
108 / lvo / benchmark,lvo,77.5,0.335483,0.025806,0.5,0.56129,0.885057,0.987013,0.960526,1.0,0.712329,4.71934,0.497998,2.550318,0.9954,3.662338,0.477759,0.56129,0.931034,1.0,0.962963,1.0,0.051282,4.768041,0.531881,2.597054,1.110133,,,0.335483,0.025806,108,benchmark
108 / nlvo / benchmark,nlvo,329.0,0.088906,0.00152,1.0,0.463526,0.563934,0.953488,0.871951,1.0,0.409091,4.781034,0.470172,2.839031,1.067,3.59731,0.438793,0.463526,0.688525,0.985714,0.913043,1.0,0.005291,4.941788,0.548606,2.952297,1.19501,,,0.088906,0.00152,108,benchmark
108 / other / benchmark,other,63.5,0.0,0.0,,0.527559,0.820896,0.927273,0.980392,1.0,0.0,4.609708,0.555965,2.739728,0.90962,,,0.527559,0.910448,0.95082,0.965517,1.0,0.0,4.711594,0.613053,2.761398,1.052185,,,0.0,0.0,108,benchmark
108 / mixed / benchmark,mixed,470.0,0.119149,0.005319,0.6,0.488298,0.662309,0.957237,0.914089,1.0,0.421053,4.734411,0.496149,2.746224,1.026522,3.623502,0.452707,0.488298,0.766885,0.982955,0.933526,1.0,0.01548,4.861915,0.563657,2.837133,1.159236,,,0.119149,0.005319,108,benchmark
108 / lvo / onset,lvo,77.5,0.27629,0.038109,0.5,0.828872,0.885057,0.987013,0.960526,1.0,0.39726,4.71934,0.497998,2.550318,0.9954,3.662338,0.477759,0.828872,0.931034,1.0,0.962963,1.0,0.051282,4.768041,0.531881,2.597054,1.110133,,,0.27629,0.038109,108,onset
108 / nlvo / onset,nlvo,329.0,0.107419,0.002498,1.0,0.761925,0.563934,0.953488,0.871951,1.0,0.300699,4.781034,0.470172,2.839031,1.067,3.59731,0.438793,0.761925,0.688525,0.985714,0.913043,1.0,0.005291,4.941788,0.548606,2.952297,1.19501,,,0.107419,0.002498,108,onset
108 / other / onset,other,63.5,0.0,0.0,,0.785804,0.820896,0.927273,0.980392,1.0,0.0,4.609708,0.555965,2.739728,0.90962,,,0.785804,0.910448,0.95082,0.965517,1.0,0.0,4.711594,0.613053,2.761398,1.052185,,,0.0,0.0,108,onset
108 / mixed / onset,mixed,470.0,0.122949,0.008538,0.6,0.783802,0.662309,0.957237,0.914089,1.0,0.270677,4.734411,0.496149,2.746224,1.026522,3.623502,0.452707,0.783802,0.766885,0.982955,0.933526,1.0,0.01548,4.861915,0.563657,2.837133,1.159236,,,0.122949,0.008538,108,onset
108 / lvo / speed,lvo,77.5,0.18008,0.024516,0.5,0.56129,0.885057,0.95,0.960526,1.0,0.39726,4.71934,0.497998,2.550318,0.0,3.662338,0.477759,0.56129,0.931034,0.95,0.962963,1.0,0.051282,4.768041,0.531881,2.597054,0.0,,,0.18008,0.024516,108,speed
108 / nlvo / speed,nlvo,329.0,0.06511,0.001465,1.0,0.463526,0.563934,0.95,0.871951,1.0,0.300699,4.781034,0.470172,2.70805,0.0,3.59731,0.438793,0.463526,0.688525,0.95,0.913043,1.0,0.005291,4.941788,0.548606,2.70805,0.0,,,0.06511,0.001465,108,speed
108 / other / speed,other,63.5,0.0,0.0,,0.527559,0.820896,0.95,0.980392,1.0,0.0,4.609708,0.555965,2.70805,0.0,,,0.527559,0.910448,0.95,0.965517,1.0,0.0,4.711594,0.613053,2.70805,0.0,,,0.0,0.0,108,speed
108 / mixed / speed,mixed,470.0,0.076017,0.005141,0.6,0.488298,0.662309,0.95,0.914089,1.0,0.270677,4.734411,0.496149,2.70805,0.0,3.623502,0.452707,0.488298,0.766885,0.95,0.933526,1.0,0.01548,4.861915,0.563657,2.70805,0.0,,,0.076017,0.005141,108,speed
108 / lvo / onset + benchmark,lvo,77.5,0.495417,0.038109,0.5,0.828872,0.885057,0.987013,0.960526,1.0,0.712329,4.71934,0.497998,2.550318,0.9954,3.662338,0.477759,0.828872,0.931034,1.0,0.962963,1.0,0.051282,4.768041,0.531881,2.597054,1.110133,,,0.495417,0.038109,108,onset + benchmark
108 / nlvo / onset + benchmark,nlvo,329.0,0.14614,0.002498,1.0,0.761925,0.563934,0.953488,0.871951,1.0,0.409091,4.781034,0.470172,2.839031,1.067,3.59731,0.438793,0.761925,0.688525,0.985714,0.913043,1.0,0.005291,4.941788,0.548606,2.952297,1.19501,,,0.14614,0.002498,108,onset + benchmark
108 / other / onset + benchmark,other,63.5,0.0,0.0,,0.785804,0.820896,0.927273,0.980392,1.0,0.0,4.609708,0.555965,2.739728,0.90962,,,0.785804,0.910448,0.95082,0.965517,1.0,0.0,4.711594,0.613053,2.761398,1.052185,,,0.0,0.0,108,onset + benchmark
108 / mixed / onset + benchmark,mixed,470.0,0.191254,0.008538,0.6,0.783802,0.662309,0.957237,0.914089,1.0,0.421053,4.734411,0.496149,2.746224,1.026522,3.623502,0.452707,0.783802,0.766885,0.982955,0.933526,1.0,0.01548,4.861915,0.563657,2.837133,1.159236,,,0.191254,0.008538,108,onset + benchmark
108 / lvo / speed + benchmark,lvo,77.5,0.322903,0.024516,0.5,0.56129,0.885057,0.95,0.960526,1.0,0.712329,4.71934,0.497998,2.550318,0.0,3.662338,0.477759,0.56129,0.931034,0.95,0.962963,1.0,0.051282,4.768041,0.531881,2.597054,0.0,,,0.322903,0.024516,108,speed + benchmark
108 / nlvo / speed + benchmark,nlvo,329.0,0.08858,0.001465,1.0,0.463526,0.563934,0.95,0.871951,1.0,0.409091,4.781034,0.470172,2.70805,0.0,3.59731,0.438793,0.463526,0.688525,0.95,0.913043,1.0,0.005291,4.941788,0.548606,2.70805,0.0,,,0.08858,0.001465,108,speed + benchmark
108 / other / speed + benchmark,other,63.5,0.0,0.0,,0.527559,0.820896,0.95,0.980392,1.0,0.0,4.609708,0.555965,2.70805,0.0,,,0.527559,0.910448,0.95,0.965517,1.0,0.0,4.711594,0.613053,2.70805,0.0,,,0.0,0.0,108,speed + benchmark
108 / mixed / speed + benchmark,mixed,470.0,0.118248,0.005141,0.6,0.488298,0.662309,0.95,0.914089,1.0,0.421053,4.734411,0.496149,2.70805,0.0,3.623502,0.452707,0.488298,0.766885,0.95,0.933526,1.0,0.01548,4.861915,0.563657,2.70805,0.0,,,0.118248,0.005141,108,speed + benchmark
108 / lvo / speed + onset,lvo,77.5,0.265929,0.036204,0.5,0.828872,0.885057,0.95,0.960526,1.0,0.39726,4.71934,0.497998,2.550318,0.0,3.662338,0.477759,0.828872,0.931034,0.95,0.962963,1.0,0.051282,4.768041,0.531881,2.597054,0.0,,,0.265929,0.036204,108,speed + onset
108 / nlvo / speed + onset,nlvo,329.0,0.107026,0.002408,1.0,0.761925,0.563934,0.95,0.871951,1.0,0.300699,4.781034,0.470172,2.70805,0.0,3.59731,0.438793,0.761925,0.688525,0.95,0.913043,1.0,0.005291,4.941788,0.548606,2.70805,0.0,,,0.107026,0.002408,108,speed + onset
108 / other / speed + onset,other,63.5,0.0,0.0,,0.785804,0.820896,0.95,0.980392,1.0,0.0,4.609708,0.555965,2.70805,0.0,,,0.785804,0.910448,0.95,0.965517,1.0,0.0,4.711594,0.613053,2.70805,0.0,,,0.0,0.0,108,speed + onset
108 / mixed / speed + onset,mixed,470.0,0.12202,0.008252,0.6,0.783802,0.662309,0.95,0.914089,1.0,0.270677,4.734411,0.496149,2.70805,0.0,3.623502,0.452707,0.783802,0.766885,0.95,0.933526,1.0,0.01548,4.861915,0.563657,2.70805,0.0,,,0.12202,0.008252,108,speed + onset
108 / lvo / speed + onset + benchmark,lvo,77.5,0.476839,0.036204,0.5,0.828872,0.885057,0.95,0.960526,1.0,0.712329,4.71934,0.497998,2.550318,0.0,3.662338,0.477759,0.828872,0.931034,0.95,0.962963,1.0,0.051282,4.768041,0.531881,2.597054,0.0,,,0.476839,0.036204,108,speed + onset + benchmark
108 / nlvo / speed + onset + benchmark,nlvo,329.0,0.145605,0.002408,1.0,0.761925,0.563934,0.95,0.871951,1.0,0.409091,4.781034,0.470172,2.70805,0.0,3.59731,0.438793,0.761925,0.688525,0.95,0.913043,1.0,0.005291,4.941788,0.548606,2.70805,0.0,,,0.145605,0.002408,108,speed + onset + benchmark
108 / other / speed + onset + benchmark,other,63.5,0.0,0.0,,0.785804,0.820896,0.95,0.980392,1.0,0.0,4.609708,0.555965,2.70805,0.0,,,0.785804,0.910448,0.95,0.965517,1.0,0.0,4.711594,0.613053,2.70805,0.0,,,0.0,0.0,108,speed + onset + benchmark
108 / mixed / speed + onset + benchmark,mixed,470.0,0.189808,0.008252,0.6,0.783802,0.662309,0.95,0.914089,1.0,0.421053,4.734411,0.496149,2.70805,0.0,3.623502,0.452707,0.783802,0.766885,0.95,0.933526,1.0,0.01548,4.861915,0.563657,2.70805,0.0,,,0.189808,0.008252,108,speed + onset + benchmark
109 / lvo / base,lvo,5.5,0.272727,0.0,,0.727273,0.75,0.833333,0.8,1.0,0.5,,,,,,,0.727273,1.0,1.0,0.75,1.0,0.0,,,,,,,0.181818,0.0,109,base
109 / nlvo / base,nlvo,57.5,0.13913,0.0,,0.634783,0.493151,0.944444,0.911765,1.0,0.516129,4.690667,0.589784,2.627976,1.312351,3.857473,0.533359,0.634783,0.60274,1.0,0.818182,1.0,0.0,4.876786,0.66783,2.939384,1.491942,,,0.139131,0.0,109,base
109 / other / base,other,5.0,0.0,0.0,,0.7,0.714286,1.0,1.0,1.0,0.0,,,,,,,0.7,0.714286,1.0,1.0,1.0,0.0,,,,,,,0.0,0.0,109,base
109 / mixed / base,mixed,68.0,0.139706,0.0,,0.647059,0.534091,0.93617,0.909091,1.0,0.45,4.701439,0.571638,2.620888,1.24844,3.806899,0.532981,0.647059,0.647727,1.0,0.824561,1.0,0.0,4.873567,0.643077,2.981004,1.471029,,,0.132353,0.0,109,base
109 / lvo / benchmark,lvo,5.5,0.181818,0.0,,0.727273,0.75,0.833333,0.8,1.0,0.5,,,,,,,0.727273,1.0,1.0,0.75,1.0,0.0,,,,,,,0.181818,0.0,109,benchmark
109 / nlvo / benchmark,nlvo,57.5,0.116812,0.0,,0.634783,0.493151,0.944444,0.911765,1.0,0.433333,4.690667,0.589784,2.627976,1.312351,3.857473,0.533359,0.634783,0.60274,1.0,0.818182,1.0,0.0,4.876786,0.66783,2.939384,1.491942,,,0.116812,0.0,109,benchmark
109 / other / benchmark,other,5.0,0.0,0.0,,0.7,0.714286,1.0,1.0,1.0,0.0,,,,,,,0.7,0.714286,1.0,1.0,1.0,0.0,,,,,,,0.0,0.0,109,benchmark
109 / mixed / benchmark,mixed,68.0,0.117647,0.0,,0.647059,0.534091,0.93617,0.909091,1.0,0.4,4.701439,0.571638,2.620888,1.24844,3.806899,0.532981,0.647059,0.647727,1.0,0.824561,1.0,0.0,4.873567,0.643077,2.981004,1.471029,,,0.117647,0.0,109,benchmark
109 / lvo / onset,lvo,5.5,0.207218,0.0,,0.828872,0.75,0.833333,0.8,1.0,0.5,,,,,,,0.828872,1.0,1.0,0.75,1.0,0.0,,,,,,,0.207218,0.0,109,onset
109 / nlvo / onset,nlvo,57.5,0.166997,0.0,,0.761925,0.493151,0.944444,0.911765,1.0,0.516129,4.690667,0.589784,2.627976,1.312351,3.857473,0.533359,0.761925,0.60274,1.0,0.818182,1.0,0.0,4.876786,0.66783,2.939384,1.491942,,,0.166997,0.0,109,onset
109 / other / onset,other,5.0,0.0,0.0,,0.785804,0.714286,1.0,1.0,1.0,0.0,,,,,,,0.785804,0.714286,1.0,1.0,1.0,0.0,,,,,,,0.0,0.0,109,onset
109 / mixed / onset,mixed,68.0,0.160323,0.0,,0.783802,0.534091,0.93617,0.909091,1.0,0.45,4.701439,0.571638,2.620888,1.24844,3.806899,0.532981,0.783802,0.647727,1.0,0.824561,1.0,0.0,4.873567,0.643077,2.981004,1.471029,,,0.160323,0.0,109,onset
109 / lvo / speed,lvo,5.5,0.207273,0.0,,0.727273,0.75,0.95,0.8,1.0,0.5,,,,0.0,,,0.727273,1.0,0.95,0.75,1.0,0.0,,,,0.0,,,0.207273,0.0,109,speed
109 / nlvo / speed,nlvo,57.5,0.139949,0.0,,0.634783,0.493151,0.95,0.911765,1.0,0.516129,4.690667,0.589784,2.627976,0.0,3.857473,0.533359,0.634783,0.60274,0.95,0.818182,1.0,0.0,4.876786,0.66783,2.70805,0.0,,,0.139949,0.0,109,speed
109 / other / speed,other,5.0,0.0,0.0,,0.7,0.714286,0.95,1.0,1.0,0.0,,,,0.0,,,0.7,0.714286,0.95,1.0,1.0,0.0,,,,0.0,,,0.0,0.0,109,speed
109 / mixed / speed,mixed,68.0,0.134308,0.0,,0.647059,0.534091,0.95,0.909091,1.0,0.45,4.701439,0.571638,2.620888,0.0,3.806899,0.532981,0.647059,0.647727,0.95,0.824561,1.0,0.0,4.873567,0.643077,2.70805,0.0,,,0.134308,0.0,109,speed
109 / lvo / onset + benchmark,lvo,5.5,0.207218,0.0,,0.828872,0.75,0.833333,0.8,1.0,0.5,,,,,,,0.828872,1.0,1.0,0.75,1.0,0.0,,,,,,,0.207218,0.0,109,onset + benchmark
109 / nlvo / onset + benchmark,nlvo,57.5,0.140208,0.0,,0.761925,0.493151,0.944444,0.911765,1.0,0.433333,4.690667,0.589784,2.627976,1.312351,3.857473,0.533359,0.761925,0.60274,1.0,0.818182,1.0,0.0,4.876786,0.66783,2.939384,1.491942,,,0.140208,0.0,109,onset + benchmark
109 / other / onset + benchmark,other,5.0,0.0,0.0,,0.785804,0.714286,1.0,1.0,1.0,0.0,,,,,,,0.785804,0.714286,1.0,1.0,1.0,0.0,,,,,,,0.0,0.0,109,onset + benchmark
109 / mixed / onset + benchmark,mixed,68.0,0.142509,0.0,,0.783802,0.534091,0.93617,0.909091,1.0,0.4,4.701439,0.571638,2.620888,1.24844,3.806899,0.532981,0.783802,0.647727,1.0,0.824561,1.0,0.0,4.873567,0.643077,2.981004,1.471029,,,0.142509,0.0,109,onset + benchmark
109 / lvo / speed + benchmark,lvo,5.5,0.207273,0.0,,0.727273,0.75,0.95,0.8,1.0,0.5,,,,0.0,,,0.727273,1.0,0.95,0.75,1.0,0.0,,,,0.0,,,0.207273,0.0,109,speed + benchmark
109 / nlvo / speed + benchmark,nlvo,57.5,0.117499,0.0,,0.634783,0.493151,0.95,0.911765,1.0,0.433333,4.690667,0.589784,2.627976,0.0,3.857473,0.533359,0.634783,0.60274,0.95,0.818182,1.0,0.0,4.876786,0.66783,2.70805,0.0,,,0.117499,0.0,109,speed + benchmark
109 / other / speed + benchmark,other,5.0,0.0,0.0,,0.7,0.714286,0.95,1.0,1.0,0.0,,,,0.0,,,0.7,0.714286,0.95,1.0,1.0,0.0,,,,0.0,,,0.0,0.0,109,speed + benchmark
109 / mixed / speed + benchmark,mixed,68.0,0.119385,0.0,,0.647059,0.534091,0.95,0.909091,1.0,0.4,4.701439,0.571638,2.620888,0.0,3.806899,0.532981,0.647059,0.647727,0.95,0.824561,1.0,0.0,4.873567,0.643077,2.70805,0.0,,,0.119385,0.0,109,speed + benchmark
109 / lvo / speed + onset,lvo,5.5,0.236229,0.0,,0.828872,0.75,0.95,0.8,1.0,0.5,,,,0.0,,,0.828872,1.0,0.95,0.75,1.0,0.0,,,,0.0,,,0.236229,0.0,109,speed + onset
109 / nlvo / speed + onset,nlvo,57.5,0.16798,0.0,,0.761925,0.493151,0.95,0.911765,1.0,0.516129,4.690667,0.589784,2.627976,0.0,3.857473,0.533359,0.761925,0.60274,0.95,0.818182,1.0,0.0,4.876786,0.66783,2.70805,0.0,,,0.16798,0.0,109,speed + onset
109 / other / speed + onset,other,5.0,0.0,0.0,,0.785804,0.714286,0.95,1.0,1.0,0.0,,,,0.0,,,0.785804,0.714286,0.95,1.0,1.0,0.0,,,,0.0,,,0.0,0.0,109,speed + onset
109 / mixed / speed + onset,mixed,68.0,0.162691,0.0,,0.783802,0.534091,0.95,0.909091,1.0,0.45,4.701439,0.571638,2.620888,0.0,3.806899,0.532981,0.783802,0.647727,0.95,0.824561,1.0,0.0,4.873567,0.643077,2.70805,0.0,,,0.162691,0.0,109,speed + onset
109 / lvo / speed + onset + benchmark,lvo,5.5,0.236229,0.0,,0.828872,0.75,0.95,0.8,1.0,0.5,,,,0.0,,,0.828872,1.0,0.95,0.75,1.0,0.0,,,,0.0,,,0.236229,0.0,109,speed + onset + benchmark
109 / nlvo / speed + onset + benchmark,nlvo,57.5,0.141033,0.0,,0.761925,0.493151,0.95,0.911765,1.0,0.433333,4.690667,0.589784,2.627976,0.0,3.857473,0.533359,0.761925,0.60274,0.95,0.818182,1.0,0.0,4.876786,0.66783,2.70805,0.0,,,0.141033,0.0,109,speed + onset + benchmark
109 / other / speed + onset + benchmark,other,5.0,0.0,0.0,,0.785804,0.714286,0.95,1.0,1.0,0.0,,,,0.0,,,0.785804,0.714286,0.95,1.0,1.0,0.0,,,,0.0,,,0.0,0.0,109,speed + onset + benchmark
109 / mixed / speed + onset + benchmark,mixed,68.0,0.144615,0.0,,0.783802,0.534091,0.95,0.909091,1.0,0.4,4.701439,0.571638,2.620888,0.0,3.806899,0.532981,0.783802,0.647727,0.95,0.824561,1.0,0.0,4.873567,0.643077,2.70805,0.0,,,0.144615,0.0,109,speed + onset + benchmark
110 / lvo / base,lvo,102.5,0.263415,0.170732,0.542857,0.541463,0.837838,1.0,0.967742,1.0,0.577778,4.459905,0.496197,2.833899,0.877736,3.353342,0.590559,0.541463,0.927928,1.0,0.961165,1.0,0.272727,4.580791,0.60036,2.901245,0.876395,4.633947,0.538753,0.253659,0.131707,110,base
110 / nlvo / base,nlvo,301.0,0.089701,0.008306,0.6,0.45515,0.558394,0.96732,0.858108,1.0,0.401575,4.668307,0.527772,3.373401,1.107046,3.160844,0.898196,0.45515,0.678832,0.983871,0.885246,1.0,0.018519,4.844571,0.613322,3.501537,1.157596,,,0.084718,0.004984,110,base
110 / other / base,other,52.5,0.0,0.0,,0.457143,0.770833,0.918919,0.882353,1.0,0.0,4.606154,0.503212,3.002664,0.964906,,,0.457143,0.791667,0.921053,0.971429,1.0,0.0,4.63969,0.537695,3.084405,1.066547,,,0.0,0.0,110,base
110 / mixed / base,mixed,456.0,0.118421,0.04386,0.55,0.474781,0.65358,0.971731,0.898182,1.0,0.417004,4.591695,0.521275,3.145114,1.044921,3.258027,0.761053,0.474781,0.755196,0.981651,0.919003,1.0,0.101695,4.737676,0.611939,3.263438,1.098169,4.73819,0.756455,0.112939,0.032895,110,base
110 / lvo / benchmark,lvo,102.5,0.312195,0.131707,0.542857,0.541463,0.837838,1.0,0.967742,1.0,0.711111,4.459905,0.496197,2.833899,0.877736,3.353342,0.590559,0.541463,0.927928,1.0,0.961165,1.0,0.272727,4.580791,0.60036,2.901245,0.876395,4.633947,0.538753,0.312195,0.131707,110,benchmark
110 / nlvo / benchmark,nlvo,301.0,0.092406,0.004984,0.6,0.45515,0.558394,0.96732,0.858108,1.0,0.438017,4.668307,0.527772,3.373401,1.107046,3.160844,0.898196,0.45515,0.678832,0.983871,0.885246,1.0,0.018519,4.844571,0.613322,3.501537,1.157596,,,0.092406,0.004984,110,benchmark
110 / other / benchmark,other,52.5,0.0,0.0,,0.457143,0.770833,0.918919,0.882353,1.0,0.0,4.606154,0.503212,3.002664,0.964906,,,0.457143,0.791667,0.921053,0.971429,1.0,0.0,4.63969,0.537695,3.084405,1.066547,,,0.0,0.0,110,benchmark
110 / mixed / benchmark,mixed,456.0,0.133772,0.032895,0.55,0.474781,0.65358,0.971731,0.898182,1.0,0.493927,4.591695,0.521275,3.145114,1.044921,3.258027,0.761053,0.474781,0.755196,0.981651,0.919003,1.0,0.101695,4.737676,0.611939,3.263438,1.098169,4.73819,0.756455,0.133772,0.032895,110,benchmark
110 / lvo / onset,lvo,102.5,0.388301,0.201617,0.542857,0.828872,0.837838,1.0,0.967742,1.0,0.577778,4.459905,0.496197,2.833899,0.877736,3.353342,0.590559,0.828872,0.927928,1.0,0.961165,1.0,0.272727,4.580791,0.60036,2.901245,0.876395,4.633947,0.538753,0.388301,0.201617,110,onset
110 / nlvo / onset,nlvo,301.0,0.141818,0.008342,0.6,0.761925,0.558394,0.96732,0.858108,1.0,0.401575,4.668307,0.527772,3.373401,1.107046,3.160844,0.898196,0.761925,0.678832,0.983871,0.885246,1.0,0.018519,4.844571,0.613322,3.501537,1.157596,,,0.141818,0.008342,110,onset
110 / other / onset,other,52.5,0.0,0.0,,0.785804,0.770833,0.918919,0.882353,1.0,0.0,4.606154,0.503212,3.002664,0.964906,,,0.785804,0.791667,0.921053,0.971429,1.0,0.0,4.63969,0.537695,3.084405,1.066547,,,0.0,0.0,110,onset
110 / mixed / onset,mixed,456.0,0.186447,0.054305,0.55,0.783802,0.65358,0.971731,0.898182,1.0,0.417004,4.591695,0.521275,3.145114,1.044921,3.258027,0.761053,0.783802,0.755196,0.981651,0.919003,1.0,0.101695,4.737676,0.611939,3.263438,1.098169,4.73819,0.756455,0.186447,0.054305,110,onset
110 / lvo / speed,lvo,102.5,0.240976,0.125122,0.542857,0.541463,0.837838,0.95,0.967742,1.0,0.577778,4.459905,0.496197,2.70805,0.0,3.353342,0.590559,0.541463,0.927928,0.95,0.961165,1.0,0.272727,4.580791,0.60036,2.70805,0.0,4.633947,0.538753,0.240976,0.125122,110,speed
110 / nlvo / speed,nlvo,301.0,0.083201,0.004812,0.6,0.45515,0.558394,0.95,0.858108,1.0,0.401575,4.668307,0.527772,2.70805,0.0,3.160844,0.898196,0.45515,0.678832,0.95,0.885246,1.0,0.018519,4.844571,0.613322,2.70805,0.0,,,0.083201,0.004812,110,speed
110 / other / speed,other,52.5,0.0,0.0,,0.457143,0.770833,0.95,0.882353,1.0,0.0,4.606154,0.503212,2.70805,0.0,,,0.457143,0.791667,0.95,0.971429,1.0,0.0,4.63969,0.537695,2.70805,0.0,,,0.0,0.0,110,speed
110 / mixed / speed,mixed,456.0,0.110413,0.031834,0.55,0.474781,0.65358,0.95,0.898182,1.0,0.417004,4.591695,0.521275,2.70805,0.0,3.258027,0.761053,0.474781,0.755196,0.95,0.919003,1.0,0.101695,4.737676,0.611939,2.70805,0.0,4.73819,0.756455,0.110413,0.031834,110,speed
110 / lvo / onset + benchmark,lvo,102.5,0.477908,0.201617,0.542857,0.828872,0.837838,1.0,0.967742,1.0,0.711111,4.459905,0.496197,2.833899,0.877736,3.353342,0.590559,0.828872,0.927928,1.0,0.961165,1.0,0.272727,4.580791,0.60036,2.901245,0.876395,4.633947,0.538753,0.477908,0.201617,110,onset + benchmark
110 / nlvo / onset + benchmark,nlvo,301.0,0.154688,0.008342,0.6,0.761925,0.558394,0.96732,0.858108,1.0,0.438017,4.668307,0.527772,3.373401,1.107046,3.160844,0.898196,0.761925,0.678832,0.983871,0.885246,1.0,0.018519,4.844571,0.613322,3.501537,1.157596,,,0.154688,0.008342,110,onset + benchmark
110 / other / onset + benchmark,other,52.5,0.0,0.0,,0.785804,0.770833,0.918919,0.882353,1.0,0.0,4.606154,0.503212,3.002664,0.964906,,,0.785804,0.791667,0.921053,0.971429,1.0,0.0,4.63969,0.537695,3.084405,1.066547,,,0.0,0.0,110,onset + benchmark
110 / mixed / onset + benchmark,mixed,456.0,0.22084,0.054305,0.55,0.783802,0.65358,0.971731,0.898182,1.0,0.493927,4.591695,0.521275,3.145114,1.044921,3.258027,0.761053,0.783802,0.755196,0.981651,0.919003,1.0,0.101695,4.737676,0.611939,3.263438,1.098169,4.73819,0.756455,0.22084,0.054305,110,onset + benchmark
110 / lvo / speed + benchmark,lvo,102.5,0.296585,0.125122,0.542857,0.541463,0.837838,0.95,0.967742,1.0,0.711111,4.459905,0.496197,2.70805,0.0,3.353342,0.590559,0.541463,0.927928,0.95,0.961165,1.0,0.272727,4.580791,0.60036,2.70805,0.0,4.633947,0.538753,0.296585,0.125122,110,speed + benchmark
110 / nlvo / speed + benchmark,nlvo,301.0,0.090751,0.004812,0.6,0.45515,0.558394,0.95,0.858108,1.0,0.438017,4.668307,0.527772,2.70805,0.0,3.160844,0.898196,0.45515,0.678832,0.95,0.885246,1.0,0.018519,4.844571,0.613322,2.70805,0.0,,,0.090751,0.004812,110,speed + benchmark
110 / other / speed + benchmark,other,52.5,0.0,0.0,,0.457143,0.770833,0.95,0.882353,1.0,0.0,4.606154,0.503212,2.70805,0.0,,,0.457143,0.791667,0.95,0.971429,1.0,0.0,4.63969,0.537695,2.70805,0.0,,,0.0,0.0,110,speed + benchmark
110 / mixed / speed + benchmark,mixed,456.0,0.13078,0.031834,0.55,0.474781,0.65358,0.95,0.898182,1.0,0.493927,4.591695,0.521275,2.70805,0.0,3.258027,0.761053,0.474781,0.755196,0.95,0.919003,1.0,0.101695,4.737676,0.611939,2.70805,0.0,4.73819,0.756455,0.13078,0.031834,110,speed + benchmark
110 / lvo / speed + onset,lvo,102.5,0.368886,0.191536,0.542857,0.828872,0.837838,0.95,0.967742,1.0,0.577778,4.459905,0.496197,2.70805,0.0,3.353342,0.590559,0.828872,0.927928,0.95,0.961165,1.0,0.272727,4.580791,0.60036,2.70805,0.0,4.633947,0.538753,0.368886,0.191536,110,speed + onset
110 / nlvo / speed + onset,nlvo,301.0,0.139279,0.008055,0.6,0.761925,0.558394,0.95,0.858108,1.0,0.401575,4.668307,0.527772,2.70805,0.0,3.160844,0.898196,0.761925,0.678832,0.95,0.885246,1.0,0.018519,4.844571,0.613322,2.70805,0.0,,,0.139279,0.008055,110,speed + onset
110 / other / speed + onset,other,52.5,0.0,0.0,,0.785804,0.770833,0.95,0.882353,1.0,0.0,4.606154,0.503212,2.70805,0.0,,,0.785804,0.791667,0.95,0.971429,1.0,0.0,4.63969,0.537695,2.70805,0.0,,,0.0,0.0,110,speed + onset
110 / mixed / speed + onset,mixed,456.0,0.182277,0.052554,0.55,0.783802,0.65358,0.95,0.898182,1.0,0.417004,4.591695,0.521275,2.70805,0.0,3.258027,0.761053,0.783802,0.755196,0.95,0.919003,1.0,0.101695,4.737676,0.611939,2.70805,0.0,4.73819,0.756455,0.182277,0.052554,110,speed + onset
110 / lvo / speed + onset + benchmark,lvo,102.5,0.454013,0.191536,0.542857,0.828872,0.837838,0.95,0.967742,1.0,0.711111,4.459905,0.496197,2.70805,0.0,3.353342,0.590559,0.828872,0.927928,0.95,0.961165,1.0,0.272727,4.580791,0.60036,2.70805,0.0,4.633947,0.538753,0.454013,0.191536,110,speed + onset + benchmark
110 / nlvo / speed + onset + benchmark,nlvo,301.0,0.151918,0.008055,0.6,0.761925,0.558394,0.95,0.858108,1.0,0.438017,4.668307,0.527772,2.70805,0.0,3.160844,0.898196,0.761925,0.678832,0.95,0.885246,1.0,0.018519,4.844571,0.613322,2.70805,0.0,,,0.151918,0.008055,110,speed + onset + benchmark
110 / other / speed + onset + benchmark,other,52.5,0.0,0.0,,0.785804,0.770833,0.95,0.882353,1.0,0.0,4.606154,0.503212,2.70805,0.0,,,0.785804,0.791667,0.95,0.971429,1.0,0.0,4.63969,0.537695,2.70805,0.0,,,0.0,0.0,110,speed + onset + benchmark
110 / mixed / speed + onset + benchmark,mixed,456.0,0.215902,0.052554,0.55,0.783802,0.65358,0.95,0.898182,1.0,0.493927,4.591695,0.521275,2.70805,0.0,3.258027,0.761053,0.783802,0.755196,0.95,0.919003,1.0,0.101695,4.737676,0.611939,2.70805,0.0,4.73819,0.756455,0.215902,0.052554,110,speed + onset + benchmark
111 / lvo / base,lvo,93.0,0.236559,0.026882,0.6,0.623656,0.758621,0.988636,0.977011,1.0,0.505882,4.382011,0.639795,2.671415,0.993825,3.365906,0.723752,0.623656,0.818966,0.989474,0.968085,1.0,0.054945,4.478698,0.706194,2.722123,1.033198,,,0.231183,0.026882,111,base
111 / nlvo / base,nlvo,304.5,0.077176,0.001642,1.0,0.464696,0.586572,0.96988,0.875776,1.0,0.333333,4.538061,0.543469,3.234244,1.117711,3.492151,0.531598,0.464696,0.696113,0.979695,0.901554,1.0,0.005747,4.722364,0.658768,3.364212,1.131485,,,0.077176,0.001642,111,base
111 / other / base,other,60.0,0.0,0.0,,0.525,0.68254,0.953488,0.902439,1.0,0.0,4.447554,0.581382,3.42981,1.032597,,,0.525,0.761905,1.0,0.958333,1.0,0.0,4.562347,0.64641,3.600979,1.116625,,,0.0,0.0,111,base
111 / mixed / base,mixed,457.5,0.099454,0.006557,0.666667,0.504918,0.642857,0.973064,0.910035,1.0,0.342205,4.47872,0.581215,3.092556,1.103659,3.431834,0.630299,0.504918,0.735931,0.985294,0.928358,1.0,0.019293,4.63169,0.677604,3.217969,1.145114,,,0.098361,0.006558,111,base
111 / lvo / benchmark,lvo,93.0,0.322581,0.026882,0.6,0.623656,0.758621,0.988636,0.977011,1.0,0.705882,4.382011,0.639795,2.671415,0.993825,3.365906,0.723752,0.623656,0.818966,0.989474,0.968085,1.0,0.054945,4.478698,0.706194,2.722123,1.033198,,,0.322581,0.026882,111,benchmark
111 / nlvo / benchmark,nlvo,304.5,0.106602,0.001642,1.0,0.464696,0.586572,0.96988,0.875776,1.0,0.460432,4.538061,0.543469,3.234244,1.117711,3.492151,0.531598,0.464696,0.696113,0.979695,0.901554,1.0,0.005747,4.722364,0.658768,3.364212,1.131485,,,0.106602,0.001642,111,benchmark
111 / other / benchmark,other,60.0,0.0,0.0,,0.525,0.68254,0.953488,0.902439,1.0,0.0,4.447554,0.581382,3.42981,1.032597,,,0.525,0.761905,1.0,0.958333,1.0,0.0,4.562347,0.64641,3.600979,1.116625,,,0.0,0.0,111,benchmark
111 / mixed / benchmark,mixed,457.5,0.137705,0.006558,0.666667,0.504918,0.642857,0.973064,0.910035,1.0,0.479087,4.47872,0.581215,3.092556,1.103659,3.431834,0.630299,0.504918,0.735931,0.985294,0.928358,1.0,0.019293,4.63169,0.677604,3.217969,1.145114,,,0.137705,0.006558,111,benchmark
111 / lvo / onset,lvo,93.0,0.307254,0.035727,0.6,0.828872,0.758621,0.988636,0.977011,1.0,0.505882,4.382011,0.639795,2.671415,0.993825,3.365906,0.723752,0.828872,0.818966,0.989474,0.968085,1.0,0.054945,4.478698,0.706194,2.722123,1.033198,,,0.307254,0.035727,111,onset
111 / nlvo / onset,nlvo,304.5,0.126539,0.002692,1.0,0.761925,0.586572,0.96988,0.875776,1.0,0.333333,4.538061,0.543469,3.234244,1.117711,3.492151,0.531598,0.761925,0.696113,0.979695,0.901554,1.0,0.005747,4.722364,0.658768,3.364212,1.131485,,,0.126539,0.002692,111,onset
111 / other / onset,other,60.0,0.0,0.0,,0.785804,0.68254,0.953488,0.902439,1.0,0.0,4.447554,0.581382,3.42981,1.032597,,,0.785804,0.761905,1.0,0.958333,1.0,0.0,4.562347,0.64641,3.600979,1.116625,,,0.0,0.0,111,onset
111 / mixed / onset,mixed,457.5,0.152688,0.010179,0.666667,0.783802,0.642857,0.973064,0.910035,1.0,0.342205,4.47872,0.581215,3.092556,1.103659,3.431834,0.630299,0.783802,0.735931,0.985294,0.928358,1.0,0.019293,4.63169,0.677604,3.217969,1.145114,,,0.152688,0.010179,111,onset
111 / lvo / speed,lvo,93.0,0.222148,0.025809,0.6,0.623656,0.758621,0.95,0.977011,1.0,0.505882,4.382011,0.639795,2.671415,0.0,3.365906,0.723752,0.623656,0.818966,0.95,0.968085,1.0,0.054945,4.478698,0.706194,2.70805,0.0,,,0.222148,0.025809,111,speed
111 / nlvo / speed,nlvo,304.5,0.075594,0.001592,1.0,0.464696,0.586572,0.95,0.875776,1.0,0.333333,4.538061,0.543469,2.70805,0.0,3.492151,0.531598,0.464696,0.696113,0.95,0.901554,1.0,0.005747,4.722364,0.658768,2.70805,0.0,,,0.075594,0.001592,111,speed
111 / other / speed,other,60.0,0.0,0.0,,0.525,0.68254,0.95,0.902439,1.0,0.0,4.447554,0.581382,2.70805,0.0,,,0.525,0.761905,0.95,0.958333,1.0,0.0,4.562347,0.64641,2.70805,0.0,,,0.0,0.0,111,speed
111 / mixed / speed,mixed,457.5,0.096029,0.006323,0.666667,0.504918,0.642857,0.95,0.910035,1.0,0.342205,4.47872,0.581215,2.70805,0.0,3.431834,0.630299,0.504918,0.735931,0.95,0.928358,1.0,0.019293,4.63169,0.677604,2.70805,0.0,,,0.096029,0.006323,111,speed
111 / lvo / onset + benchmark,lvo,93.0,0.428727,0.035727,0.6,0.828872,0.758621,0.988636,0.977011,1.0,0.705882,4.382011,0.639795,2.671415,0.993825,3.365906,0.723752,0.828872,0.818966,0.989474,0.968085,1.0,0.054945,4.478698,0.706194,2.722123,1.033198,,,0.428727,0.035727,111,onset + benchmark
111 / nlvo / onset + benchmark,nlvo,304.5,0.174787,0.002692,1.0,0.761925,0.586572,0.96988,0.875776,1.0,0.460432,4.538061,0.543469,3.234244,1.117711,3.492151,0.531598,0.761925,0.696113,0.979695,0.901554,1.0,0.005747,4.722364,0.658768,3.364212,1.131485,,,0.174787,0.002692,111,onset + benchmark
111 / other / onset + benchmark,other,60.0,0.0,0.0,,0.785804,0.68254,0.953488,0.902439,1.0,0.0,4.447554,0.581382,3.42981,1.032597,,,0.785804,0.761905,1.0,0.958333,1.0,0.0,4.562347,0.64641,3.600979,1.116625,,,0.0,0.0,111,onset + benchmark
111 / mixed / onset + benchmark,mixed,457.5,0.213764,0.010179,0.666667,0.783802,0.642857,0.973064,0.910035,1.0,0.479087,4.47872,0.581215,3.092556,1.103659,3.431834,0.630299,0.783802,0.735931,0.985294,0.928358,1.0,0.019293,4.63169,0.677604,3.217969,1.145114,,,0.213764,0.010179,111,onset + benchmark
111 / lvo / speed + benchmark,lvo,93.0,0.309974,0.025809,0.6,0.623656,0.758621,0.95,0.977011,1.0,0.705882,4.382011,0.639795,2.671415,0.0,3.365906,0.723752,0.623656,0.818966,0.95,0.968085,1.0,0.054945,4.478698,0.706194,2.70805,0.0,,,0.309974,0.025809,111,speed + benchmark
111 / nlvo / speed + benchmark,nlvo,304.5,0.104417,0.001592,1.0,0.464696,0.586572,0.95,0.875776,1.0,0.460432,4.538061,0.543469,2.70805,0.0,3.492151,0.531598,0.464696,0.696113,0.95,0.901554,1.0,0.005747,4.722364,0.658768,2.70805,0.0,,,0.104417,0.001592,111,speed + benchmark
111 / other / speed + benchmark,other,60.0,0.0,0.0,,0.525,0.68254,0.95,0.902439,1.0,0.0,4.447554,0.581382,2.70805,0.0,,,0.525,0.761905,0.95,0.958333,1.0,0.0,4.562347,0.64641,2.70805,0.0,,,0.0,0.0,111,speed + benchmark
111 / mixed / speed + benchmark,mixed,457.5,0.134441,0.006323,0.666667,0.504918,0.642857,0.95,0.910035,1.0,0.479087,4.47872,0.581215,2.70805,0.0,3.431834,0.630299,0.504918,0.735931,0.95,0.928358,1.0,0.019293,4.63169,0.677604,2.70805,0.0,,,0.134441,0.006323,111,speed + benchmark
111 / lvo / speed + onset,lvo,93.0,0.295246,0.034302,0.6,0.828872,0.758621,0.95,0.977011,1.0,0.505882,4.382011,0.639795,2.671415,0.0,3.365906,0.723752,0.828872,0.818966,0.95,0.968085,1.0,0.054945,4.478698,0.706194,2.70805,0.0,,,0.295246,0.034302,111,speed + onset
111 / nlvo / speed + onset,nlvo,304.5,0.123945,0.002611,1.0,0.761925,0.586572,0.95,0.875776,1.0,0.333333,4.538061,0.543469,2.70805,0.0,3.492151,0.531598,0.761925,0.696113,0.95,0.901554,1.0,0.005747,4.722364,0.658768,2.70805,0.0,,,0.123945,0.002611,111,speed + onset
111 / other / speed + onset,other,60.0,0.0,0.0,,0.785804,0.68254,0.95,0.902439,1.0,0.0,4.447554,0.581382,2.70805,0.0,,,0.785804,0.761905,0.95,0.958333,1.0,0.0,4.562347,0.64641,2.70805,0.0,,,0.0,0.0,111,speed + onset
111 / mixed / speed + onset,mixed,457.5,0.149069,0.009815,0.666667,0.783802,0.642857,0.95,0.910035,1.0,0.342205,4.47872,0.581215,2.70805,0.0,3.431834,0.630299,0.783802,0.735931,0.95,0.928358,1.0,0.019293,4.63169,0.677604,2.70805,0.0,,,0.149069,0.009815,111,speed + onset
111 / lvo / speed + onset + benchmark,lvo,93.0,0.411972,0.034302,0.6,0.828872,0.758621,0.95,0.977011,1.0,0.705882,4.382011,0.639795,2.671415,0.0,3.365906,0.723752,0.828872,0.818966,0.95,0.968085,1.0,0.054945,4.478698,0.706194,2.70805,0.0,,,0.411972,0.034302,111,speed + onset + benchmark
111 / nlvo / speed + onset + benchmark,nlvo,304.5,0.171205,0.002611,1.0,0.761925,0.586572,0.95,0.875776,1.0,0.460432,4.538061,0.543469,2.70805,0.0,3.492151,0.531598,0.761925,0.696113,0.95,0.901554,1.0,0.005747,4.722364,0.658768,2.70805,0.0,,,0.171205,0.002611,111,speed + onset + benchmark
111 / other / speed + onset + benchmark,other,60.0,0.0,0.0,,0.785804,0.68254,0.95,0.902439,1.0,0.0,4.447554,0.581382,2.70805,0.0,,,0.785804,0.761905,0.95,0.958333,1.0,0.0,4.562347,0.64641,2.70805,0.0,,,0.0,0.0,111,speed + onset + benchmark
111 / mixed / speed + onset + benchmark,mixed,457.5,0.208697,0.009815,0.666667,0.783802,0.642857,0.95,0.910035,1.0,0.479087,4.47872,0.581215,2.70805,0.0,3.431834,0.630299,0.783802,0.735931,0.95,0.928358,1.0,0.019293,4.63169,0.677604,2.70805,0.0,,,0.208697,0.009815,111,speed + onset + benchmark
112 / lvo / base,lvo,87.5,0.308571,0.022857,0.25,0.662857,0.758621,1.0,0.965909,1.0,0.576471,4.453894,0.687858,2.92429,0.789268,3.435847,0.603894,0.662857,0.853448,1.0,0.949495,1.0,0.031915,4.58953,0.755779,3.013473,0.847095,,,0.28,0.017143,112,base
112 / nlvo / base,nlvo,286.5,0.097731,0.001745,0.0,0.47993,0.625455,0.97093,0.832335,1.0,0.352518,4.701065,0.528856,3.383481,0.840185,3.524254,0.661308,0.47993,0.727273,0.97,0.902062,1.0,0.0,4.842798,0.604749,3.520929,0.919528,,,0.085515,0.0,112,base
112 / other / base,other,81.0,0.0,0.0,,0.475309,0.61039,1.0,0.893617,1.0,0.0,4.636666,0.433977,3.428939,0.870352,,,0.475309,0.74026,1.0,0.929825,1.0,0.0,4.808971,0.545946,3.48754,0.899761,,,0.0,0.0,112,base
112 / mixed / base,mixed,455.0,0.120879,0.005495,0.2,0.514286,0.655983,0.983713,0.880795,1.0,0.368421,4.620356,0.575154,3.256752,0.854974,3.48005,0.631544,0.514286,0.760684,0.983146,0.92,1.0,0.009317,4.76695,0.649626,3.371954,0.921931,,,0.107692,0.003297,112,base
112 / lvo / benchmark,lvo,87.5,0.348571,0.017143,0.25,0.662857,0.758621,1.0,0.965909,1.0,0.717647,4.453894,0.687858,2.92429,0.789268,3.435847,0.603894,0.662857,0.853448,1.0,0.949495,1.0,0.031915,4.58953,0.755779,3.013473,0.847095,,,0.348571,0.017143,112,benchmark
112 / nlvo / benchmark,nlvo,286.5,0.105889,0.0,0.0,0.47993,0.625455,0.97093,0.832335,1.0,0.436508,4.701065,0.528856,3.383481,0.840185,3.524254,0.661308,0.47993,0.727273,0.97,0.902062,1.0,0.0,4.842798,0.604749,3.520929,0.919528,,,0.105889,0.0,112,benchmark
112 / other / benchmark,other,81.0,0.0,0.0,,0.475309,0.61039,1.0,0.893617,1.0,0.0,4.636666,0.433977,3.428939,0.870352,,,0.475309,0.74026,1.0,0.929825,1.0,0.0,4.808971,0.545946,3.48754,0.899761,,,0.0,0.0,112,benchmark
112 / mixed / benchmark,mixed,455.0,0.139561,0.003297,0.2,0.514286,0.655983,0.983713,0.880795,1.0,0.477444,4.620356,0.575154,3.256752,0.854974,3.48005,0.631544,0.514286,0.760684,0.983146,0.92,1.0,0.009317,4.76695,0.649626,3.371954,0.921931,,,0.139561,0.003297,112,benchmark
112 / lvo / onset,lvo,87.5,0.350127,0.021436,0.25,0.828872,0.758621,1.0,0.965909,1.0,0.576471,4.453894,0.687858,2.92429,0.789268,3.435847,0.603894,0.828872,0.853448,1.0,0.949495,1.0,0.031915,4.58953,0.755779,3.013473,0.847095,,,0.350127,0.021436,112,onset
112 / nlvo / onset,nlvo,286.5,0.135761,0.0,0.0,0.761925,0.625455,0.97093,0.832335,1.0,0.352518,4.701065,0.528856,3.383481,0.840185,3.524254,0.661308,0.761925,0.727273,0.97,0.902062,1.0,0.0,4.842798,0.604749,3.520929,0.919528,,,0.135761,0.0,112,onset
112 / other / onset,other,81.0,0.0,0.0,,0.785804,0.61039,1.0,0.893617,1.0,0.0,4.636666,0.433977,3.428939,0.870352,,,0.785804,0.74026,1.0,0.929825,1.0,0.0,4.808971,0.545946,3.48754,0.899761,,,0.0,0.0,112,onset
112 / mixed / onset,mixed,455.0,0.164129,0.005024,0.2,0.783802,0.655983,0.983713,0.880795,1.0,0.368421,4.620356,0.575154,3.256752,0.854974,3.48005,0.631544,0.783802,0.760684,0.983146,0.92,1.0,0.009317,4.76695,0.649626,3.371954,0.921931,,,0.164129,0.005024,112,onset
112 / lvo / speed,lvo,87.5,0.266,0.016286,0.25,0.662857,0.758621,0.95,0.965909,1.0,0.576471,4.453894,0.687858,2.70805,0.0,3.435847,0.603894,0.662857,0.853448,0.95,0.949495,1.0,0.031915,4.58953,0.755779,2.70805,0.0,,,0.266,0.016286,112,speed
112 / nlvo / speed,nlvo,286.5,0.083671,0.0,0.0,0.47993,0.625455,0.95,0.832335,1.0,0.352518,4.701065,0.528856,2.70805,0.0,3.524254,0.661308,0.47993,0.727273,0.95,0.902062,1.0,0.0,4.842798,0.604749,2.70805,0.0,,,0.083671,0.0,112,speed
112 / other / speed,other,81.0,0.0,0.0,,0.475309,0.61039,0.95,0.893617,1.0,0.0,4.636666,0.433977,2.70805,0.0,,,0.475309,0.74026,0.95,0.929825,1.0,0.0,4.808971,0.545946,2.70805,0.0,,,0.0,0.0,112,speed
112 / mixed / speed,mixed,455.0,0.104002,0.003186,0.2,0.514286,0.655983,0.95,0.880795,1.0,0.368421,4.620356,0.575154,2.70805,0.0,3.48005,0.631544,0.514286,0.760684,0.95,0.92,1.0,0.009317,4.76695,0.649626,2.70805,0.0,,,0.104002,0.003186,112,speed
112 / lvo / onset + benchmark,lvo,87.5,0.435872,0.021436,0.25,0.828872,0.758621,1.0,0.965909,1.0,0.717647,4.453894,0.687858,2.92429,0.789268,3.435847,0.603894,0.828872,0.853448,1.0,0.949495,1.0,0.031915,4.58953,0.755779,3.013473,0.847095,,,0.435872,0.021436,112,onset + benchmark
112 / nlvo / onset + benchmark,nlvo,286.5,0.168107,0.0,0.0,0.761925,0.625455,0.97093,0.832335,1.0,0.436508,4.701065,0.528856,3.383481,0.840185,3.524254,0.661308,0.761925,0.727273,0.97,0.902062,1.0,0.0,4.842798,0.604749,3.520929,0.919528,,,0.168107,0.0,112,onset + benchmark
112 / other / onset + benchmark,other,81.0,0.0,0.0,,0.785804,0.61039,1.0,0.893617,1.0,0.0,4.636666,0.433977,3.428939,0.870352,,,0.785804,0.74026,1.0,0.929825,1.0,0.0,4.808971,0.545946,3.48754,0.899761,,,0.0,0.0,112,onset + benchmark
112 / mixed / onset + benchmark,mixed,455.0,0.212698,0.005024,0.2,0.783802,0.655983,0.983713,0.880795,1.0,0.477444,4.620356,0.575154,3.256752,0.854974,3.48005,0.631544,0.783802,0.760684,0.983146,0.92,1.0,0.009317,4.76695,0.649626,3.371954,0.921931,,,0.212698,0.005024,112,onset + benchmark
112 / lvo / speed + benchmark,lvo,87.5,0.331143,0.016286,0.25,0.662857,0.758621,0.95,0.965909,1.0,0.717647,4.453894,0.687858,2.70805,0.0,3.435847,0.603894,0.662857,0.853448,0.95,0.949495,1.0,0.031915,4.58953,0.755779,2.70805,0.0,,,0.331143,0.016286,112,speed + benchmark
112 / nlvo / speed + benchmark,nlvo,286.5,0.103607,0.0,0.0,0.47993,0.625455,0.95,0.832335,1.0,0.436508,4.701065,0.528856,2.70805,0.0,3.524254,0.661308,0.47993,0.727273,0.95,0.902062,1.0,0.0,4.842798,0.604749,2.70805,0.0,,,0.103607,0.0,112,speed + benchmark
112 / other / speed + benchmark,other,81.0,0.0,0.0,,0.475309,0.61039,0.95,0.893617,1.0,0.0,4.636666,0.433977,2.70805,0.0,,,0.475309,0.74026,0.95,0.929825,1.0,0.0,4.808971,0.545946,2.70805,0.0,,,0.0,0.0,112,speed + benchmark
112 / mixed / speed + benchmark,mixed,455.0,0.134778,0.003186,0.2,0.514286,0.655983,0.95,0.880795,1.0,0.477444,4.620356,0.575154,2.70805,0.0,3.48005,0.631544,0.514286,0.760684,0.95,0.92,1.0,0.009317,4.76695,0.649626,2.70805,0.0,,,0.134778,0.003186,112,speed + benchmark
112 / lvo / speed + onset,lvo,87.5,0.332621,0.020365,0.25,0.828872,0.758621,0.95,0.965909,1.0,0.576471,4.453894,0.687858,2.70805,0.0,3.435847,0.603894,0.828872,0.853448,0.95,0.949495,1.0,0.031915,4.58953,0.755779,2.70805,0.0,,,0.332621,0.020365,112,speed + onset
112 / nlvo / speed + onset,nlvo,286.5,0.132835,0.0,0.0,0.761925,0.625455,0.95,0.832335,1.0,0.352518,4.701065,0.528856,2.70805,0.0,3.524254,0.661308,0.761925,0.727273,0.95,0.902062,1.0,0.0,4.842798,0.604749,2.70805,0.0,,,0.132835,0.0,112,speed + onset
112 / other / speed + onset,other,81.0,0.0,0.0,,0.785804,0.61039,0.95,0.893617,1.0,0.0,4.636666,0.433977,2.70805,0.0,,,0.785804,0.74026,0.95,0.929825,1.0,0.0,4.808971,0.545946,2.70805,0.0,,,0.0,0.0,112,speed + onset
112 / mixed / speed + onset,mixed,455.0,0.158504,0.004855,0.2,0.783802,0.655983,0.95,0.880795,1.0,0.368421,4.620356,0.575154,2.70805,0.0,3.48005,0.631544,0.783802,0.760684,0.95,0.92,1.0,0.009317,4.76695,0.649626,2.70805,0.0,,,0.158504,0.004855,112,speed + onset
112 / lvo / speed + onset + benchmark,lvo,87.5,0.414079,0.020365,0.25,0.828872,0.758621,0.95,0.965909,1.0,0.717647,4.453894,0.687858,2.70805,0.0,3.435847,0.603894,0.828872,0.853448,0.95,0.949495,1.0,0.031915,4.58953,0.755779,2.70805,0.0,,,0.414079,0.020365,112,speed + onset + benchmark
112 / nlvo / speed + onset + benchmark,nlvo,286.5,0.164483,0.0,0.0,0.761925,0.625455,0.95,0.832335,1.0,0.436508,4.701065,0.528856,2.70805,0.0,3.524254,0.661308,0.761925,0.727273,0.95,0.902062,1.0,0.0,4.842798,0.604749,2.70805,0.0,,,0.164483,0.0,112,speed + onset + benchmark
112 / other / speed + onset + benchmark,other,81.0,0.0,0.0,,0.785804,0.61039,0.95,0.893617,1.0,0.0,4.636666,0.433977,2.70805,0.0,,,0.785804,0.74026,0.95,0.929825,1.0,0.0,4.808971,0.545946,2.70805,0.0,,,0.0,0.0,112,speed + onset + benchmark
112 / mixed / speed + onset + benchmark,mixed,455.0,0.205409,0.004855,0.2,0.783802,0.655983,0.95,0.880795,1.0,0.477444,4.620356,0.575154,2.70805,0.0,3.48005,0.631544,0.783802,0.760684,0.95,0.92,1.0,0.009317,4.76695,0.649626,2.70805,0.0,,,0.205409,0.004855,112,speed + onset + benchmark
113 / lvo / base,lvo,59.0,0.381356,0.016949,1.0,0.822034,0.670103,1.0,0.923077,1.0,0.733333,4.519211,0.726177,2.645284,1.113653,3.158869,0.644366,0.822034,0.721649,1.0,0.957143,1.0,0.029851,4.601804,0.761288,2.710638,1.158415,,,0.372881,0.016949,113,base
113 / nlvo / base,nlvo,412.5,0.113939,0.0,,0.813333,0.438152,0.921769,0.848708,1.0,0.4,4.691117,0.589808,3.180918,1.169244,3.240155,0.662023,0.813333,0.527571,0.937853,0.864458,1.0,0.0,4.856881,0.652786,3.380281,1.259928,,,0.111515,0.0,113,base
113 / other / base,other,64.5,0.0,0.0,,0.806202,0.605769,0.952381,0.933333,1.0,0.0,4.641188,0.586122,3.196063,0.96801,,,0.806202,0.701923,0.972603,0.929577,1.0,0.0,4.78433,0.65493,3.325484,1.028762,,,0.0,0.0,113,base
113 / mixed / base,mixed,536.0,0.129664,0.001866,1.0,0.813433,0.483945,0.938389,0.873737,1.0,0.393064,4.657185,0.613714,3.095293,1.146866,3.213857,0.655086,0.813433,0.569954,0.95171,0.887949,1.0,0.004762,4.810298,0.673755,3.272954,1.233593,,,0.126866,0.001866,113,base
113 / lvo / benchmark,lvo,59.0,0.372881,0.016949,1.0,0.822034,0.670103,1.0,0.923077,1.0,0.733333,4.519211,0.726177,2.645284,1.113653,3.158869,0.644366,0.822034,0.721649,1.0,0.957143,1.0,0.029851,4.601804,0.761288,2.710638,1.158415,,,0.372881,0.016949,113,benchmark
113 / nlvo / benchmark,nlvo,412.5,0.128092,0.0,,0.813333,0.438152,0.921769,0.848708,1.0,0.459459,4.691117,0.589808,3.180918,1.169244,3.240155,0.662023,0.813333,0.527571,0.937853,0.864458,1.0,0.0,4.856881,0.652786,3.380281,1.259928,,,0.128092,0.0,113,benchmark
113 / other / benchmark,other,64.5,0.0,0.0,,0.806202,0.605769,0.952381,0.933333,1.0,0.0,4.641188,0.586122,3.196063,0.96801,,,0.806202,0.701923,0.972603,0.929577,1.0,0.0,4.78433,0.65493,3.325484,1.028762,,,0.0,0.0,113,benchmark
113 / mixed / benchmark,mixed,536.0,0.141791,0.001866,1.0,0.813433,0.483945,0.938389,0.873737,1.0,0.439306,4.657185,0.613714,3.095293,1.146866,3.213857,0.655086,0.813433,0.569954,0.95171,0.887949,1.0,0.004762,4.810298,0.673755,3.272954,1.233593,,,0.141791,0.001866,113,benchmark
113 / lvo / onset,lvo,59.0,0.375983,0.01709,1.0,0.828872,0.670103,1.0,0.923077,1.0,0.733333,4.519211,0.726177,2.645284,1.113653,3.158869,0.644366,0.828872,0.721649,1.0,0.957143,1.0,0.029851,4.601804,0.761288,2.710638,1.158415,,,0.375983,0.01709,113,onset
113 / nlvo / onset,nlvo,412.5,0.111515,0.0,,0.813333,0.438152,0.921769,0.848708,1.0,0.4,4.691117,0.589808,3.180918,1.169244,3.240155,0.662023,0.813333,0.527571,0.937853,0.864458,1.0,0.0,4.856881,0.652786,3.380281,1.259928,,,0.111515,0.0,113,onset
113 / other / onset,other,64.5,0.0,0.0,,0.806202,0.605769,0.952381,0.933333,1.0,0.0,4.641188,0.586122,3.196063,0.96801,,,0.806202,0.701923,0.972603,0.929577,1.0,0.0,4.78433,0.65493,3.325484,1.028762,,,0.0,0.0,113,onset
113 / mixed / onset,mixed,536.0,0.126866,0.001866,1.0,0.813433,0.483945,0.938389,0.873737,1.0,0.393064,4.657185,0.613714,3.095293,1.146866,3.213857,0.655086,0.813433,0.569954,0.95171,0.887949,1.0,0.004762,4.810298,0.673755,3.272954,1.233593,,,0.126866,0.001866,113,onset
113 / lvo / speed,lvo,59.0,0.354237,0.016102,1.0,0.822034,0.670103,0.95,0.923077,1.0,0.733333,4.519211,0.726177,2.645284,0.0,3.158869,0.644366,0.822034,0.721649,0.95,0.957143,1.0,0.029851,4.601804,0.761288,2.70805,0.0,,,0.354237,0.016102,113,speed
113 / nlvo / speed,nlvo,412.5,0.11493,0.0,,0.813333,0.438152,0.95,0.848708,1.0,0.4,4.691117,0.589808,2.70805,0.0,3.240155,0.662023,0.813333,0.527571,0.95,0.864458,1.0,0.0,4.856881,0.652786,2.70805,0.0,,,0.11493,0.0,113,speed
113 / other / speed,other,64.5,0.0,0.0,,0.806202,0.605769,0.95,0.933333,1.0,0.0,4.641188,0.586122,2.70805,0.0,,,0.806202,0.701923,0.95,0.929577,1.0,0.0,4.78433,0.65493,2.70805,0.0,,,0.0,0.0,113,speed
113 / mixed / speed,mixed,536.0,0.128436,0.001862,1.0,0.813433,0.483945,0.95,0.873737,1.0,0.393064,4.657185,0.613714,2.70805,0.0,3.213857,0.655086,0.813433,0.569954,0.95,0.887949,1.0,0.004762,4.810298,0.673755,2.70805,0.0,,,0.128436,0.001862,113,speed
113 / lvo / onset + benchmark,lvo,59.0,0.375983,0.01709,1.0,0.828872,0.670103,1.0,0.923077,1.0,0.733333,4.519211,0.726177,2.645284,1.113653,3.158869,0.644366,0.828872,0.721649,1.0,0.957143,1.0,0.029851,4.601804,0.761288,2.710638,1.158415,,,0.375983,0.01709,113,onset + benchmark
113 / nlvo / onset + benchmark,nlvo,412.5,0.128092,0.0,,0.813333,0.438152,0.921769,0.848708,1.0,0.459459,4.691117,0.589808,3.180918,1.169244,3.240155,0.662023,0.813333,0.527571,0.937853,0.864458,1.0,0.0,4.856881,0.652786,3.380281,1.259928,,,0.128092,0.0,113,onset + benchmark
113 / other / onset + benchmark,other,64.5,0.0,0.0,,0.806202,0.605769,0.952381,0.933333,1.0,0.0,4.641188,0.586122,3.196063,0.96801,,,0.806202,0.701923,0.972603,0.929577,1.0,0.0,4.78433,0.65493,3.325484,1.028762,,,0.0,0.0,113,onset + benchmark
113 / mixed / onset + benchmark,mixed,536.0,0.141791,0.001866,1.0,0.813433,0.483945,0.938389,0.873737,1.0,0.439306,4.657185,0.613714,3.095293,1.146866,3.213857,0.655086,0.813433,0.569954,0.95171,0.887949,1.0,0.004762,4.810298,0.673755,3.272954,1.233593,,,0.141791,0.001866,113,onset + benchmark
113 / lvo / speed + benchmark,lvo,59.0,0.354237,0.016102,1.0,0.822034,0.670103,0.95,0.923077,1.0,0.733333,4.519211,0.726177,2.645284,0.0,3.158869,0.644366,0.822034,0.721649,0.95,0.957143,1.0,0.029851,4.601804,0.761288,2.70805,0.0,,,0.354237,0.016102,113,speed + benchmark
113 / nlvo / speed + benchmark,nlvo,412.5,0.132015,0.0,,0.813333,0.438152,0.95,0.848708,1.0,0.459459,4.691117,0.589808,2.70805,0.0,3.240155,0.662023,0.813333,0.527571,0.95,0.864458,1.0,0.0,4.856881,0.652786,2.70805,0.0,,,0.132015,0.0,113,speed + benchmark
113 / other / speed + benchmark,other,64.5,0.0,0.0,,0.806202,0.605769,0.95,0.933333,1.0,0.0,4.641188,0.586122,2.70805,0.0,,,0.806202,0.701923,0.95,0.929577,1.0,0.0,4.78433,0.65493,2.70805,0.0,,,0.0,0.0,113,speed + benchmark
113 / mixed / speed + benchmark,mixed,536.0,0.143546,0.001862,1.0,0.813433,0.483945,0.95,0.873737,1.0,0.439306,4.657185,0.613714,2.70805,0.0,3.213857,0.655086,0.813433,0.569954,0.95,0.887949,1.0,0.004762,4.810298,0.673755,2.70805,0.0,,,0.143546,0.001862,113,speed + benchmark
113 / lvo / speed + onset,lvo,59.0,0.357184,0.016236,1.0,0.828872,0.670103,0.95,0.923077,1.0,0.733333,4.519211,0.726177,2.645284,0.0,3.158869,0.644366,0.828872,0.721649,0.95,0.957143,1.0,0.029851,4.601804,0.761288,2.70805,0.0,,,0.357184,0.016236,113,speed + onset
113 / nlvo / speed + onset,nlvo,412.5,0.11493,0.0,,0.813333,0.438152,0.95,0.848708,1.0,0.4,4.691117,0.589808,2.70805,0.0,3.240155,0.662023,0.813333,0.527571,0.95,0.864458,1.0,0.0,4.856881,0.652786,2.70805,0.0,,,0.11493,0.0,113,speed + onset
113 / other / speed + onset,other,64.5,0.0,0.0,,0.806202,0.605769,0.95,0.933333,1.0,0.0,4.641188,0.586122,2.70805,0.0,,,0.806202,0.701923,0.95,0.929577,1.0,0.0,4.78433,0.65493,2.70805,0.0,,,0.0,0.0,113,speed + onset
113 / mixed / speed + onset,mixed,536.0,0.128436,0.001862,1.0,0.813433,0.483945,0.95,0.873737,1.0,0.393064,4.657185,0.613714,2.70805,0.0,3.213857,0.655086,0.813433,0.569954,0.95,0.887949,1.0,0.004762,4.810298,0.673755,2.70805,0.0,,,0.128436,0.001862,113,speed + onset
113 / lvo / speed + onset + benchmark,lvo,59.0,0.357184,0.016236,1.0,0.828872,0.670103,0.95,0.923077,1.0,0.733333,4.519211,0.726177,2.645284,0.0,3.158869,0.644366,0.828872,0.721649,0.95,0.957143,1.0,0.029851,4.601804,0.761288,2.70805,0.0,,,0.357184,0.016236,113,speed + onset + benchmark
113 / nlvo / speed + onset + benchmark,nlvo,412.5,0.132015,0.0,,0.813333,0.438152,0.95,0.848708,1.0,0.459459,4.691117,0.589808,2.70805,0.0,3.240155,0.662023,0.813333,0.527571,0.95,0.864458,1.0,0.0,4.856881,0.652786,2.70805,0.0,,,0.132015,0.0,113,speed + onset + benchmark
113 / other / speed + onset + benchmark,other,64.5,0.0,0.0,,0.806202,0.605769,0.95,0.933333,1.0,0.0,4.641188,0.586122,2.70805,0.0,,,0.806202,0.701923,0.95,0.929577,1.0,0.0,4.78433,0.65493,2.70805,0.0,,,0.0,0.0,113,speed + onset + benchmark
113 / mixed / speed + onset + benchmark,mixed,536.0,0.143546,0.001862,1.0,0.813433,0.483945,0.95,0.873737,1.0,0.439306,4.657185,0.613714,2.70805,0.0,3.213857,0.655086,0.813433,0.569954,0.95,0.887949,1.0,0.004762,4.810298,0.673755,2.70805,0.0,,,0.143546,0.001862,113,speed + onset + benchmark
114 / lvo / base,lvo,84.5,0.218935,0.011834,0.0,0.91716,0.451613,1.0,0.928571,1.0,0.569231,4.746558,0.429716,2.96237,0.915253,3.371223,0.777491,0.91716,0.529032,0.987805,0.91358,1.0,0.0,4.891042,0.532214,3.054411,0.915599,,,0.218935,0.0,114,base
114 / nlvo / base,nlvo,302.0,0.087748,0.0,,0.933775,0.303191,0.964912,0.921212,1.0,0.322368,4.735425,0.529039,3.193943,0.730874,3.142961,1.030121,0.933775,0.406028,0.9869,0.889381,1.0,0.0,4.968539,0.610662,3.373066,0.883664,,,0.081126,0.0,114,base
114 / other / base,other,35.0,0.0,0.0,,0.942857,0.530303,0.942857,0.818182,1.0,0.0,4.947972,0.405876,3.280953,0.79699,,,0.942857,0.621212,0.95122,0.948718,1.0,0.0,5.051703,0.454478,3.333487,0.825988,,,0.0,0.0,114,base
114 / mixed / base,mixed,421.5,0.106762,0.002372,0.0,0.931198,0.351592,0.971014,0.910448,1.0,0.352459,4.765202,0.494579,3.144172,0.795755,3.241167,0.931762,0.931198,0.448408,0.982955,0.901734,1.0,0.0,4.960173,0.577301,3.294006,0.892494,,,0.102016,0.0,114,base
114 / lvo / benchmark,lvo,84.5,0.254438,0.0,0.0,0.91716,0.451613,1.0,0.928571,1.0,0.661538,4.746558,0.429716,2.96237,0.915253,3.371223,0.777491,0.91716,0.529032,0.987805,0.91358,1.0,0.0,4.891042,0.532214,3.054411,0.915599,,,0.254438,0.0,114,benchmark
114 / nlvo / benchmark,nlvo,302.0,0.133859,0.0,,0.933775,0.303191,0.964912,0.921212,1.0,0.531915,4.735425,0.529039,3.193943,0.730874,3.142961,1.030121,0.933775,0.406028,0.9869,0.889381,1.0,0.0,4.968539,0.610662,3.373066,0.883664,,,0.133859,0.0,114,benchmark
114 / other / benchmark,other,35.0,0.0,0.0,,0.942857,0.530303,0.942857,0.818182,1.0,0.0,4.947972,0.405876,3.280953,0.79699,,,0.942857,0.621212,0.95122,0.948718,1.0,0.0,5.051703,0.454478,3.333487,0.825988,,,0.0,0.0,114,benchmark
114 / mixed / benchmark,mixed,421.5,0.150652,0.0,0.0,0.931198,0.351592,0.971014,0.910448,1.0,0.520492,4.765202,0.494579,3.144172,0.795755,3.241167,0.931762,0.931198,0.448408,0.982955,0.901734,1.0,0.0,4.960173,0.577301,3.294006,0.892494,,,0.150652,0.0,114,benchmark
114 / lvo / onset,lvo,84.5,0.218935,0.0,0.0,0.91716,0.451613,1.0,0.928571,1.0,0.569231,4.746558,0.429716,2.96237,0.915253,3.371223,0.777491,0.91716,0.529032,0.987805,0.91358,1.0,0.0,4.891042,0.532214,3.054411,0.915599,,,0.218935,0.0,114,onset
114 / nlvo / onset,nlvo,302.0,0.081126,0.0,,0.933775,0.303191,0.964912,0.921212,1.0,0.322368,4.735425,0.529039,3.193943,0.730874,3.142961,1.030121,0.933775,0.406028,0.9869,0.889381,1.0,0.0,4.968539,0.610662,3.373066,0.883664,,,0.081126,0.0,114,onset
114 / other / onset,other,35.0,0.0,0.0,,0.942857,0.530303,0.942857,0.818182,1.0,0.0,4.947972,0.405876,3.280953,0.79699,,,0.942857,0.621212,0.95122,0.948718,1.0,0.0,5.051703,0.454478,3.333487,0.825988,,,0.0,0.0,114,onset
114 / mixed / onset,mixed,421.5,0.102016,0.0,0.0,0.931198,0.351592,0.971014,0.910448,1.0,0.352459,4.765202,0.494579,3.144172,0.795755,3.241167,0.931762,0.931198,0.448408,0.982955,0.901734,1.0,0.0,4.960173,0.577301,3.294006,0.892494,,,0.102016,0.0,114,onset
114 / lvo / speed,lvo,84.5,0.207988,0.0,0.0,0.91716,0.451613,0.95,0.928571,1.0,0.569231,4.746558,0.429716,2.70805,0.0,3.371223,0.777491,0.91716,0.529032,0.95,0.91358,1.0,0.0,4.891042,0.532214,2.70805,0.0,,,0.207988,0.0,114,speed
114 / nlvo / speed,nlvo,302.0,0.079872,0.0,,0.933775,0.303191,0.95,0.921212,1.0,0.322368,4.735425,0.529039,2.70805,0.0,3.142961,1.030121,0.933775,0.406028,0.95,0.889381,1.0,0.0,4.968539,0.610662,2.70805,0.0,,,0.079872,0.0,114,speed
114 / other / speed,other,35.0,0.0,0.0,,0.942857,0.530303,0.95,0.818182,1.0,0.0,4.947972,0.405876,2.70805,0.0,,,0.942857,0.621212,0.95,0.948718,1.0,0.0,5.051703,0.454478,2.70805,0.0,,,0.0,0.0,114,speed
114 / mixed / speed,mixed,421.5,0.099809,0.0,0.0,0.931198,0.351592,0.95,0.910448,1.0,0.352459,4.765202,0.494579,2.70805,0.0,3.241167,0.931762,0.931198,0.448408,0.95,0.901734,1.0,0.0,4.960173,0.577301,2.70805,0.0,,,0.099809,0.0,114,speed
114 / lvo / onset + benchmark,lvo,84.5,0.254438,0.0,0.0,0.91716,0.451613,1.0,0.928571,1.0,0.661538,4.746558,0.429716,2.96237,0.915253,3.371223,0.777491,0.91716,0.529032,0.987805,0.91358,1.0,0.0,4.891042,0.532214,3.054411,0.915599,,,0.254438,0.0,114,onset + benchmark
114 / nlvo / onset + benchmark,nlvo,302.0,0.133859,0.0,,0.933775,0.303191,0.964912,0.921212,1.0,0.531915,4.735425,0.529039,3.193943,0.730874,3.142961,1.030121,0.933775,0.406028,0.9869,0.889381,1.0,0.0,4.968539,0.610662,3.373066,0.883664,,,0.133859,0.0,114,onset + benchmark
114 / other / onset + benchmark,other,35.0,0.0,0.0,,0.942857,0.530303,0.942857,0.818182,1.0,0.0,4.947972,0.405876,3.280953,0.79699,,,0.942857,0.621212,0.95122,0.948718,1.0,0.0,5.051703,0.454478,3.333487,0.825988,,,0.0,0.0,114,onset + benchmark
114 / mixed / onset + benchmark,mixed,421.5,0.150652,0.0,0.0,0.931198,0.351592,0.971014,0.910448,1.0,0.520492,4.765202,0.494579,3.144172,0.795755,3.241167,0.931762,0.931198,0.448408,0.982955,0.901734,1.0,0.0,4.960173,0.577301,3.294006,0.892494,,,0.150652,0.0,114,onset + benchmark
114 / lvo / speed + benchmark,lvo,84.5,0.241716,0.0,0.0,0.91716,0.451613,0.95,0.928571,1.0,0.661538,4.746558,0.429716,2.70805,0.0,3.371223,0.777491,0.91716,0.529032,0.95,0.91358,1.0,0.0,4.891042,0.532214,2.70805,0.0,,,0.241716,0.0,114,speed + benchmark
114 / nlvo / speed + benchmark,nlvo,302.0,0.13179,0.0,,0.933775,0.303191,0.95,0.921212,1.0,0.531915,4.735425,0.529039,2.70805,0.0,3.142961,1.030121,0.933775,0.406028,0.95,0.889381,1.0,0.0,4.968539,0.610662,2.70805,0.0,,,0.13179,0.0,114,speed + benchmark
114 / other / speed + benchmark,other,35.0,0.0,0.0,,0.942857,0.530303,0.95,0.818182,1.0,0.0,4.947972,0.405876,2.70805,0.0,,,0.942857,0.621212,0.95,0.948718,1.0,0.0,5.051703,0.454478,2.70805,0.0,,,0.0,0.0,114,speed + benchmark
114 / mixed / speed + benchmark,mixed,421.5,0.147392,0.0,0.0,0.931198,0.351592,0.95,0.910448,1.0,0.520492,4.765202,0.494579,2.70805,0.0,3.241167,0.931762,0.931198,0.448408,0.95,0.901734,1.0,0.0,4.960173,0.577301,2.70805,0.0,,,0.147392,0.0,114,speed + benchmark
114 / lvo / speed + onset,lvo,84.5,0.207988,0.0,0.0,0.91716,0.451613,0.95,0.928571,1.0,0.569231,4.746558,0.429716,2.70805,0.0,3.371223,0.777491,0.91716,0.529032,0.95,0.91358,1.0,0.0,4.891042,0.532214,2.70805,0.0,,,0.207988,0.0,114,speed + onset
114 / nlvo / speed + onset,nlvo,302.0,0.079872,0.0,,0.933775,0.303191,0.95,0.921212,1.0,0.322368,4.735425,0.529039,2.70805,0.0,3.142961,1.030121,0.933775,0.406028,0.95,0.889381,1.0,0.0,4.968539,0.610662,2.70805,0.0,,,0.079872,0.0,114,speed + onset
114 / other / speed + onset,other,35.0,0.0,0.0,,0.942857,0.530303,0.95,0.818182,1.0,0.0,4.947972,0.405876,2.70805,0.0,,,0.942857,0.621212,0.95,0.948718,1.0,0.0,5.051703,0.454478,2.70805,0.0,,,0.0,0.0,114,speed + onset
114 / mixed / speed + onset,mixed,421.5,0.099809,0.0,0.0,0.931198,0.351592,0.95,0.910448,1.0,0.352459,4.765202,0.494579,2.70805,0.0,3.241167,0.931762,0.931198,0.448408,0.95,0.901734,1.0,0.0,4.960173,0.577301,2.70805,0.0,,,0.099809,0.0,114,speed + onset
114 / lvo / speed + onset + benchmark,lvo,84.5,0.241716,0.0,0.0,0.91716,0.451613,0.95,0.928571,1.0,0.661538,4.746558,0.429716,2.70805,0.0,3.371223,0.777491,0.91716,0.529032,0.95,0.91358,1.0,0.0,4.891042,0.532214,2.70805,0.0,,,0.241716,0.0,114,speed + onset + benchmark
114 / nlvo / speed + onset + benchmark,nlvo,302.0,0.13179,0.0,,0.933775,0.303191,0.95,0.921212,1.0,0.531915,4.735425,0.529039,2.70805,0.0,3.142961,1.030121,0.933775,0.406028,0.95,0.889381,1.0,0.0,4.968539,0.610662,2.70805,0.0,,,0.13179,0.0,114,speed + onset + benchmark
114 / other / speed + onset + benchmark,other,35.0,0.0,0.0,,0.942857,0.530303,0.95,0.818182,1.0,0.0,4.947972,0.405876,2.70805,0.0,,,0.942857,0.621212,0.95,0.948718,1.0,0.0,5.051703,0.454478,2.70805,0.0,,,0.0,0.0,114,speed + onset + benchmark
114 / mixed / speed + onset + benchmark,mixed,421.5,0.147392,0.0,0.0,0.931198,0.351592,0.95,0.910448,1.0,0.520492,4.765202,0.494579,2.70805,0.0,3.241167,0.931762,0.931198,0.448408,0.95,0.901734,1.0,0.0,4.960173,0.577301,2.70805,0.0,,,0.147392,0.0,114,speed + onset + benchmark
115 / lvo / base,lvo,79.5,0.383648,0.062893,0.8,0.886792,0.687943,0.979381,0.884211,1.0,0.690476,4.4749,0.651941,3.633187,0.600324,3.534971,0.721486,0.886792,0.77305,1.0,0.917431,1.0,0.08,4.60781,0.724087,3.669107,0.743169,,,0.364779,0.050314,115,base
115 / nlvo / base,nlvo,411.0,0.120438,0.002433,0.5,0.765207,0.518283,0.941718,0.762215,1.0,0.405983,4.652124,0.547016,3.886635,0.699851,3.523121,0.734279,0.765207,0.616852,0.971649,0.867374,1.0,0.006116,4.817973,0.631336,4.000049,0.782303,,,0.115572,0.002433,115,base
115 / other / base,other,60.0,0.0,0.0,,0.816667,0.602041,0.949153,0.803571,1.0,0.0,4.517442,0.488818,3.786958,0.665433,,,0.816667,0.693878,0.970588,0.954545,1.0,0.0,4.666084,0.595942,3.861113,0.702333,,,0.0,0.0,115,base
115 / mixed / base,mixed,550.5,0.145322,0.010899,0.75,0.788374,0.5553,0.950207,0.792576,1.0,0.421488,4.599972,0.567146,3.821876,0.682454,3.527613,0.727096,0.788374,0.650922,0.976991,0.887681,1.0,0.020408,4.759148,0.651104,3.918089,0.775447,,,0.138965,0.009083,115,base
115 / lvo / benchmark,lvo,79.5,0.35849,0.050314,0.8,0.886792,0.687943,0.979381,0.884211,1.0,0.678571,4.4749,0.651941,3.633187,0.600324,3.534971,0.721486,0.886792,0.77305,1.0,0.917431,1.0,0.08,4.60781,0.724087,3.669107,0.743169,,,0.35849,0.050314,115,benchmark
115 / nlvo / benchmark,nlvo,411.0,0.08653,0.002433,0.5,0.765207,0.518283,0.941718,0.762215,1.0,0.303965,4.652124,0.547016,3.886635,0.699851,3.523121,0.734279,0.765207,0.616852,0.971649,0.867374,1.0,0.006116,4.817973,0.631336,4.000049,0.782303,,,0.08653,0.002433,115,benchmark
115 / other / benchmark,other,60.0,0.0,0.0,,0.816667,0.602041,0.949153,0.803571,1.0,0.0,4.517442,0.488818,3.786958,0.665433,,,0.816667,0.693878,0.970588,0.954545,1.0,0.0,4.666084,0.595942,3.861113,0.702333,,,0.0,0.0,115,benchmark
115 / mixed / benchmark,mixed,550.5,0.118074,0.009083,0.75,0.788374,0.5553,0.950207,0.792576,1.0,0.358127,4.599972,0.567146,3.821876,0.682454,3.527613,0.727096,0.788374,0.650922,0.976991,0.887681,1.0,0.020408,4.759148,0.651104,3.918089,0.775447,,,0.118074,0.009083,115,benchmark
115 / lvo / onset,lvo,79.5,0.364779,0.050314,0.8,0.886792,0.687943,0.979381,0.884211,1.0,0.690476,4.4749,0.651941,3.633187,0.600324,3.534971,0.721486,0.886792,0.77305,1.0,0.917431,1.0,0.08,4.60781,0.724087,3.669107,0.743169,,,0.364779,0.050314,115,onset
115 / nlvo / onset,nlvo,411.0,0.115572,0.002433,0.5,0.765207,0.518283,0.941718,0.762215,1.0,0.405983,4.652124,0.547016,3.886635,0.699851,3.523121,0.734279,0.765207,0.616852,0.971649,0.867374,1.0,0.006116,4.817973,0.631336,4.000049,0.782303,,,0.115572,0.002433,115,onset
115 / other / onset,other,60.0,0.0,0.0,,0.816667,0.602041,0.949153,0.803571,1.0,0.0,4.517442,0.488818,3.786958,0.665433,,,0.816667,0.693878,0.970588,0.954545,1.0,0.0,4.666084,0.595942,3.861113,0.702333,,,0.0,0.0,115,onset
115 / mixed / onset,mixed,550.5,0.138965,0.009083,0.75,0.788374,0.5553,0.950207,0.792576,1.0,0.421488,4.599972,0.567146,3.821876,0.682454,3.527613,0.727096,0.788374,0.650922,0.976991,0.887681,1.0,0.020408,4.759148,0.651104,3.918089,0.775447,,,0.138965,0.009083,115,onset
115 / lvo / speed,lvo,79.5,0.353836,0.047799,0.8,0.886792,0.687943,0.95,0.884211,1.0,0.690476,4.4749,0.651941,2.70805,0.0,3.534971,0.721486,0.886792,0.77305,0.95,0.917431,1.0,0.08,4.60781,0.724087,2.70805,0.0,,,0.353836,0.047799,115,speed
115 / nlvo / speed,nlvo,411.0,0.116588,0.002379,0.5,0.765207,0.518283,0.95,0.762215,1.0,0.405983,4.652124,0.547016,2.70805,0.0,3.523121,0.734279,0.765207,0.616852,0.95,0.867374,1.0,0.006116,4.817973,0.631336,2.70805,0.0,,,0.116588,0.002379,115,speed
115 / other / speed,other,60.0,0.0,0.0,,0.816667,0.602041,0.95,0.803571,1.0,0.0,4.517442,0.488818,2.70805,0.0,,,0.816667,0.693878,0.95,0.954545,1.0,0.0,4.666084,0.595942,2.70805,0.0,,,0.0,0.0,115,speed
115 / mixed / speed,mixed,550.5,0.138934,0.008832,0.75,0.788374,0.5553,0.95,0.792576,1.0,0.421488,4.599972,0.567146,2.70805,0.0,3.527613,0.727096,0.788374,0.650922,0.95,0.887681,1.0,0.020408,4.759148,0.651104,2.70805,0.0,,,0.138934,0.008832,115,speed
115 / lvo / onset + benchmark,lvo,79.5,0.35849,0.050314,0.8,0.886792,0.687943,0.979381,0.884211,1.0,0.678571,4.4749,0.651941,3.633187,0.600324,3.534971,0.721486,0.886792,0.77305,1.0,0.917431,1.0,0.08,4.60781,0.724087,3.669107,0.743169,,,0.35849,0.050314,115,onset + benchmark
115 / nlvo / onset + benchmark,nlvo,411.0,0.08653,0.002433,0.5,0.765207,0.518283,0.941718,0.762215,1.0,0.303965,4.652124,0.547016,3.886635,0.699851,3.523121,0.734279,0.765207,0.616852,0.971649,0.867374,1.0,0.006116,4.817973,0.631336,4.000049,0.782303,,,0.08653,0.002433,115,onset + benchmark
115 / other / onset + benchmark,other,60.0,0.0,0.0,,0.816667,0.602041,0.949153,0.803571,1.0,0.0,4.517442,0.488818,3.786958,0.665433,,,0.816667,0.693878,0.970588,0.954545,1.0,0.0,4.666084,0.595942,3.861113,0.702333,,,0.0,0.0,115,onset + benchmark
115 / mixed / onset + benchmark,mixed,550.5,0.118074,0.009083,0.75,0.788374,0.5553,0.950207,0.792576,1.0,0.358127,4.599972,0.567146,3.821876,0.682454,3.527613,0.727096,0.788374,0.650922,0.976991,0.887681,1.0,0.020408,4.759148,0.651104,3.918089,0.775447,,,0.118074,0.009083,115,onset + benchmark
115 / lvo / speed + benchmark,lvo,79.5,0.347736,0.047799,0.8,0.886792,0.687943,0.95,0.884211,1.0,0.678571,4.4749,0.651941,2.70805,0.0,3.534971,0.721486,0.886792,0.77305,0.95,0.917431,1.0,0.08,4.60781,0.724087,2.70805,0.0,,,0.347736,0.047799,115,speed + benchmark
115 / nlvo / speed + benchmark,nlvo,411.0,0.087291,0.002379,0.5,0.765207,0.518283,0.95,0.762215,1.0,0.303965,4.652124,0.547016,2.70805,0.0,3.523121,0.734279,0.765207,0.616852,0.95,0.867374,1.0,0.006116,4.817973,0.631336,2.70805,0.0,,,0.087291,0.002379,115,speed + benchmark
115 / other / speed + benchmark,other,60.0,0.0,0.0,,0.816667,0.602041,0.95,0.803571,1.0,0.0,4.517442,0.488818,2.70805,0.0,,,0.816667,0.693878,0.95,0.954545,1.0,0.0,4.666084,0.595942,2.70805,0.0,,,0.0,0.0,115,speed + benchmark
115 / mixed / speed + benchmark,mixed,550.5,0.118049,0.008832,0.75,0.788374,0.5553,0.95,0.792576,1.0,0.358127,4.599972,0.567146,2.70805,0.0,3.527613,0.727096,0.788374,0.650922,0.95,0.887681,1.0,0.020408,4.759148,0.651104,2.70805,0.0,,,0.118049,0.008832,115,speed + benchmark
115 / lvo / speed + onset,lvo,79.5,0.353836,0.047799,0.8,0.886792,0.687943,0.95,0.884211,1.0,0.690476,4.4749,0.651941,2.70805,0.0,3.534971,0.721486,0.886792,0.77305,0.95,0.917431,1.0,0.08,4.60781,0.724087,2.70805,0.0,,,0.353836,0.047799,115,speed + onset
115 / nlvo / speed + onset,nlvo,411.0,0.116588,0.002379,0.5,0.765207,0.518283,0.95,0.762215,1.0,0.405983,4.652124,0.547016,2.70805,0.0,3.523121,0.734279,0.765207,0.616852,0.95,0.867374,1.0,0.006116,4.817973,0.631336,2.70805,0.0,,,0.116588,0.002379,115,speed + onset
115 / other / speed + onset,other,60.0,0.0,0.0,,0.816667,0.602041,0.95,0.803571,1.0,0.0,4.517442,0.488818,2.70805,0.0,,,0.816667,0.693878,0.95,0.954545,1.0,0.0,4.666084,0.595942,2.70805,0.0,,,0.0,0.0,115,speed + onset
115 / mixed / speed + onset,mixed,550.5,0.138934,0.008832,0.75,0.788374,0.5553,0.95,0.792576,1.0,0.421488,4.599972,0.567146,2.70805,0.0,3.527613,0.727096,0.788374,0.650922,0.95,0.887681,1.0,0.020408,4.759148,0.651104,2.70805,0.0,,,0.138934,0.008832,115,speed + onset
115 / lvo / speed + onset + benchmark,lvo,79.5,0.347736,0.047799,0.8,0.886792,0.687943,0.95,0.884211,1.0,0.678571,4.4749,0.651941,2.70805,0.0,3.534971,0.721486,0.886792,0.77305,0.95,0.917431,1.0,0.08,4.60781,0.724087,2.70805,0.0,,,0.347736,0.047799,115,speed + onset + benchmark
115 / nlvo / speed + onset + benchmark,nlvo,411.0,0.087291,0.002379,0.5,0.765207,0.518283,0.95,0.762215,1.0,0.303965,4.652124,0.547016,2.70805,0.0,3.523121,0.734279,0.765207,0.616852,0.95,0.867374,1.0,0.006116,4.817973,0.631336,2.70805,0.0,,,0.087291,0.002379,115,speed + onset + benchmark
115 / other / speed + onset + benchmark,other,60.0,0.0,0.0,,0.816667,0.602041,0.95,0.803571,1.0,0.0,4.517442,0.488818,2.70805,0.0,,,0.816667,0.693878,0.95,0.954545,1.0,0.0,4.666084,0.595942,2.70805,0.0,,,0.0,0.0,115,speed + onset + benchmark
115 / mixed / speed + onset + benchmark,mixed,550.5,0.118049,0.008832,0.75,0.788374,0.5553,0.95,0.792576,1.0,0.358127,4.599972,0.567146,2.70805,0.0,3.527613,0.727096,0.788374,0.650922,0.95,0.887681,1.0,0.020408,4.759148,0.651104,2.70805,0.0,,,0.118049,0.008832,115,speed + onset + benchmark
116 / lvo / base,lvo,121.0,0.355372,0.107438,0.884615,0.896694,0.557604,1.0,0.942149,1.0,0.692982,4.590417,0.512503,3.101305,0.752138,3.068638,0.725702,0.896694,0.64977,1.0,0.957447,1.0,0.177778,4.749961,0.618162,3.177793,0.769716,4.414073,0.68452,0.326446,0.099174,116,base
116 / nlvo / base,nlvo,473.0,0.11945,0.0,,0.865751,0.345543,0.964664,0.864469,1.0,0.444915,4.695507,0.493613,3.478508,0.723465,3.16184,0.742814,0.865751,0.412698,0.97929,0.915408,1.0,0.0,4.855033,0.580803,3.551295,0.802757,,,0.110994,0.0,116,base
116 / other / base,other,80.0,0.0,0.0,,0.85,0.595588,1.0,0.91358,1.0,0.0,4.59836,0.497737,3.403306,0.706662,,,0.85,0.683824,0.989247,0.956522,1.0,0.0,4.744819,0.602775,3.376778,0.851577,,,0.0,0.0,116,base
116 / mixed / base,mixed,674.0,0.147626,0.019288,0.884615,0.869436,0.413823,0.979381,0.892632,1.0,0.433962,4.653064,0.50057,3.369597,0.743807,3.121824,0.734974,0.869436,0.488055,0.986014,0.932624,1.0,0.045627,4.811213,0.595066,3.429452,0.816888,4.414073,0.68452,0.136499,0.017804,116,base
116 / lvo / benchmark,lvo,121.0,0.305785,0.099174,0.884615,0.896694,0.557604,1.0,0.942149,1.0,0.649123,4.590417,0.512503,3.101305,0.752138,3.068638,0.725702,0.896694,0.64977,1.0,0.957447,1.0,0.177778,4.749961,0.618162,3.177793,0.769716,4.414073,0.68452,0.305785,0.099174,116,benchmark
116 / nlvo / benchmark,nlvo,473.0,0.099347,0.0,,0.865751,0.345543,0.964664,0.864469,1.0,0.39823,4.695507,0.493613,3.478508,0.723465,3.16184,0.742814,0.865751,0.412698,0.97929,0.915408,1.0,0.0,4.855033,0.580803,3.551295,0.802757,,,0.099347,0.0,116,benchmark
116 / other / benchmark,other,80.0,0.0,0.0,,0.85,0.595588,1.0,0.91358,1.0,0.0,4.59836,0.497737,3.403306,0.706662,,,0.85,0.683824,0.989247,0.956522,1.0,0.0,4.744819,0.602775,3.376778,0.851577,,,0.0,0.0,116,benchmark
116 / mixed / benchmark,mixed,674.0,0.127597,0.017804,0.884615,0.869436,0.413823,0.979381,0.892632,1.0,0.40566,4.653064,0.50057,3.369597,0.743807,3.121824,0.734974,0.869436,0.488055,0.986014,0.932624,1.0,0.045627,4.811213,0.595066,3.429452,0.816888,4.414073,0.68452,0.127597,0.017804,116,benchmark
116 / lvo / onset,lvo,121.0,0.326446,0.099174,0.884615,0.896694,0.557604,1.0,0.942149,1.0,0.692982,4.590417,0.512503,3.101305,0.752138,3.068638,0.725702,0.896694,0.64977,1.0,0.957447,1.0,0.177778,4.749961,0.618162,3.177793,0.769716,4.414073,0.68452,0.326446,0.099174,116,onset
116 / nlvo / onset,nlvo,473.0,0.110994,0.0,,0.865751,0.345543,0.964664,0.864469,1.0,0.444915,4.695507,0.493613,3.478508,0.723465,3.16184,0.742814,0.865751,0.412698,0.97929,0.915408,1.0,0.0,4.855033,0.580803,3.551295,0.802757,,,0.110994,0.0,116,onset
116 / other / onset,other,80.0,0.0,0.0,,0.85,0.595588,1.0,0.91358,1.0,0.0,4.59836,0.497737,3.403306,0.706662,,,0.85,0.683824,0.989247,0.956522,1.0,0.0,4.744819,0.602775,3.376778,0.851577,,,0.0,0.0,116,onset
116 / mixed / onset,mixed,674.0,0.136499,0.017804,0.884615,0.869436,0.413823,0.979381,0.892632,1.0,0.433962,4.653064,0.50057,3.369597,0.743807,3.121824,0.734974,0.869436,0.488055,0.986014,0.932624,1.0,0.045627,4.811213,0.595066,3.429452,0.816888,4.414073,0.68452,0.136499,0.017804,116,onset
116 / lvo / speed,lvo,121.0,0.310124,0.094215,0.884615,0.896694,0.557604,0.95,0.942149,1.0,0.692982,4.590417,0.512503,2.70805,0.0,3.068638,0.725702,0.896694,0.64977,0.95,0.957447,1.0,0.177778,4.749961,0.618162,2.70805,0.0,4.414073,0.68452,0.310124,0.094215,116,speed
116 / nlvo / speed,nlvo,473.0,0.109306,0.0,,0.865751,0.345543,0.95,0.864469,1.0,0.444915,4.695507,0.493613,2.70805,0.0,3.16184,0.742814,0.865751,0.412698,0.95,0.915408,1.0,0.0,4.855033,0.580803,2.70805,0.0,,,0.109306,0.0,116,speed
116 / other / speed,other,80.0,0.0,0.0,,0.85,0.595588,0.95,0.91358,1.0,0.0,4.59836,0.497737,2.70805,0.0,,,0.85,0.683824,0.95,0.956522,1.0,0.0,4.744819,0.602775,2.70805,0.0,,,0.0,0.0,116,speed
116 / mixed / speed,mixed,674.0,0.132404,0.017154,0.884615,0.869436,0.413823,0.95,0.892632,1.0,0.433962,4.653064,0.50057,2.70805,0.0,3.121824,0.734974,0.869436,0.488055,0.95,0.932624,1.0,0.045627,4.811213,0.595066,2.70805,0.0,4.414073,0.68452,0.132404,0.017154,116,speed
116 / lvo / onset + benchmark,lvo,121.0,0.305785,0.099174,0.884615,0.896694,0.557604,1.0,0.942149,1.0,0.649123,4.590417,0.512503,3.101305,0.752138,3.068638,0.725702,0.896694,0.64977,1.0,0.957447,1.0,0.177778,4.749961,0.618162,3.177793,0.769716,4.414073,0.68452,0.305785,0.099174,116,onset + benchmark
116 / nlvo / onset + benchmark,nlvo,473.0,0.099347,0.0,,0.865751,0.345543,0.964664,0.864469,1.0,0.39823,4.695507,0.493613,3.478508,0.723465,3.16184,0.742814,0.865751,0.412698,0.97929,0.915408,1.0,0.0,4.855033,0.580803,3.551295,0.802757,,,0.099347,0.0,116,onset + benchmark
116 / other / onset + benchmark,other,80.0,0.0,0.0,,0.85,0.595588,1.0,0.91358,1.0,0.0,4.59836,0.497737,3.403306,0.706662,,,0.85,0.683824,0.989247,0.956522,1.0,0.0,4.744819,0.602775,3.376778,0.851577,,,0.0,0.0,116,onset + benchmark
116 / mixed / onset + benchmark,mixed,674.0,0.127597,0.017804,0.884615,0.869436,0.413823,0.979381,0.892632,1.0,0.40566,4.653064,0.50057,3.369597,0.743807,3.121824,0.734974,0.869436,0.488055,0.986014,0.932624,1.0,0.045627,4.811213,0.595066,3.429452,0.816888,4.414073,0.68452,0.127597,0.017804,116,onset + benchmark
116 / lvo / speed + benchmark,lvo,121.0,0.290496,0.094215,0.884615,0.896694,0.557604,0.95,0.942149,1.0,0.649123,4.590417,0.512503,2.70805,0.0,3.068638,0.725702,0.896694,0.64977,0.95,0.957447,1.0,0.177778,4.749961,0.618162,2.70805,0.0,4.414073,0.68452,0.290496,0.094215,116,speed + benchmark
116 / nlvo / speed + benchmark,nlvo,473.0,0.097837,0.0,,0.865751,0.345543,0.95,0.864469,1.0,0.39823,4.695507,0.493613,2.70805,0.0,3.16184,0.742814,0.865751,0.412698,0.95,0.915408,1.0,0.0,4.855033,0.580803,2.70805,0.0,,,0.097837,0.0,116,speed + benchmark
116 / other / speed + benchmark,other,80.0,0.0,0.0,,0.85,0.595588,0.95,0.91358,1.0,0.0,4.59836,0.497737,2.70805,0.0,,,0.85,0.683824,0.95,0.956522,1.0,0.0,4.744819,0.602775,2.70805,0.0,,,0.0,0.0,116,speed + benchmark
116 / mixed / speed + benchmark,mixed,674.0,0.123769,0.017154,0.884615,0.869436,0.413823,0.95,0.892632,1.0,0.40566,4.653064,0.50057,2.70805,0.0,3.121824,0.734974,0.869436,0.488055,0.95,0.932624,1.0,0.045627,4.811213,0.595066,2.70805,0.0,4.414073,0.68452,0.123769,0.017154,116,speed + benchmark
116 / lvo / speed + onset,lvo,121.0,0.310124,0.094215,0.884615,0.896694,0.557604,0.95,0.942149,1.0,0.692982,4.590417,0.512503,2.70805,0.0,3.068638,0.725702,0.896694,0.64977,0.95,0.957447,1.0,0.177778,4.749961,0.618162,2.70805,0.0,4.414073,0.68452,0.310124,0.094215,116,speed + onset
116 / nlvo / speed + onset,nlvo,473.0,0.109306,0.0,,0.865751,0.345543,0.95,0.864469,1.0,0.444915,4.695507,0.493613,2.70805,0.0,3.16184,0.742814,0.865751,0.412698,0.95,0.915408,1.0,0.0,4.855033,0.580803,2.70805,0.0,,,0.109306,0.0,116,speed + onset
116 / other / speed + onset,other,80.0,0.0,0.0,,0.85,0.595588,0.95,0.91358,1.0,0.0,4.59836,0.497737,2.70805,0.0,,,0.85,0.683824,0.95,0.956522,1.0,0.0,4.744819,0.602775,2.70805,0.0,,,0.0,0.0,116,speed + onset
116 / mixed / speed + onset,mixed,674.0,0.132404,0.017154,0.884615,0.869436,0.413823,0.95,0.892632,1.0,0.433962,4.653064,0.50057,2.70805,0.0,3.121824,0.734974,0.869436,0.488055,0.95,0.932624,1.0,0.045627,4.811213,0.595066,2.70805,0.0,4.414073,0.68452,0.132404,0.017154,116,speed + onset
116 / lvo / speed + onset + benchmark,lvo,121.0,0.290496,0.094215,0.884615,0.896694,0.557604,0.95,0.942149,1.0,0.649123,4.590417,0.512503,2.70805,0.0,3.068638,0.725702,0.896694,0.64977,0.95,0.957447,1.0,0.177778,4.749961,0.618162,2.70805,0.0,4.414073,0.68452,0.290496,0.094215,116,speed + onset + benchmark
116 / nlvo / speed + onset + benchmark,nlvo,473.0,0.097837,0.0,,0.865751,0.345543,0.95,0.864469,1.0,0.39823,4.695507,0.493613,2.70805,0.0,3.16184,0.742814,0.865751,0.412698,0.95,0.915408,1.0,0.0,4.855033,0.580803,2.70805,0.0,,,0.097837,0.0,116,speed + onset + benchmark
116 / other / speed + onset + benchmark,other,80.0,0.0,0.0,,0.85,0.595588,0.95,0.91358,1.0,0.0,4.59836,0.497737,2.70805,0.0,,,0.85,0.683824,0.95,0.956522,1.0,0.0,4.744819,0.602775,2.70805,0.0,,,0.0,0.0,116,speed + onset + benchmark
116 / mixed / speed + onset + benchmark,mixed,674.0,0.123769,0.017154,0.884615,0.869436,0.413823,0.95,0.892632,1.0,0.40566,4.653064,0.50057,2.70805,0.0,3.121824,0.734974,0.869436,0.488055,0.95,0.932624,1.0,0.045627,4.811213,0.595066,2.70805,0.0,4.414073,0.68452,0.123769,0.017154,116,speed + onset + benchmark
117 / lvo / base,lvo,57.0,0.184211,0.0,,0.508772,0.724138,1.0,1.0,1.0,0.5,4.397327,0.442649,2.426813,0.705708,4.180229,0.563326,0.508772,0.844828,1.0,0.938776,1.0,0.0,4.591914,0.632599,2.536252,0.849995,,,0.184211,0.0,117,base
117 / nlvo / base,nlvo,178.5,0.078431,0.002801,1.0,0.478992,0.596491,0.970588,0.919192,1.0,0.296703,4.575451,0.476406,2.65998,0.904903,4.259857,0.671867,0.478992,0.701754,0.975,0.948718,1.0,0.0,4.741158,0.592574,2.795556,0.939538,,,0.07563,0.0,117,base
117 / other / base,other,38.0,0.0,0.0,,0.539474,0.731707,1.0,0.866667,1.0,0.0,4.709705,0.490049,2.925981,1.048458,,,0.539474,0.780488,1.0,0.9375,1.0,0.0,4.772939,0.535577,2.982338,1.051071,,,0.0,0.0,117,base
117 / mixed / base,mixed,273.5,0.08958,0.001828,1.0,0.493601,0.644444,0.982759,0.929825,1.0,0.301887,4.555603,0.479196,2.649378,0.897486,4.22502,0.621566,0.493601,0.744444,0.985075,0.944444,1.0,0.0,4.709834,0.595036,2.761572,0.943872,,,0.087751,0.0,117,base
117 / lvo / benchmark,lvo,57.0,0.280702,0.0,,0.508772,0.724138,1.0,1.0,1.0,0.761905,4.397327,0.442649,2.426813,0.705708,4.180229,0.563326,0.508772,0.844828,1.0,0.938776,1.0,0.0,4.591914,0.632599,2.536252,0.849995,,,0.280702,0.0,117,benchmark
117 / nlvo / benchmark,nlvo,178.5,0.107959,0.0,1.0,0.478992,0.596491,0.970588,0.919192,1.0,0.423529,4.575451,0.476406,2.65998,0.904903,4.259857,0.671867,0.478992,0.701754,0.975,0.948718,1.0,0.0,4.741158,0.592574,2.795556,0.939538,,,0.107959,0.0,117,benchmark
117 / other / benchmark,other,38.0,0.0,0.0,,0.539474,0.731707,1.0,0.866667,1.0,0.0,4.709705,0.490049,2.925981,1.048458,,,0.539474,0.780488,1.0,0.9375,1.0,0.0,4.772939,0.535577,2.982338,1.051071,,,0.0,0.0,117,benchmark
117 / mixed / benchmark,mixed,273.5,0.131627,0.0,1.0,0.493601,0.644444,0.982759,0.929825,1.0,0.45283,4.555603,0.479196,2.649378,0.897486,4.22502,0.621566,0.493601,0.744444,0.985075,0.944444,1.0,0.0,4.709834,0.595036,2.761572,0.943872,,,0.131627,0.0,117,benchmark
117 / lvo / onset,lvo,57.0,0.300109,0.0,,0.828872,0.724138,1.0,1.0,1.0,0.5,4.397327,0.442649,2.426813,0.705708,4.180229,0.563326,0.828872,0.844828,1.0,0.938776,1.0,0.0,4.591914,0.632599,2.536252,0.849995,,,0.300109,0.0,117,onset
117 / nlvo / onset,nlvo,178.5,0.120304,0.0,1.0,0.761925,0.596491,0.970588,0.919192,1.0,0.296703,4.575451,0.476406,2.65998,0.904903,4.259857,0.671867,0.761925,0.701754,0.975,0.948718,1.0,0.0,4.741158,0.592574,2.795556,0.939538,,,0.120304,0.0,117,onset
117 / other / onset,other,38.0,0.0,0.0,,0.785804,0.731707,1.0,0.866667,1.0,0.0,4.709705,0.490049,2.925981,1.048458,,,0.785804,0.780488,1.0,0.9375,1.0,0.0,4.772939,0.535577,2.982338,1.051071,,,0.0,0.0,117,onset
117 / mixed / onset,mixed,273.5,0.139343,0.0,1.0,0.783802,0.644444,0.982759,0.929825,1.0,0.301887,4.555603,0.479196,2.649378,0.897486,4.22502,0.621566,0.783802,0.744444,0.985075,0.944444,1.0,0.0,4.709834,0.595036,2.761572,0.943872,,,0.139343,0.0,117,onset
117 / lvo / speed,lvo,57.0,0.175,0.0,,0.508772,0.724138,0.95,1.0,1.0,0.5,4.397327,0.442649,2.426813,0.0,4.180229,0.563326,0.508772,0.844828,0.95,0.938776,1.0,0.0,4.591914,0.632599,2.536252,0.0,,,0.175,0.0,117,speed
117 / nlvo / speed,nlvo,178.5,0.074026,0.0,1.0,0.478992,0.596491,0.95,0.919192,1.0,0.296703,4.575451,0.476406,2.65998,0.0,4.259857,0.671867,0.478992,0.701754,0.95,0.948718,1.0,0.0,4.741158,0.592574,2.70805,0.0,,,0.074026,0.0,117,speed
117 / other / speed,other,38.0,0.0,0.0,,0.539474,0.731707,0.95,0.866667,1.0,0.0,4.709705,0.490049,2.70805,0.0,,,0.539474,0.780488,0.95,0.9375,1.0,0.0,4.772939,0.535577,2.70805,0.0,,,0.0,0.0,117,speed
117 / mixed / speed,mixed,273.5,0.084826,0.0,1.0,0.493601,0.644444,0.95,0.929825,1.0,0.301887,4.555603,0.479196,2.649378,0.0,4.22502,0.621566,0.493601,0.744444,0.95,0.944444,1.0,0.0,4.709834,0.595036,2.70805,0.0,,,0.084826,0.0,117,speed
117 / lvo / onset + benchmark,lvo,57.0,0.457309,0.0,,0.828872,0.724138,1.0,1.0,1.0,0.761905,4.397327,0.442649,2.426813,0.705708,4.180229,0.563326,0.828872,0.844828,1.0,0.938776,1.0,0.0,4.591914,0.632599,2.536252,0.849995,,,0.457309,0.0,117,onset + benchmark
117 / nlvo / onset + benchmark,nlvo,178.5,0.171728,0.0,1.0,0.761925,0.596491,0.970588,0.919192,1.0,0.423529,4.575451,0.476406,2.65998,0.904903,4.259857,0.671867,0.761925,0.701754,0.975,0.948718,1.0,0.0,4.741158,0.592574,2.795556,0.939538,,,0.171728,0.0,117,onset + benchmark
117 / other / onset + benchmark,other,38.0,0.0,0.0,,0.785804,0.731707,1.0,0.866667,1.0,0.0,4.709705,0.490049,2.925981,1.048458,,,0.785804,0.780488,1.0,0.9375,1.0,0.0,4.772939,0.535577,2.982338,1.051071,,,0.0,0.0,117,onset + benchmark
117 / mixed / onset + benchmark,mixed,273.5,0.209014,0.0,1.0,0.783802,0.644444,0.982759,0.929825,1.0,0.45283,4.555603,0.479196,2.649378,0.897486,4.22502,0.621566,0.783802,0.744444,0.985075,0.944444,1.0,0.0,4.709834,0.595036,2.761572,0.943872,,,0.209014,0.0,117,onset + benchmark
117 / lvo / speed + benchmark,lvo,57.0,0.266667,0.0,,0.508772,0.724138,0.95,1.0,1.0,0.761905,4.397327,0.442649,2.426813,0.0,4.180229,0.563326,0.508772,0.844828,0.95,0.938776,1.0,0.0,4.591914,0.632599,2.536252,0.0,,,0.266667,0.0,117,speed + benchmark
117 / nlvo / speed + benchmark,nlvo,178.5,0.105669,0.0,1.0,0.478992,0.596491,0.95,0.919192,1.0,0.423529,4.575451,0.476406,2.65998,0.0,4.259857,0.671867,0.478992,0.701754,0.95,0.948718,1.0,0.0,4.741158,0.592574,2.70805,0.0,,,0.105669,0.0,117,speed + benchmark
117 / other / speed + benchmark,other,38.0,0.0,0.0,,0.539474,0.731707,0.95,0.866667,1.0,0.0,4.709705,0.490049,2.70805,0.0,,,0.539474,0.780488,0.95,0.9375,1.0,0.0,4.772939,0.535577,2.70805,0.0,,,0.0,0.0,117,speed + benchmark
117 / mixed / speed + benchmark,mixed,273.5,0.127239,0.0,1.0,0.493601,0.644444,0.95,0.929825,1.0,0.45283,4.555603,0.479196,2.649378,0.0,4.22502,0.621566,0.493601,0.744444,0.95,0.944444,1.0,0.0,4.709834,0.595036,2.70805,0.0,,,0.127239,0.0,117,speed + benchmark
117 / lvo / speed + onset,lvo,57.0,0.285103,0.0,,0.828872,0.724138,0.95,1.0,1.0,0.5,4.397327,0.442649,2.426813,0.0,4.180229,0.563326,0.828872,0.844828,0.95,0.938776,1.0,0.0,4.591914,0.632599,2.536252,0.0,,,0.285103,0.0,117,speed + onset
117 / nlvo / speed + onset,nlvo,178.5,0.117752,0.0,1.0,0.761925,0.596491,0.95,0.919192,1.0,0.296703,4.575451,0.476406,2.65998,0.0,4.259857,0.671867,0.761925,0.701754,0.95,0.948718,1.0,0.0,4.741158,0.592574,2.70805,0.0,,,0.117752,0.0,117,speed + onset
117 / other / speed + onset,other,38.0,0.0,0.0,,0.785804,0.731707,0.95,0.866667,1.0,0.0,4.709705,0.490049,2.70805,0.0,,,0.785804,0.780488,0.95,0.9375,1.0,0.0,4.772939,0.535577,2.70805,0.0,,,0.0,0.0,117,speed + onset
117 / mixed / speed + onset,mixed,273.5,0.134698,0.0,1.0,0.783802,0.644444,0.95,0.929825,1.0,0.301887,4.555603,0.479196,2.649378,0.0,4.22502,0.621566,0.783802,0.744444,0.95,0.944444,1.0,0.0,4.709834,0.595036,2.70805,0.0,,,0.134698,0.0,117,speed + onset
117 / lvo / speed + onset + benchmark,lvo,57.0,0.434443,0.0,,0.828872,0.724138,0.95,1.0,1.0,0.761905,4.397327,0.442649,2.426813,0.0,4.180229,0.563326,0.828872,0.844828,0.95,0.938776,1.0,0.0,4.591914,0.632599,2.536252,0.0,,,0.434443,0.0,117,speed + onset + benchmark
117 / nlvo / speed + onset + benchmark,nlvo,178.5,0.168085,0.0,1.0,0.761925,0.596491,0.95,0.919192,1.0,0.423529,4.575451,0.476406,2.65998,0.0,4.259857,0.671867,0.761925,0.701754,0.95,0.948718,1.0,0.0,4.741158,0.592574,2.70805,0.0,,,0.168085,0.0,117,speed + onset + benchmark
117 / other / speed + onset + benchmark,other,38.0,0.0,0.0,,0.785804,0.731707,0.95,0.866667,1.0,0.0,4.709705,0.490049,2.70805,0.0,,,0.785804,0.780488,0.95,0.9375,1.0,0.0,4.772939,0.535577,2.70805,0.0,,,0.0,0.0,117,speed + onset + benchmark
117 / mixed / speed + onset + benchmark,mixed,273.5,0.202047,0.0,1.0,0.783802,0.644444,0.95,0.929825,1.0,0.45283,4.555603,0.479196,2.649378,0.0,4.22502,0.621566,0.783802,0.744444,0.95,0.944444,1.0,0.0,4.709834,0.595036,2.70805,0.0,,,0.202047,0.0,117,speed + onset + benchmark
118 / lvo / base,lvo,93.0,0.424731,0.043011,0.875,0.677419,0.84127,1.0,0.981132,1.0,0.740385,4.417717,0.483403,2.71224,0.627092,3.441538,0.698635,0.677419,0.896825,1.0,0.982301,1.0,0.063063,4.495586,0.558907,2.730569,0.639307,,,0.413979,0.037634,118,base
118 / nlvo / base,nlvo,331.0,0.101208,0.0,,0.678248,0.556793,0.96,0.825,1.0,0.338384,4.614023,0.520842,3.434882,0.979048,3.516809,0.524446,0.678248,0.690423,0.987097,0.849673,1.0,0.0,4.822036,0.633852,3.651023,1.074465,,,0.101209,0.0,118,base
118 / other / base,other,70.0,0.0,0.0,,0.678571,0.747368,0.957746,0.941176,1.0,0.0,4.482796,0.657253,3.166004,0.977223,,,0.678571,0.810526,0.974026,0.973333,1.0,0.0,4.575192,0.707684,3.215237,1.028767,,,0.0,0.0,118,base
118 / mixed / base,mixed,494.0,0.147773,0.008097,0.875,0.678138,0.637313,0.969555,0.884058,1.0,0.393443,4.543471,0.542782,3.205694,0.950198,3.47656,0.62271,0.678138,0.746269,0.988,0.898785,1.0,0.015766,4.710244,0.64513,3.374312,1.054658,,,0.145749,0.007085,118,base
118 / lvo / benchmark,lvo,93.0,0.322581,0.037634,0.875,0.677419,0.84127,1.0,0.981132,1.0,0.576923,4.417717,0.483403,2.71224,0.627092,3.441538,0.698635,0.677419,0.896825,1.0,0.982301,1.0,0.063063,4.495586,0.558907,2.730569,0.639307,,,0.322581,0.037634,118,benchmark
118 / nlvo / benchmark,nlvo,331.0,0.075544,0.0,,0.678248,0.556793,0.96,0.825,1.0,0.252577,4.614023,0.520842,3.434882,0.979048,3.516809,0.524446,0.678248,0.690423,0.987097,0.849673,1.0,0.0,4.822036,0.633852,3.651023,1.074465,,,0.075544,0.0,118,benchmark
118 / other / benchmark,other,70.0,0.0,0.0,,0.678571,0.747368,0.957746,0.941176,1.0,0.0,4.482796,0.657253,3.166004,0.977223,,,0.678571,0.810526,0.974026,0.973333,1.0,0.0,4.575192,0.707684,3.215237,1.028767,,,0.0,0.0,118,benchmark
118 / mixed / benchmark,mixed,494.0,0.114372,0.007085,0.875,0.678138,0.637313,0.969555,0.884058,1.0,0.308743,4.543471,0.542782,3.205694,0.950198,3.47656,0.62271,0.678138,0.746269,0.988,0.898785,1.0,0.015766,4.710244,0.64513,3.374312,1.054658,,,0.114372,0.007085,118,benchmark
118 / lvo / onset,lvo,93.0,0.506533,0.046048,0.875,0.828872,0.84127,1.0,0.981132,1.0,0.740385,4.417717,0.483403,2.71224,0.627092,3.441538,0.698635,0.828872,0.896825,1.0,0.982301,1.0,0.063063,4.495586,0.558907,2.730569,0.639307,,,0.506533,0.046048,118,onset
118 / nlvo / onset,nlvo,331.0,0.113695,0.0,,0.761925,0.556793,0.96,0.825,1.0,0.338384,4.614023,0.520842,3.434882,0.979048,3.516809,0.524446,0.761925,0.690423,0.987097,0.849673,1.0,0.0,4.822036,0.633852,3.651023,1.074465,,,0.113695,0.0,118,onset
118 / other / onset,other,70.0,0.0,0.0,,0.785804,0.747368,0.957746,0.941176,1.0,0.0,4.482796,0.657253,3.166004,0.977223,,,0.785804,0.810526,0.974026,0.973333,1.0,0.0,4.575192,0.707684,3.215237,1.028767,,,0.0,0.0,118,onset
118 / mixed / onset,mixed,494.0,0.168459,0.008189,0.875,0.783802,0.637313,0.969555,0.884058,1.0,0.393443,4.543471,0.542782,3.205694,0.950198,3.47656,0.62271,0.783802,0.746269,0.988,0.898785,1.0,0.015766,4.710244,0.64513,3.374312,1.054658,,,0.168459,0.008189,118,onset
118 / lvo / speed,lvo,93.0,0.39328,0.035753,0.875,0.677419,0.84127,0.95,0.981132,1.0,0.740385,4.417717,0.483403,2.70805,0.0,3.441538,0.698635,0.677419,0.896825,0.95,0.982301,1.0,0.063063,4.495586,0.558907,2.70805,0.0,,,0.39328,0.035753,118,speed
118 / nlvo / speed,nlvo,331.0,0.100154,0.0,,0.678248,0.556793,0.95,0.825,1.0,0.338384,4.614023,0.520842,2.70805,0.0,3.516809,0.524446,0.678248,0.690423,0.95,0.849673,1.0,0.0,4.822036,0.633852,2.70805,0.0,,,0.100154,0.0,118,speed
118 / other / speed,other,70.0,0.0,0.0,,0.678571,0.747368,0.95,0.941176,1.0,0.0,4.482796,0.657253,2.70805,0.0,,,0.678571,0.810526,0.95,0.973333,1.0,0.0,4.575192,0.707684,2.70805,0.0,,,0.0,0.0,118,speed
118 / mixed / speed,mixed,494.0,0.142809,0.006813,0.875,0.678138,0.637313,0.95,0.884058,1.0,0.393443,4.543471,0.542782,2.70805,0.0,3.47656,0.62271,0.678138,0.746269,0.95,0.898785,1.0,0.015766,4.710244,0.64513,2.70805,0.0,,,0.142809,0.006813,118,speed
118 / lvo / onset + benchmark,lvo,93.0,0.394701,0.046048,0.875,0.828872,0.84127,1.0,0.981132,1.0,0.576923,4.417717,0.483403,2.71224,0.627092,3.441538,0.698635,0.828872,0.896825,1.0,0.982301,1.0,0.063063,4.495586,0.558907,2.730569,0.639307,,,0.394701,0.046048,118,onset + benchmark
118 / nlvo / onset + benchmark,nlvo,331.0,0.084864,0.0,,0.761925,0.556793,0.96,0.825,1.0,0.252577,4.614023,0.520842,3.434882,0.979048,3.516809,0.524446,0.761925,0.690423,0.987097,0.849673,1.0,0.0,4.822036,0.633852,3.651023,1.074465,,,0.084864,0.0,118,onset + benchmark
118 / other / onset + benchmark,other,70.0,0.0,0.0,,0.785804,0.747368,0.957746,0.941176,1.0,0.0,4.482796,0.657253,3.166004,0.977223,,,0.785804,0.810526,0.974026,0.973333,1.0,0.0,4.575192,0.707684,3.215237,1.028767,,,0.0,0.0,118,onset + benchmark
118 / mixed / onset + benchmark,mixed,494.0,0.132193,0.008189,0.875,0.783802,0.637313,0.969555,0.884058,1.0,0.308743,4.543471,0.542782,3.205694,0.950198,3.47656,0.62271,0.783802,0.746269,0.988,0.898785,1.0,0.015766,4.710244,0.64513,3.374312,1.054658,,,0.132193,0.008189,118,onset + benchmark
118 / lvo / speed + benchmark,lvo,93.0,0.306451,0.035753,0.875,0.677419,0.84127,0.95,0.981132,1.0,0.576923,4.417717,0.483403,2.70805,0.0,3.441538,0.698635,0.677419,0.896825,0.95,0.982301,1.0,0.063063,4.495586,0.558907,2.70805,0.0,,,0.306451,0.035753,118,speed + benchmark
118 / nlvo / speed + benchmark,nlvo,331.0,0.074757,0.0,,0.678248,0.556793,0.95,0.825,1.0,0.252577,4.614023,0.520842,2.70805,0.0,3.516809,0.524446,0.678248,0.690423,0.95,0.849673,1.0,0.0,4.822036,0.633852,2.70805,0.0,,,0.074757,0.0,118,speed + benchmark
118 / other / speed + benchmark,other,70.0,0.0,0.0,,0.678571,0.747368,0.95,0.941176,1.0,0.0,4.482796,0.657253,2.70805,0.0,,,0.678571,0.810526,0.95,0.973333,1.0,0.0,4.575192,0.707684,2.70805,0.0,,,0.0,0.0,118,speed + benchmark
118 / mixed / speed + benchmark,mixed,494.0,0.112066,0.006813,0.875,0.678138,0.637313,0.95,0.884058,1.0,0.308743,4.543471,0.542782,2.70805,0.0,3.47656,0.62271,0.678138,0.746269,0.95,0.898785,1.0,0.015766,4.710244,0.64513,2.70805,0.0,,,0.112066,0.006813,118,speed + benchmark
118 / lvo / speed + onset,lvo,93.0,0.481207,0.043746,0.875,0.828872,0.84127,0.95,0.981132,1.0,0.740385,4.417717,0.483403,2.70805,0.0,3.441538,0.698635,0.828872,0.896825,0.95,0.982301,1.0,0.063063,4.495586,0.558907,2.70805,0.0,,,0.481207,0.043746,118,speed + onset
118 / nlvo / speed + onset,nlvo,331.0,0.112511,0.0,,0.761925,0.556793,0.95,0.825,1.0,0.338384,4.614023,0.520842,2.70805,0.0,3.516809,0.524446,0.761925,0.690423,0.95,0.849673,1.0,0.0,4.822036,0.633852,2.70805,0.0,,,0.112511,0.0,118,speed + onset
118 / other / speed + onset,other,70.0,0.0,0.0,,0.785804,0.747368,0.95,0.941176,1.0,0.0,4.482796,0.657253,2.70805,0.0,,,0.785804,0.810526,0.95,0.973333,1.0,0.0,4.575192,0.707684,2.70805,0.0,,,0.0,0.0,118,speed + onset
118 / mixed / speed + onset,mixed,494.0,0.165061,0.007874,0.875,0.783802,0.637313,0.95,0.884058,1.0,0.393443,4.543471,0.542782,2.70805,0.0,3.47656,0.62271,0.783802,0.746269,0.95,0.898785,1.0,0.015766,4.710244,0.64513,2.70805,0.0,,,0.165061,0.007874,118,speed + onset
118 / lvo / speed + onset + benchmark,lvo,93.0,0.374966,0.043746,0.875,0.828872,0.84127,0.95,0.981132,1.0,0.576923,4.417717,0.483403,2.70805,0.0,3.441538,0.698635,0.828872,0.896825,0.95,0.982301,1.0,0.063063,4.495586,0.558907,2.70805,0.0,,,0.374966,0.043746,118,speed + onset + benchmark
118 / nlvo / speed + onset + benchmark,nlvo,331.0,0.08398,0.0,,0.761925,0.556793,0.95,0.825,1.0,0.252577,4.614023,0.520842,2.70805,0.0,3.516809,0.524446,0.761925,0.690423,0.95,0.849673,1.0,0.0,4.822036,0.633852,2.70805,0.0,,,0.08398,0.0,118,speed + onset + benchmark
118 / other / speed + onset + benchmark,other,70.0,0.0,0.0,,0.785804,0.747368,0.95,0.941176,1.0,0.0,4.482796,0.657253,2.70805,0.0,,,0.785804,0.810526,0.95,0.973333,1.0,0.0,4.575192,0.707684,2.70805,0.0,,,0.0,0.0,118,speed + onset + benchmark
118 / mixed / speed + onset + benchmark,mixed,494.0,0.129527,0.007874,0.875,0.783802,0.637313,0.95,0.884058,1.0,0.308743,4.543471,0.542782,2.70805,0.0,3.47656,0.62271,0.783802,0.746269,0.95,0.898785,1.0,0.015766,4.710244,0.64513,2.70805,0.0,,,0.129527,0.007874,118,speed + onset + benchmark
119 / lvo / base,lvo,97.0,0.216495,0.036082,0.714286,0.865979,0.690476,0.965517,0.866071,1.0,0.42268,4.667373,0.472323,3.295259,0.841006,3.436252,0.609506,0.865979,0.797619,0.977612,0.931298,1.0,0.04918,4.800873,0.557481,3.38542,0.876395,,,0.21134,0.030928,119,base
119 / nlvo / base,nlvo,428.0,0.075935,0.002336,0.0,0.799065,0.454678,0.919614,0.793706,1.0,0.277533,4.740873,0.527778,3.596148,0.898394,3.372146,0.78972,0.799065,0.583333,0.937343,0.852941,1.0,0.003135,4.949365,0.611009,3.755289,0.929715,,,0.073598,0.001168,119,base
119 / other / base,other,69.5,0.0,0.0,,0.820144,0.587719,0.940299,0.888889,1.0,0.0,4.597842,0.728603,3.315595,0.782766,,,0.820144,0.675439,0.948052,0.931507,1.0,0.0,4.733828,0.766718,3.433817,0.865678,,,0.0,0.0,119,base
119 / mixed / base,mixed,594.5,0.089992,0.007569,0.555556,0.812447,0.511387,0.933198,0.824295,1.0,0.273684,4.704215,0.548604,3.484707,0.879598,3.397419,0.721573,0.812447,0.63147,0.947541,0.880623,1.0,0.013752,4.889538,0.626385,3.630859,0.924097,,,0.087468,0.005887,119,base
119 / lvo / benchmark,lvo,97.0,0.262886,0.030928,0.714286,0.865979,0.690476,0.965517,0.866071,1.0,0.525773,4.667373,0.472323,3.295259,0.841006,3.436252,0.609506,0.865979,0.797619,0.977612,0.931298,1.0,0.04918,4.800873,0.557481,3.38542,0.876395,,,0.262886,0.030928,119,benchmark
119 / nlvo / benchmark,nlvo,428.0,0.098395,0.001168,0.0,0.799065,0.454678,0.919614,0.793706,1.0,0.371041,4.740873,0.527778,3.596148,0.898394,3.372146,0.78972,0.799065,0.583333,0.937343,0.852941,1.0,0.003135,4.949365,0.611009,3.755289,0.929715,,,0.098395,0.001168,119,benchmark
119 / other / benchmark,other,69.5,0.0,0.0,,0.820144,0.587719,0.940299,0.888889,1.0,0.0,4.597842,0.728603,3.315595,0.782766,,,0.820144,0.675439,0.948052,0.931507,1.0,0.0,4.733828,0.766718,3.433817,0.865678,,,0.0,0.0,119,benchmark
119 / mixed / benchmark,mixed,594.5,0.115223,0.005887,0.555556,0.812447,0.511387,0.933198,0.824295,1.0,0.360526,4.704215,0.548604,3.484707,0.879598,3.397419,0.721573,0.812447,0.63147,0.947541,0.880623,1.0,0.013752,4.889538,0.626385,3.630859,0.924097,,,0.115223,0.005887,119,benchmark
119 / lvo / onset,lvo,97.0,0.21134,0.030928,0.714286,0.865979,0.690476,0.965517,0.866071,1.0,0.42268,4.667373,0.472323,3.295259,0.841006,3.436252,0.609506,0.865979,0.797619,0.977612,0.931298,1.0,0.04918,4.800873,0.557481,3.38542,0.876395,,,0.21134,0.030928,119,onset
119 / nlvo / onset,nlvo,428.0,0.073598,0.001168,0.0,0.799065,0.454678,0.919614,0.793706,1.0,0.277533,4.740873,0.527778,3.596148,0.898394,3.372146,0.78972,0.799065,0.583333,0.937343,0.852941,1.0,0.003135,4.949365,0.611009,3.755289,0.929715,,,0.073598,0.001168,119,onset
119 / other / onset,other,69.5,0.0,0.0,,0.820144,0.587719,0.940299,0.888889,1.0,0.0,4.597842,0.728603,3.315595,0.782766,,,0.820144,0.675439,0.948052,0.931507,1.0,0.0,4.733828,0.766718,3.433817,0.865678,,,0.0,0.0,119,onset
119 / mixed / onset,mixed,594.5,0.087468,0.005887,0.555556,0.812447,0.511387,0.933198,0.824295,1.0,0.273684,4.704215,0.548604,3.484707,0.879598,3.397419,0.721573,0.812447,0.63147,0.947541,0.880623,1.0,0.013752,4.889538,0.626385,3.630859,0.924097,,,0.087468,0.005887,119,onset
119 / lvo / speed,lvo,97.0,0.207943,0.030054,0.714286,0.865979,0.690476,0.95,0.866071,1.0,0.42268,4.667373,0.472323,2.70805,0.0,3.436252,0.609506,0.865979,0.797619,0.95,0.931298,1.0,0.04918,4.800873,0.557481,2.70805,0.0,,,0.207943,0.030054,119,speed
119 / nlvo / speed,nlvo,428.0,0.07603,0.001184,0.0,0.799065,0.454678,0.95,0.793706,1.0,0.277533,4.740873,0.527778,2.70805,0.0,3.372146,0.78972,0.799065,0.583333,0.95,0.852941,1.0,0.003135,4.949365,0.611009,2.70805,0.0,,,0.07603,0.001184,119,speed
119 / other / speed,other,69.5,0.0,0.0,,0.820144,0.587719,0.95,0.888889,1.0,0.0,4.597842,0.728603,2.70805,0.0,,,0.820144,0.675439,0.95,0.931507,1.0,0.0,4.733828,0.766718,2.70805,0.0,,,0.0,0.0,119,speed
119 / mixed / speed,mixed,594.5,0.089043,0.005902,0.555556,0.812447,0.511387,0.95,0.824295,1.0,0.273684,4.704215,0.548604,2.70805,0.0,3.397419,0.721573,0.812447,0.63147,0.95,0.880623,1.0,0.013752,4.889538,0.626385,2.70805,0.0,,,0.089043,0.005902,119,speed
119 / lvo / onset + benchmark,lvo,97.0,0.262886,0.030928,0.714286,0.865979,0.690476,0.965517,0.866071,1.0,0.525773,4.667373,0.472323,3.295259,0.841006,3.436252,0.609506,0.865979,0.797619,0.977612,0.931298,1.0,0.04918,4.800873,0.557481,3.38542,0.876395,,,0.262886,0.030928,119,onset + benchmark
119 / nlvo / onset + benchmark,nlvo,428.0,0.098395,0.001168,0.0,0.799065,0.454678,0.919614,0.793706,1.0,0.371041,4.740873,0.527778,3.596148,0.898394,3.372146,0.78972,0.799065,0.583333,0.937343,0.852941,1.0,0.003135,4.949365,0.611009,3.755289,0.929715,,,0.098395,0.001168,119,onset + benchmark
119 / other / onset + benchmark,other,69.5,0.0,0.0,,0.820144,0.587719,0.940299,0.888889,1.0,0.0,4.597842,0.728603,3.315595,0.782766,,,0.820144,0.675439,0.948052,0.931507,1.0,0.0,4.733828,0.766718,3.433817,0.865678,,,0.0,0.0,119,onset + benchmark
119 / mixed / onset + benchmark,mixed,594.5,0.115223,0.005887,0.555556,0.812447,0.511387,0.933198,0.824295,1.0,0.360526,4.704215,0.548604,3.484707,0.879598,3.397419,0.721573,0.812447,0.63147,0.947541,0.880623,1.0,0.013752,4.889538,0.626385,3.630859,0.924097,,,0.115223,0.005887,119,onset + benchmark
119 / lvo / speed + benchmark,lvo,97.0,0.258661,0.030054,0.714286,0.865979,0.690476,0.95,0.866071,1.0,0.525773,4.667373,0.472323,2.70805,0.0,3.436252,0.609506,0.865979,0.797619,0.95,0.931298,1.0,0.04918,4.800873,0.557481,2.70805,0.0,,,0.258661,0.030054,119,speed + benchmark
119 / nlvo / speed + benchmark,nlvo,428.0,0.101646,0.001184,0.0,0.799065,0.454678,0.95,0.793706,1.0,0.371041,4.740873,0.527778,2.70805,0.0,3.372146,0.78972,0.799065,0.583333,0.95,0.852941,1.0,0.003135,4.949365,0.611009,2.70805,0.0,,,0.101646,0.001184,119,speed + benchmark
119 / other / speed + benchmark,other,69.5,0.0,0.0,,0.820144,0.587719,0.95,0.888889,1.0,0.0,4.597842,0.728603,2.70805,0.0,,,0.820144,0.675439,0.95,0.931507,1.0,0.0,4.733828,0.766718,2.70805,0.0,,,0.0,0.0,119,speed + benchmark
119 / mixed / speed + benchmark,mixed,594.5,0.117297,0.005902,0.555556,0.812447,0.511387,0.95,0.824295,1.0,0.360526,4.704215,0.548604,2.70805,0.0,3.397419,0.721573,0.812447,0.63147,0.95,0.880623,1.0,0.013752,4.889538,0.626385,2.70805,0.0,,,0.117297,0.005902,119,speed + benchmark
119 / lvo / speed + onset,lvo,97.0,0.207943,0.030054,0.714286,0.865979,0.690476,0.95,0.866071,1.0,0.42268,4.667373,0.472323,2.70805,0.0,3.436252,0.609506,0.865979,0.797619,0.95,0.931298,1.0,0.04918,4.800873,0.557481,2.70805,0.0,,,0.207943,0.030054,119,speed + onset
119 / nlvo / speed + onset,nlvo,428.0,0.07603,0.001184,0.0,0.799065,0.454678,0.95,0.793706,1.0,0.277533,4.740873,0.527778,2.70805,0.0,3.372146,0.78972,0.799065,0.583333,0.95,0.852941,1.0,0.003135,4.949365,0.611009,2.70805,0.0,,,0.07603,0.001184,119,speed + onset
119 / other / speed + onset,other,69.5,0.0,0.0,,0.820144,0.587719,0.95,0.888889,1.0,0.0,4.597842,0.728603,2.70805,0.0,,,0.820144,0.675439,0.95,0.931507,1.0,0.0,4.733828,0.766718,2.70805,0.0,,,0.0,0.0,119,speed + onset
119 / mixed / speed + onset,mixed,594.5,0.089043,0.005902,0.555556,0.812447,0.511387,0.95,0.824295,1.0,0.273684,4.704215,0.548604,2.70805,0.0,3.397419,0.721573,0.812447,0.63147,0.95,0.880623,1.0,0.013752,4.889538,0.626385,2.70805,0.0,,,0.089043,0.005902,119,speed + onset
119 / lvo / speed + onset + benchmark,lvo,97.0,0.258661,0.030054,0.714286,0.865979,0.690476,0.95,0.866071,1.0,0.525773,4.667373,0.472323,2.70805,0.0,3.436252,0.609506,0.865979,0.797619,0.95,0.931298,1.0,0.04918,4.800873,0.557481,2.70805,0.0,,,0.258661,0.030054,119,speed + onset + benchmark
119 / nlvo / speed + onset + benchmark,nlvo,428.0,0.101646,0.001184,0.0,0.799065,0.454678,0.95,0.793706,1.0,0.371041,4.740873,0.527778,2.70805,0.0,3.372146,0.78972,0.799065,0.583333,0.95,0.852941,1.0,0.003135,4.949365,0.611009,2.70805,0.0,,,0.101646,0.001184,119,speed + onset + benchmark
119 / other / speed + onset + benchmark,other,69.5,0.0,0.0,,0.820144,0.587719,0.95,0.888889,1.0,0.0,4.597842,0.728603,2.70805,0.0,,,0.820144,0.675439,0.95,0.931507,1.0,0.0,4.733828,0.766718,2.70805,0.0,,,0.0,0.0,119,speed + onset + benchmark
119 / mixed / speed + onset + benchmark,mixed,594.5,0.117297,0.005902,0.555556,0.812447,0.511387,0.95,0.824295,1.0,0.360526,4.704215,0.548604,2.70805,0.0,3.397419,0.721573,0.812447,0.63147,0.95,0.880623,1.0,0.013752,4.889538,0.626385,2.70805,0.0,,,0.117297,0.005902,119,speed + onset + benchmark
