stroke_team_id,stroke_type,admissions,proportion_of_all_with_ivt,proportion_of_all_with_mt,proportion_of_mt_with_ivt,proportion1_of_all_with_onset_known_ivt,proportion2_of_mask1_with_onset_to_arrival_on_time_ivt,proportion3_of_mask2_with_arrival_to_scan_on_time_ivt,proportion4_of_mask3_with_onset_to_scan_on_time_ivt,proportion5_of_mask4_with_enough_time_to_treat_ivt,proportion6_of_mask5_with_treated_ivt,lognorm_mu_onset_arrival_mins_ivt,lognorm_sigma_onset_arrival_mins_ivt,lognorm_mu_arrival_scan_arrival_mins_ivt,lognorm_sigma_arrival_scan_arrival_mins_ivt,lognorm_mu_scan_needle_mins_ivt,lognorm_sigma_scan_needle_mins_ivt,proportion1_of_all_with_onset_known_mt,proportion2_of_mask1_with_onset_to_arrival_on_time_mt,proportion3_of_mask2_with_arrival_to_scan_on_time_mt,proportion4_of_mask3_with_onset_to_scan_on_time_mt,proportion5_of_mask4_with_enough_time_to_treat_mt,proportion6_of_mask5_with_treated_mt,lognorm_mu_onset_arrival_mins_mt,lognorm_sigma_onset_arrival_mins_mt,lognorm_mu_arrival_scan_arrival_mins_mt,lognorm_sigma_arrival_scan_arrival_mins_mt,lognorm_mu_scan_puncture_mins_mt,lognorm_sigma_scan_puncture_mins_mt,proportion_of_all_with_mask6_and_ivt,proportion_of_all_with_mask6_and_mt
1,lvo,153.0,0.323529,0.189542,0.672414,0.614379,0.824468,0.993548,0.980519,1.0,0.602649,4.482154,0.429048,3.15515,0.662868,3.160676,0.863238,0.614379,0.909574,1.0,0.988304,1.0,0.325444,4.59117,0.532134,3.095801,0.850953,4.84429,0.473707,0.297386,0.179739
1,nlvo,728.0,0.088599,0.011676,0.529412,0.484203,0.547518,0.943005,0.840659,1.0,0.362745,4.633735,0.49954,3.479407,0.958914,3.176399,1.060874,0.484203,0.635461,0.966518,0.921478,1.0,0.032581,4.781241,0.593924,3.470995,1.137795,5.098082,0.632573,0.076236,0.008929
1,other,101.5,0.0,0.0,,0.522167,0.688679,0.917808,0.880597,1.0,0.0,4.575809,0.489892,3.460899,0.767281,,,0.522167,0.820755,0.965517,0.904762,1.0,0.0,4.74919,0.60222,3.55556,0.979549,,,0.0,0.0
1,mixed,982.5,0.116031,0.038168,0.64,0.508397,0.614615,0.952769,0.882051,1.0,0.391473,4.588583,0.485106,3.391928,0.879373,3.169316,0.974497,0.508397,0.706707,0.974504,0.936047,1.0,0.10559,4.731255,0.585291,3.388066,1.066862,4.892809,0.51248,0.102799,0.034606
2,lvo,108.0,0.333333,0.00463,1.0,0.74537,0.714286,0.991304,0.973684,1.0,0.63964,4.498344,0.451547,2.897774,0.805825,3.391844,0.500678,0.74537,0.826087,1.0,0.954887,1.0,0.007874,4.659794,0.588026,2.995546,0.860518,,,0.328704,0.00463
2,nlvo,410.0,0.120732,0.00122,0.0,0.609756,0.554,0.935018,0.880309,1.0,0.421053,4.713608,0.464916,3.154636,0.999793,3.385542,0.529436,0.609756,0.672,0.949405,0.909091,1.0,0.0,4.882537,0.560891,3.291249,1.074854,,,0.117073,0.0
2,other,60.0,0.0,0.0,,0.7,0.654762,0.981818,0.907407,1.0,0.0,4.598269,0.432034,3.186641,0.860302,,,0.7,0.797619,0.985075,0.924242,1.0,0.0,4.78947,0.570523,3.235636,0.874942,,,0.0,0.0
2,mixed,578.0,0.147924,0.00173,0.5,0.644464,0.6,0.955257,0.908665,1.0,0.430412,4.644036,0.466061,3.090107,0.939852,3.388221,0.515879,0.644464,0.719463,0.966418,0.92278,1.0,0.002092,4.815633,0.575668,3.208239,1.005937,,,0.144464,0.000865
3,lvo,121.0,0.326446,0.136364,0.545455,0.640496,0.83871,1.0,0.976923,1.0,0.606299,4.510283,0.575657,1.924962,1.111086,3.593177,0.836761,0.640496,0.903226,1.0,0.978571,1.0,0.189781,4.594734,0.633849,1.97419,1.144893,4.228016,0.502568,0.318182,0.107438
3,nlvo,607.0,0.061779,0.001647,0.5,0.460461,0.542039,0.940594,0.870175,1.0,0.28629,4.618252,0.490705,2.54653,1.473954,3.762375,0.645068,0.460461,0.626118,0.974286,0.900293,1.0,0.006515,4.762754,0.587261,2.759821,1.577653,,,0.058484,0.001647
3,other,68.5,0.0,0.0,,0.437956,0.8,0.958333,0.956522,1.0,0.0,4.587773,0.517163,1.935309,1.335016,,,0.437956,0.85,0.980392,0.96,1.0,0.0,4.652081,0.565239,2.069928,1.4656,,,0.0,0.0
3,mixed,796.5,0.096673,0.021971,0.542857,0.485876,0.621447,0.95842,0.908894,1.0,0.353222,4.58603,0.518608,2.310261,1.397304,3.674346,0.753216,0.485876,0.698966,0.981516,0.926554,1.0,0.056911,4.708841,0.601212,2.487725,1.507591,4.333596,0.662705,0.092906,0.017577
4,lvo,91.0,0.214286,0.0,,0.604396,0.845455,0.978495,1.0,1.0,0.428571,4.570901,0.598048,2.755304,0.750127,3.913018,0.452116,0.604396,0.927273,0.980392,0.96,1.0,0.0,4.672403,0.659688,2.802711,0.741744,,,0.214286,0.0
4,nlvo,322.0,0.040373,0.0,,0.59472,0.634465,0.995885,0.946281,1.0,0.113537,4.623913,0.548603,3.141218,0.740707,3.870013,0.526357,0.59472,0.70235,1.0,0.959108,1.0,0.0,4.723871,0.605719,3.163075,0.760223,,,0.040373,0.0
4,other,59.0,0.0,0.0,,0.567797,0.701493,1.0,0.978723,1.0,0.0,4.566943,0.864871,2.987863,0.841304,,,0.567797,0.776119,1.0,0.980769,1.0,0.0,4.667823,0.879228,3.082852,0.858977,,,0.0,0.0
4,mixed,472.0,0.068856,0.0,,0.59322,0.683929,0.992167,0.963158,1.0,0.177596,4.604049,0.60627,3.029834,0.771128,3.895816,0.479627,0.59322,0.755357,0.995272,0.961995,1.0,0.0,4.70457,0.656688,3.067569,0.781431,,,0.068856,0.0
5,lvo,196.5,0.201018,0.05598,0.545455,0.56743,0.717489,0.9625,0.896104,1.0,0.550725,4.558431,0.502574,3.351996,0.88269,3.430125,0.55649,0.56743,0.825112,0.978261,0.861111,1.0,0.090323,4.70729,0.607989,3.524827,0.977614,5.323826,0.88366,0.193384,0.035623
5,nlvo,656.0,0.064787,0.005335,0.571429,0.500762,0.538813,0.898305,0.735849,1.0,0.34188,4.707265,0.459768,3.867637,0.880778,3.435341,0.506101,0.500762,0.675799,0.961712,0.765808,1.0,0.018349,4.904972,0.57042,4.110687,0.95993,,,0.060976,0.004573
5,other,124.5,0.0,0.0,,0.546185,0.735294,0.9,0.8,1.0,0.0,4.539872,0.610217,3.633942,0.908125,,,0.546185,0.823529,0.955357,0.850467,1.0,0.0,4.667483,0.686036,3.843731,1.00208,,,0.0,0.0
5,mixed,977.0,0.08393,0.014841,0.551724,0.519959,0.604331,0.915309,0.790036,1.0,0.351351,4.641218,0.503352,3.688916,0.911831,3.4328,0.529529,0.519959,0.728346,0.964865,0.802521,1.0,0.034904,4.819874,0.606883,3.922986,1.00092,5.294136,0.859814,0.079836,0.010235
6,lvo,147.5,0.179661,0.166102,0.469388,0.918644,0.512915,0.985612,0.912409,1.0,0.408,4.65824,0.539312,2.968826,0.842425,3.534687,0.55564,0.918644,0.630996,0.994152,0.905882,1.0,0.266234,4.849881,0.630914,3.081606,0.950492,4.68106,0.633198,0.172881,0.138983
6,nlvo,911.0,0.062569,0.015368,0.5,0.896268,0.286589,0.978632,0.882096,1.0,0.277228,4.726943,0.486819,3.261791,0.997199,3.605216,0.474715,0.896268,0.391304,0.989045,0.875,1.0,0.036166,4.980865,0.594567,3.378182,1.118175,4.71706,0.674892,0.061471,0.010977
6,other,117.5,0.0,0.0,,0.889362,0.454545,0.978947,0.88172,1.0,0.0,4.688919,0.59363,3.065091,1.048873,,,0.889362,0.578947,1.0,0.92562,1.0,0.0,4.910893,0.678207,3.133105,1.204548,,,0.0,0.0
6,mixed,1176.0,0.071003,0.032738,0.480519,0.898384,0.332229,0.980057,0.888081,1.0,0.266776,4.708193,0.513006,3.176865,0.982057,3.583148,0.500774,0.898384,0.440606,0.991407,0.887324,1.0,0.074481,4.947713,0.614263,3.29143,1.107564,4.692863,0.641731,0.069303,0.025935
7,lvo,133.0,0.308271,0.033835,0.777778,0.736842,0.755102,0.97973,0.944828,1.0,0.583942,4.700134,0.421862,2.317173,1.392607,3.291681,0.494012,0.736842,0.831633,1.0,0.92638,1.0,0.059603,4.792997,0.497726,2.497787,1.506382,,,0.300752,0.033835
7,nlvo,635.0,0.097638,0.000787,1.0,0.744882,0.451374,0.953162,0.823096,1.0,0.367164,4.780036,0.497669,2.765398,1.612131,3.21759,0.494058,0.744882,0.567653,0.985102,0.862004,1.0,0.002193,4.963241,0.574629,2.996664,1.621873,,,0.09685,0.000787
7,other,99.0,0.0,0.0,,0.631313,0.672,0.952381,0.8625,1.0,0.0,4.642911,0.504617,2.798729,1.468478,,,0.631313,0.736,0.98913,0.934066,1.0,0.0,4.739754,0.576563,2.970774,1.529209,,,0.0,0.0
7,mixed,867.0,0.1188,0.005767,0.8,0.730681,0.520126,0.959029,0.856013,1.0,0.375231,4.744613,0.484569,2.666781,1.556072,3.246788,0.49415,0.730681,0.625099,0.988636,0.88378,1.0,0.014451,4.902243,0.56638,2.889802,1.598691,,,0.11707,0.005767
8,lvo,66.5,0.330827,0.112782,0.8,0.774436,0.737864,1.0,0.973684,1.0,0.581081,4.515562,0.537051,3.17579,0.773332,3.334447,0.521914,0.774436,0.815534,1.0,0.988095,1.0,0.180723,4.625102,0.614043,3.175614,0.842362,5.380736,0.201745,0.323308,0.112782
8,nlvo,381.5,0.129751,0.001311,1.0,0.703801,0.556797,0.976589,0.842466,1.0,0.365854,4.684846,0.480316,3.62385,0.762344,3.513668,0.719549,0.703801,0.670391,0.983333,0.90113,1.0,0.003135,4.855757,0.581096,3.671799,0.873315,,,0.117955,0.001311
8,other,59.0,0.0,0.0,,0.677966,0.75,0.966667,0.896552,1.0,0.0,4.632339,0.4677,3.455911,0.685484,,,0.677966,0.85,0.985294,0.955224,1.0,0.0,4.756201,0.557605,3.542178,0.721741,,,0.0,0.0
8,mixed,507.0,0.141026,0.015779,0.8125,0.710059,0.604167,0.97931,0.873239,1.0,0.357527,4.648028,0.491965,3.521049,0.771779,3.455724,0.665463,0.710059,0.711111,0.986328,0.922772,1.0,0.034335,4.804693,0.588805,3.572068,0.867495,5.380105,0.19492,0.131164,0.015779
9,lvo,51.0,0.313725,0.019608,1.0,0.990196,0.643564,1.0,0.938462,1.0,0.52459,4.552259,0.514892,3.192266,0.812732,3.57795,0.659653,0.990196,0.762376,0.987013,0.934211,1.0,0.028169,4.723508,0.621283,3.323851,0.856206,,,0.313725,0.019608
9,nlvo,183.0,0.125683,0.0,,0.986339,0.387812,0.971429,0.816176,1.0,0.405405,4.775862,0.513271,3.687001,0.775322,3.905019,0.456077,0.986339,0.479224,0.965318,0.850299,1.0,0.0,4.950407,0.587986,3.8003,0.860853,,,0.122951,0.0
9,other,38.0,0.0,0.0,,0.973684,0.648649,0.895833,0.837209,1.0,0.0,4.770771,0.409733,3.809484,0.760688,,,0.973684,0.72973,0.944444,0.921569,1.0,0.0,4.877826,0.493379,3.868703,0.856521,,,0.0,0.0
9,mixed,272.0,0.143382,0.003676,1.0,0.985294,0.472015,0.964427,0.852459,1.0,0.370192,4.717449,0.50342,3.576792,0.814781,3.769094,0.569421,0.985294,0.567164,0.967105,0.884354,1.0,0.007692,4.880043,0.587115,3.689002,0.883156,,,0.141544,0.003676
10,lvo,141.0,0.301418,0.024823,1.0,0.528369,0.798658,1.0,0.983193,1.0,0.726496,4.604857,0.421777,2.796092,0.671429,3.332261,0.581636,0.528369,0.90604,1.0,0.977778,1.0,0.05303,4.732842,0.529928,2.747571,0.86689,,,0.301418,0.024823
10,nlvo,531.5,0.062088,0.0,,0.450611,0.632568,0.957096,0.872414,1.0,0.241107,4.706227,0.47456,3.291452,0.918967,3.14956,0.684964,0.450611,0.716075,0.970845,0.930931,1.0,0.0,4.820921,0.548044,3.310933,1.031845,,,0.057385,0.0
10,other,101.0,0.0,0.0,,0.5,0.722772,0.931507,0.867647,1.0,0.0,4.721909,0.474937,3.150378,1.00997,,,0.5,0.792079,0.9625,0.948052,1.0,0.0,4.799519,0.520064,3.277698,1.125534,,,0.0,0.0
10,mixed,773.5,0.097608,0.004525,1.0,0.471235,0.679012,0.963636,0.899371,1.0,0.340326,4.68417,0.463757,3.147761,0.900868,3.255927,0.631109,0.471235,0.765432,0.976703,0.944954,1.0,0.013592,4.796543,0.540081,3.166689,1.034384,,,0.094376,0.004525
11,lvo,178.0,0.303371,0.058989,0.714286,0.494382,0.909091,0.9875,0.936709,1.0,0.574324,4.362651,0.472996,3.602391,0.838949,3.245583,1.104665,0.494382,0.954545,0.994048,0.976048,1.0,0.104294,4.428456,0.548314,3.60861,0.899242,5.181354,0.681836,0.238764,0.047753
11,nlvo,567.0,0.065256,0.008818,0.6,0.35097,0.738693,0.965986,0.78169,1.0,0.27027,4.570485,0.521723,3.955642,0.775262,3.315414,1.05746,0.35097,0.834171,0.981928,0.923313,1.0,0.0299,4.69561,0.60332,4.002142,0.835773,,,0.05291,0.007937
11,other,94.5,0.0,0.0,,0.42328,0.825,0.969697,0.875,1.0,0.0,4.479946,0.487274,3.744085,0.641906,,,0.42328,0.875,0.985714,0.942029,1.0,0.0,4.54951,0.552859,3.818511,0.69826,,,0.0,0.0
11,mixed,839.5,0.108398,0.018463,0.677419,0.389518,0.795107,0.973077,0.841897,1.0,0.340376,4.495045,0.51049,3.81858,0.795567,3.274479,1.082213,0.389518,0.87156,0.985965,0.941281,1.0,0.049149,4.598928,0.592776,3.862657,0.856621,5.326858,0.603498,0.086361,0.015485
12,lvo,101.5,0.187192,0.103448,0.380952,0.472906,0.864583,0.987952,0.95122,1.0,0.474359,4.416443,0.430031,3.140848,0.720826,3.485376,0.754555,0.472906,0.916667,1.0,0.977273,1.0,0.197674,4.488396,0.51226,3.175029,0.756746,3.970775,0.711768,0.182266,0.083744
12,nlvo,329.0,0.045593,0.009119,0.5,0.463526,0.583607,0.977528,0.862069,1.0,0.193333,4.655309,0.434843,3.525442,0.706275,3.615474,0.518541,0.463526,0.665574,0.995074,0.950495,1.0,0.015625,4.778363,0.524657,3.599202,0.777733,,,0.044073,0.004559
12,other,72.0,0.0,0.0,,0.520833,0.84,0.968254,0.918033,1.0,0.0,4.633489,0.504357,3.352352,0.593333,,,0.520833,0.893333,0.985075,0.954545,1.0,0.0,4.691544,0.541343,3.434771,0.712067,,,0.0,0.0
12,mixed,502.5,0.067662,0.026866,0.407407,0.473632,0.680672,0.978395,0.895899,1.0,0.232394,4.589875,0.458096,3.39265,0.706822,3.542541,0.659845,0.473632,0.752101,0.994413,0.957865,1.0,0.058651,4.690838,0.53697,3.463866,0.779048,4.122403,0.792716,0.065672,0.0199
13,lvo,103.0,0.334951,0.087379,0.666667,0.713592,0.870748,0.976562,0.968,1.0,0.570248,4.501079,0.455183,3.382589,0.591254,2.638943,1.089472,0.713592,0.959184,0.992908,0.95,1.0,0.12782,4.608151,0.550251,3.45151,0.730529,4.467596,0.88248,0.334951,0.082524
13,nlvo,450.0,0.138889,0.015556,0.214286,0.631111,0.609155,0.910405,0.790476,1.0,0.449799,4.704863,0.555806,3.743239,0.688885,2.763148,0.853276,0.631111,0.728873,0.966184,0.865,1.0,0.028902,4.863569,0.62372,3.874095,0.848316,,,0.124444,0.011111
13,other,68.5,0.0,0.0,,0.649635,0.752809,1.0,0.865672,1.0,0.0,4.631165,0.544389,3.454133,0.733849,,,0.649635,0.831461,1.0,0.972973,1.0,0.0,4.723673,0.593073,3.483639,0.730711,,,0.0,0.0
13,mixed,621.5,0.156074,0.025744,0.46875,0.646822,0.672886,0.937153,0.844181,1.0,0.422897,4.647521,0.538088,3.616116,0.690949,2.715799,0.949234,0.646822,0.782338,0.976153,0.897394,1.0,0.049002,4.789855,0.612973,3.730682,0.831623,4.573535,0.875021,0.145615,0.021722
14,lvo,91.5,0.240437,0.005464,0.0,0.786885,0.819444,0.966102,0.938596,1.0,0.392523,4.569588,0.583292,3.083361,0.961511,3.663394,0.587921,0.786885,0.861111,0.967742,0.975,1.0,0.008547,4.623024,0.617173,3.100838,0.976212,,,0.229508,0.005464
14,nlvo,471.0,0.087049,0.001062,1.0,0.605096,0.615789,0.911681,0.859375,1.0,0.283636,4.677711,0.417692,3.519845,0.998142,3.628318,0.716499,0.605096,0.705263,0.942786,0.854881,1.0,0.003086,4.810668,0.5251,3.674917,1.144946,,,0.082803,0.001062
14,other,46.5,0.0,0.0,,0.623656,0.724138,0.904762,0.868421,1.0,0.0,4.623371,0.5687,3.469184,0.823313,,,0.623656,0.758621,1.0,0.931818,1.0,0.0,4.672486,0.600813,3.680732,0.988402,,,0.0,0.0
14,mixed,609.0,0.103448,0.001642,0.5,0.633826,0.661917,0.923679,0.879237,1.0,0.289157,4.648277,0.475252,3.410345,0.99203,3.640595,0.671977,0.633826,0.738342,0.952632,0.887661,1.0,0.004149,4.759181,0.557164,3.54852,1.121584,,,0.098522,0.001642
15,lvo,101.0,0.232673,0.024752,0.8,0.772277,0.653846,1.0,0.941176,1.0,0.489583,4.646418,0.53198,2.930665,0.755789,3.333464,0.548847,0.772277,0.762821,1.0,0.94958,1.0,0.044248,4.797517,0.617964,2.985456,0.765865,,,0.232673,0.024752
15,nlvo,363.5,0.074278,0.0,,0.756534,0.465455,0.980469,0.844622,1.0,0.235849,4.772937,0.427061,3.368722,0.954541,3.306963,0.526158,0.756534,0.554545,0.983607,0.92,1.0,0.0,4.91777,0.514978,3.452208,1.004476,,,0.068776,0.0
15,other,87.0,0.0,0.0,,0.798851,0.57554,0.975,0.871795,1.0,0.0,4.72696,0.446424,3.311996,0.866861,,,0.798851,0.697842,0.969072,0.87234,1.0,0.0,4.894862,0.548464,3.443017,0.915077,,,0.0,0.0
15,mixed,551.5,0.091568,0.004533,0.8,0.766092,0.518343,0.984018,0.87239,1.0,0.257979,4.735076,0.458853,3.254786,0.911899,3.319804,0.534624,0.766092,0.616568,0.984645,0.918129,1.0,0.010616,4.886038,0.547386,3.342252,0.956578,,,0.087942,0.004533
16,lvo,64.0,0.171875,0.109375,0.428571,0.671875,0.639535,0.981818,0.888889,1.0,0.375,4.49961,0.568034,3.415254,1.006486,3.718949,1.009504,0.671875,0.767442,1.0,0.939394,1.0,0.193548,4.694326,0.679883,3.360119,1.155884,5.35999,0.437537,0.140625,0.09375
16,nlvo,186.0,0.051075,0.005376,1.0,0.569892,0.433962,0.913043,0.77381,1.0,0.169231,4.710741,0.480297,3.937885,0.670113,3.988362,0.302536,0.569892,0.551887,0.931624,0.908257,1.0,0.020202,4.916432,0.584206,3.633531,1.291187,,,0.02957,0.005376
16,other,59.0,0.0,0.0,,0.694915,0.54878,0.955556,0.883721,1.0,0.0,4.601225,0.583355,3.523279,0.901458,,,0.694915,0.731707,1.0,0.916667,1.0,0.0,4.875016,0.696586,3.18325,1.537972,,,0.0,0.0
16,mixed,309.0,0.066343,0.02589,0.5,0.614887,0.505263,0.942708,0.834254,1.0,0.192053,4.624593,0.536403,3.683464,0.867681,3.82114,0.818001,0.614887,0.639474,0.967078,0.919149,1.0,0.064815,4.845881,0.644153,3.441778,1.331589,5.408634,0.429459,0.046926,0.022654
17,lvo,79.5,0.201258,0.012579,1.0,0.754717,0.691667,0.975904,0.950617,1.0,0.376623,4.585693,0.431658,3.293666,1.298324,3.723992,0.513075,0.754717,0.808333,1.0,0.948454,1.0,0.021739,4.733364,0.539612,3.381649,1.312722,,,0.18239,0.012579
17,nlvo,329.0,0.06231,0.0,,0.699088,0.528261,0.930041,0.792035,1.0,0.223464,4.716537,0.490674,3.735674,1.138162,3.819237,0.427048,0.699088,0.647826,0.973154,0.8,1.0,0.0,4.900797,0.590856,3.951186,1.172744,,,0.06079,0.0
17,other,62.5,0.0,0.0,,0.712,0.741573,0.984848,0.861538,1.0,0.0,4.540124,0.803077,3.501771,1.244828,,,0.712,0.797753,0.971831,0.971014,1.0,0.0,4.620413,0.828623,3.523793,1.228811,,,0.0,0.0
17,mixed,471.0,0.077495,0.002123,1.0,0.710191,0.585949,0.94898,0.83871,1.0,0.221154,4.65913,0.548532,3.59856,1.204083,3.779206,0.463932,0.710191,0.696562,0.978541,0.857456,1.0,0.005115,4.823226,0.631093,3.765364,1.234932,,,0.073248,0.002123
18,lvo,92.5,0.232432,0.027027,0.6,0.708108,0.694656,0.978022,0.966292,1.0,0.488372,4.428968,0.473486,3.615605,0.69228,3.308777,0.71509,0.708108,0.755725,0.979798,0.979381,1.0,0.042105,4.529376,0.568404,3.594732,0.677186,,,0.227027,0.021622
18,nlvo,377.0,0.068966,0.0,,0.632626,0.519916,0.903226,0.84375,1.0,0.269841,4.622602,0.542604,3.861133,0.681321,3.369044,0.806521,0.632626,0.616352,0.94898,0.83871,1.0,0.0,4.785968,0.628491,3.99724,0.81611,,,0.067639,0.0
18,other,92.5,0.0,0.0,,0.756757,0.671429,0.93617,0.863636,1.0,0.0,4.536033,0.49505,3.864469,0.65764,,,0.756757,0.735714,0.951456,0.908163,1.0,0.0,4.634877,0.572536,3.913491,0.69051,,,0.0,0.0
18,mixed,562.0,0.08452,0.004448,0.6,0.66548,0.578877,0.926097,0.875312,1.0,0.264957,4.563114,0.523243,3.807371,0.684697,3.341827,0.763095,0.66548,0.663102,0.955645,0.881857,1.0,0.009569,4.703377,0.613516,3.897555,0.77912,,,0.08274,0.003559
19,lvo,58.0,0.344828,0.146552,0.647059,0.982759,0.719298,1.0,0.926829,1.0,0.486842,4.577427,0.449502,2.944841,0.746693,2.473357,1.038071,0.982759,0.789474,1.0,0.966667,1.0,0.183908,4.677337,0.537399,3.005148,0.806376,4.836149,0.789546,0.318966,0.137931
19,nlvo,562.0,0.095196,0.008897,0.6,0.912811,0.367446,0.949602,0.905028,1.0,0.320988,4.692293,0.518407,3.0527,0.906466,2.669722,1.232638,0.912811,0.439571,0.97561,0.918182,1.0,0.022277,4.854711,0.601067,3.21135,1.016919,,,0.092527,0.008007
19,other,47.5,0.0,0.0,,0.905263,0.418605,0.972222,0.942857,1.0,0.0,4.468382,0.452654,3.148608,1.002092,,,0.905263,0.511628,0.954545,1.0,1.0,0.0,4.680721,0.613299,3.190492,0.92454,,,0.0,0.0
19,mixed,667.5,0.110112,0.020225,0.62963,0.918352,0.403752,0.959596,0.911579,1.0,0.325635,4.65698,0.506747,3.041147,0.888103,2.618194,1.184252,0.918352,0.477162,0.977778,0.931818,1.0,0.046904,4.814337,0.596312,3.177374,0.981512,4.922211,0.684609,0.105618,0.018727
20,lvo,42.5,0.211765,0.105882,0.333333,0.658824,0.75,0.97619,0.97561,1.0,0.45,4.345219,0.431779,3.295411,0.903574,3.588765,0.854516,0.658824,0.821429,1.0,0.978261,1.0,0.155556,4.462219,0.564262,3.353024,0.934357,,,0.211765,0.082353
20,nlvo,137.0,0.105839,0.0,,0.562044,0.551948,0.988235,0.821429,1.0,0.391304,4.453279,0.658867,3.650708,0.886286,3.924878,0.590644,0.562044,0.668831,0.990291,0.862745,1.0,0.0,4.675475,0.771522,3.777894,0.904879,,,0.09854,0.0
20,other,29.5,0.0,0.0,,0.610169,0.777778,1.0,0.857143,1.0,0.0,4.654987,0.466771,3.555163,0.91803,,,0.610169,0.916667,1.0,0.848485,1.0,0.0,4.823868,0.591915,3.569615,0.998594,,,0.0,0.0
20,mixed,209.0,0.11244,0.021531,0.333333,0.588517,0.630081,0.987097,0.869281,1.0,0.338346,4.460436,0.578921,3.538012,0.903567,3.790433,0.718328,0.588517,0.739837,0.994505,0.889503,1.0,0.043478,4.648481,0.700988,3.631942,0.942146,,,0.107656,0.016746
21,lvo,73.0,0.383562,0.390411,0.631579,0.80137,0.786325,1.0,0.978261,1.0,0.6,4.50568,0.474346,2.943971,0.799851,2.607591,1.020616,0.80137,0.897436,1.0,0.980952,1.0,0.524272,4.649034,0.587766,2.869099,0.902886,4.811402,0.693334,0.369863,0.369863
21,nlvo,370.5,0.144399,0.020243,0.733333,0.653171,0.413223,1.0,0.935,1.0,0.491979,4.699363,0.478887,2.962151,0.712985,2.733121,1.017256,0.653171,0.497934,1.0,0.970954,1.0,0.055556,4.864648,0.571635,2.813005,0.97824,4.823923,0.933689,0.124157,0.017544
21,other,56.0,0.0,0.0,,0.723214,0.45679,1.0,0.972973,1.0,0.0,4.497134,0.714059,3.030238,0.987971,,,0.723214,0.641975,1.0,0.923077,1.0,0.0,4.843542,0.815875,3.107746,1.043598,,,0.0,0.0
21,mixed,499.5,0.163163,0.072072,0.652778,0.682683,0.482405,1.0,0.951368,1.0,0.466454,4.62246,0.516457,2.964724,0.770489,2.686692,1.016796,0.682683,0.583578,1.0,0.967337,1.0,0.174026,4.805007,0.618338,2.866313,0.970225,4.813832,0.73794,0.146146,0.067067
22,lvo,178.5,0.288515,0.044818,0.6875,0.7507,0.686567,0.98913,0.956044,1.0,0.568966,4.45924,0.574119,2.704709,1.0533,3.621501,0.454301,0.7507,0.783582,0.995238,0.961722,1.0,0.074627,4.613458,0.677397,2.672147,1.109013,4.953287,0.538067,0.277311,0.042017
22,nlvo,621.5,0.115044,0.004023,1.0,0.645213,0.522444,0.937947,0.862595,1.0,0.40708,4.597881,0.59991,2.851394,1.157351,3.570932,0.56087,0.645213,0.63217,0.964497,0.897751,1.0,0.01139,4.787447,0.686657,2.987646,1.299604,,,0.111022,0.004023
22,other,104.0,0.0,0.0,,0.629808,0.625954,0.963415,0.924051,1.0,0.0,4.420614,0.610001,2.880257,0.974183,,,0.629808,0.732824,0.958333,0.967391,1.0,0.0,4.601816,0.716611,2.896538,0.994089,,,0.0,0.0
22,mixed,904.0,0.136062,0.011615,0.761905,0.66427,0.570358,0.954745,0.896024,1.0,0.404437,4.53942,0.59808,2.81406,1.108904,3.592056,0.518596,0.66427,0.676936,0.97171,0.922785,1.0,0.027435,4.720586,0.692409,2.893568,1.225284,4.994618,0.490703,0.131084,0.011062
23,lvo,59.5,0.151261,0.05042,0.5,0.731092,0.62069,0.962963,0.865385,1.0,0.4,4.507554,0.576872,3.468027,0.963164,4.185479,0.534841,0.731092,0.712644,0.983871,0.95082,1.0,0.103448,4.65016,0.655421,3.522713,0.975418,,,0.151261,0.05042
23,nlvo,248.5,0.05835,0.0,,0.651911,0.506173,0.95122,0.692308,1.0,0.268519,4.654375,0.581089,3.991893,0.887885,3.811748,0.896083,0.651911,0.611111,0.989899,0.795918,1.0,0.0,4.835258,0.663422,4.133502,0.925969,,,0.05835,0.0
23,other,52.0,0.0,0.0,,0.596154,0.693548,0.930233,0.8,1.0,0.0,4.677998,0.473565,3.713671,0.93338,,,0.596154,0.790323,0.979592,0.895833,1.0,0.0,4.805059,0.561571,3.882675,0.991364,,,0.0,0.0
23,mixed,360.0,0.065278,0.008333,0.5,0.656944,0.551797,0.950192,0.745968,1.0,0.254054,4.62789,0.565348,3.837176,0.932785,3.954879,0.792591,0.656944,0.653277,0.987055,0.842623,1.0,0.023346,4.79333,0.648857,3.97187,0.973807,,,0.065278,0.008333
24,lvo,100.0,0.185,0.02,0.5,0.56,0.776786,0.988506,0.918605,1.0,0.443038,4.630645,0.425265,2.742469,0.903748,3.788966,0.574237,0.56,0.892857,0.97,0.948454,1.0,0.021739,4.768582,0.536245,2.824176,0.908395,,,0.175,0.01
24,nlvo,324.5,0.09245,0.003082,0.0,0.460709,0.635452,0.973684,0.913514,1.0,0.35503,4.675429,0.486469,3.09273,0.917483,3.476861,0.55834,0.460709,0.729097,0.986239,0.967442,1.0,0.009615,4.802465,0.563801,3.148318,0.944114,,,0.09245,0.003082
24,other,68.5,0.0,0.0,,0.525547,0.75,0.962963,0.942308,1.0,0.0,4.768166,0.373548,2.855399,0.927522,,,0.525547,0.833333,0.966667,0.948276,1.0,0.0,4.856772,0.445547,2.923083,0.966224,,,0.0,0.0
24,mixed,493.0,0.098377,0.006085,0.333333,0.489858,0.6853,0.975831,0.919505,1.0,0.319865,4.678787,0.454976,2.961264,0.92596,3.591847,0.581246,0.489858,0.782609,0.978836,0.959459,1.0,0.011268,4.802121,0.538813,3.028033,0.947056,,,0.096349,0.004057
25,lvo,115.5,0.255411,0.008658,0.5,0.632035,0.794521,0.982759,0.964912,1.0,0.509091,4.557548,0.513237,2.835665,0.756604,3.711347,0.783616,0.632035,0.849315,0.975806,0.991736,1.0,0.016667,4.628923,0.566928,2.845903,0.748481,,,0.242424,0.008658
25,nlvo,415.5,0.063779,0.0,,0.506619,0.527316,1.0,0.882883,1.0,0.255102,4.726084,0.562961,3.177086,0.942974,3.547476,0.897963,0.506619,0.660333,0.978417,0.933824,1.0,0.0,4.916384,0.632926,3.233373,0.968625,,,0.060168,0.0
25,other,96.5,0.0,0.0,,0.642487,0.725806,0.966667,0.931034,1.0,0.0,4.607618,0.443302,3.209703,0.767883,,,0.642487,0.83871,0.971154,0.970297,1.0,0.0,4.740541,0.534028,3.249017,0.814458,,,0.0,0.0
25,mixed,627.5,0.089243,0.001594,0.5,0.550598,0.619392,0.988318,0.914894,1.0,0.273902,4.655495,0.530671,3.09178,0.873806,3.63405,0.839461,0.550598,0.732272,0.976285,0.955466,1.0,0.004237,4.809798,0.609473,3.141665,0.902845,,,0.084462,0.001594
26,lvo,102.5,0.219512,0.009756,0.5,0.756098,0.729032,0.964602,0.990826,1.0,0.407407,4.47201,0.51687,2.087752,1.300742,4.016622,0.573014,0.756098,0.787097,0.991803,0.933884,1.0,0.017699,4.562095,0.592303,2.306482,1.462329,,,0.214634,0.009756
26,nlvo,368.0,0.054348,0.0,,0.630435,0.551724,0.964844,0.821862,1.0,0.192118,4.623538,0.538457,2.759355,1.603573,3.977044,0.490869,0.630435,0.670259,0.96463,0.876667,1.0,0.0,4.811293,0.636518,3.000314,1.627242,,,0.052989,0.0
26,other,76.0,0.0,0.0,,0.618421,0.723404,0.955882,0.892308,1.0,0.0,4.534218,0.664427,2.509578,1.462174,,,0.618421,0.797872,0.946667,0.929577,1.0,0.0,4.639052,0.713217,2.587832,1.497214,,,0.0,0.0
26,mixed,546.5,0.077768,0.00183,0.5,0.652333,0.612903,0.963387,0.876485,1.0,0.224932,4.570457,0.557144,2.546908,1.532467,3.998025,0.533139,0.652333,0.712482,0.968504,0.898374,1.0,0.004525,4.726017,0.646332,2.770152,1.595256,,,0.075938,0.00183
27,lvo,54.0,0.268519,0.009259,1.0,1.0,0.777778,0.97619,0.878049,1.0,0.402778,4.521449,0.783333,3.437794,0.810355,3.779233,0.541562,1.0,0.814815,0.977273,0.953488,1.0,0.012195,4.573619,0.802191,3.494853,0.836509,,,0.268519,0.009259
27,nlvo,252.0,0.081349,0.001984,0.0,0.996032,0.408367,0.985366,0.792079,1.0,0.25625,4.757916,0.539627,3.507857,1.094755,3.771072,0.611003,0.996032,0.521912,0.973282,0.835294,1.0,0.004695,4.962829,0.618197,3.654148,1.121638,,,0.081349,0.001984
27,other,44.0,0.0,0.0,,1.0,0.693182,0.95082,0.913793,1.0,0.0,4.703204,0.474409,3.274262,0.922389,,,1.0,0.738636,0.969231,0.920635,1.0,0.0,4.766509,0.523005,3.357375,0.983881,,,0.0,0.0
27,mixed,350.0,0.1,0.002857,0.5,0.997143,0.501433,0.977143,0.833333,1.0,0.245614,4.691629,0.603665,3.451443,1.005937,3.774453,0.579183,0.997143,0.594556,0.973494,0.873762,1.0,0.005666,4.849549,0.66621,3.57396,1.049848,,,0.1,0.002857
28,lvo,113.0,0.327434,0.079646,0.777778,0.902655,0.622549,1.0,0.889764,1.0,0.637168,4.56226,0.460077,3.332522,0.772756,3.497262,0.650425,0.902655,0.72549,0.97973,0.931034,1.0,0.125926,4.720071,0.578503,3.440276,0.825306,5.164806,0.676543,0.318584,0.075221
28,nlvo,365.5,0.102599,0.010944,0.625,0.80301,0.454855,0.958801,0.8125,1.0,0.355769,4.71668,0.482252,3.757592,0.776191,3.516655,0.703574,0.80301,0.558773,0.972561,0.827586,1.0,0.022727,4.898919,0.580922,3.900241,0.817938,,,0.101231,0.008208
28,other,73.5,0.0,0.0,,0.795918,0.581197,0.985294,0.791045,1.0,0.0,4.580069,0.515272,3.766346,0.763048,,,0.795918,0.675214,1.0,0.898734,1.0,0.0,4.731601,0.611365,3.851615,0.771078,,,0.0,0.0
28,mixed,552.0,0.134964,0.023551,0.730769,0.822464,0.508811,0.974026,0.831111,1.0,0.390374,4.654124,0.485834,3.638931,0.795191,3.507091,0.675618,0.822464,0.611233,0.978378,0.865562,1.0,0.048936,4.82741,0.589943,3.77034,0.836118,5.231696,0.634009,0.132246,0.020833
29,lvo,144.0,0.184028,0.017361,0.8,0.427083,0.886179,0.981651,0.925234,1.0,0.474747,4.520703,0.432933,3.622407,0.806385,3.700339,0.723122,0.427083,0.926829,0.991228,0.973451,1.0,0.045455,4.571555,0.486247,3.658425,0.81613,,,0.163194,0.017361
29,nlvo,460.0,0.059783,0.0,,0.406522,0.566845,0.938679,0.798995,1.0,0.320755,4.599699,0.501697,3.848267,0.835955,4.049904,0.55494,0.406522,0.671123,0.964143,0.85124,1.0,0.0,4.769894,0.610175,3.994606,0.96668,,,0.055435,0.0
29,other,91.5,0.0,0.0,,0.480874,0.727273,0.96875,0.854839,1.0,0.0,4.555169,0.468284,3.727135,0.735965,,,0.480874,0.829545,0.986301,0.916667,1.0,0.0,4.700913,0.588559,3.694049,0.990462,,,0.0,0.0
29,mixed,695.5,0.077642,0.003595,0.8,0.420561,0.65812,0.955844,0.845109,1.0,0.315113,4.569932,0.477713,3.762188,0.815343,3.882255,0.66146,0.420561,0.748718,0.974886,0.894614,1.0,0.013089,4.706775,0.581609,3.854961,0.944974,,,0.070453,0.003595
30,lvo,46.5,0.258065,0.010753,1.0,0.645161,0.9,1.0,0.944444,1.0,0.352941,4.530941,0.421996,3.353956,0.909552,3.726397,0.663627,0.645161,0.983333,1.0,1.0,1.0,0.016949,4.625056,0.510972,3.35129,0.879983,,,0.193548,0.010753
30,nlvo,146.0,0.123288,0.0,,0.5,0.678082,0.939394,0.870968,1.0,0.320988,4.593687,0.48458,3.48143,0.680414,2.905,0.916289,0.5,0.80137,0.965812,0.929204,1.0,0.0,4.763747,0.600773,3.538568,0.732774,,,0.089041,0.0
30,other,23.5,0.0,0.0,,0.531915,0.8,1.0,0.9,1.0,0.0,4.40807,0.378331,3.636788,0.725955,,,0.531915,0.84,1.0,0.952381,1.0,0.0,4.472844,0.473378,3.642713,0.708094,,,0.0,0.0
30,mixed,216.0,0.138889,0.002315,1.0,0.534722,0.748918,0.965318,0.898204,1.0,0.293333,4.552643,0.456097,3.458817,0.767278,3.241026,0.910567,0.534722,0.852814,0.979695,0.953368,1.0,0.005435,4.6912,0.5686,3.492649,0.780527,,,0.101852,0.002315
31,lvo,51.0,0.27451,0.029412,0.666667,0.686275,0.757143,1.0,0.943396,1.0,0.5,4.643579,0.522273,2.749605,0.977356,2.700518,0.566544,0.686275,0.871429,0.983607,0.983333,1.0,0.050847,4.772467,0.591536,2.781295,0.981292,,,0.245098,0.029412
31,nlvo,396.0,0.132576,0.0,,0.628788,0.473896,0.966102,0.894737,1.0,0.5,4.716278,0.587174,3.115055,0.805346,2.768314,0.670941,0.628788,0.572289,0.989474,0.911348,1.0,0.0,4.88072,0.646778,3.258417,0.991542,,,0.128788,0.0
31,other,47.0,0.0,0.0,,0.755319,0.647887,1.0,0.934783,1.0,0.0,4.586733,0.420218,3.063418,0.864644,,,0.755319,0.760563,1.0,0.962963,1.0,0.0,4.745801,0.546857,3.072264,0.942197,,,0.0,0.0
31,mixed,494.0,0.134615,0.003036,0.666667,0.646761,0.524257,0.976119,0.908257,1.0,0.427609,4.686988,0.557788,3.048559,0.851375,2.754968,0.650165,0.646761,0.625978,0.99,0.929293,1.0,0.008152,4.845997,0.62701,3.160741,0.996045,,,0.128543,0.003036
32,lvo,57.5,0.26087,0.008696,1.0,0.495652,0.877193,0.96,0.958333,1.0,0.369565,4.403726,0.790397,3.471094,0.516314,3.503518,0.867553,0.495652,0.929825,0.981132,0.980769,1.0,0.019608,4.474227,0.820839,3.506443,0.597715,,,0.147826,0.008696
32,nlvo,202.5,0.103704,0.002469,1.0,0.560494,0.674009,0.901961,0.811594,1.0,0.294643,4.746987,0.451118,3.827003,0.657749,3.245453,0.971474,0.560494,0.77533,0.948864,0.91018,1.0,0.006579,4.869721,0.528555,3.894159,0.735005,,,0.081481,0.002469
32,other,22.5,0.0,0.0,,0.644444,0.862069,1.0,0.92,1.0,0.0,4.405356,1.019704,3.615038,0.558183,,,0.644444,0.862069,1.0,1.0,1.0,0.0,4.405356,1.019704,3.615038,0.558183,,,0.0,0.0
32,mixed,282.5,0.127434,0.00354,1.0,0.553982,0.728435,0.925439,0.85782,1.0,0.276243,4.634251,0.638043,3.720924,0.632858,3.333195,0.936667,0.553982,0.811502,0.96063,0.934426,1.0,0.008772,4.741491,0.684052,3.782933,0.708916,,,0.088496,0.00354
33,lvo,60.0,0.283333,0.066667,0.375,0.741667,0.674157,1.0,0.95,1.0,0.596491,4.619758,0.382921,2.696321,1.174665,3.741853,0.510328,0.741667,0.775281,1.0,0.956522,1.0,0.075758,4.75964,0.510865,2.796272,1.152542,,,0.283333,0.041667
33,nlvo,342.5,0.055474,0.005839,0.75,0.564964,0.488372,0.94709,0.865922,1.0,0.23871,4.741508,0.42939,3.012441,1.200141,3.782486,0.451644,0.564964,0.617571,0.962343,0.878261,1.0,0.019802,4.937661,0.542604,3.216808,1.320294,,,0.054015,0.005839
33,other,73.0,0.0,0.0,,0.705479,0.601942,0.951613,0.847458,1.0,0.0,4.797672,0.377014,3.28873,1.075582,,,0.705479,0.737864,0.986842,0.893333,1.0,0.0,4.954699,0.479007,3.403702,1.210969,,,0.0,0.0
33,mixed,475.5,0.07571,0.012618,0.5,0.608833,0.537133,0.958199,0.879195,1.0,0.270992,4.729216,0.413569,3.003494,1.182598,3.763028,0.477597,0.608833,0.663212,0.973958,0.895722,1.0,0.026866,4.909045,0.528364,3.176702,1.281183,,,0.074658,0.009464
34,lvo,79.0,0.360759,0.113924,0.833333,0.78481,0.862903,0.962617,0.941748,1.0,0.57732,4.429105,0.406327,3.109637,0.805716,3.221333,0.858275,0.78481,0.903226,0.982143,0.990909,1.0,0.165138,4.487636,0.48199,3.174097,0.88217,4.550022,0.64537,0.35443,0.113924
34,nlvo,260.5,0.184261,0.005758,0.666667,0.642994,0.701493,0.93617,0.909091,1.0,0.47,4.612877,0.554865,3.298449,0.816769,3.279878,0.751015,0.642994,0.779104,0.954023,0.895582,1.0,0.013453,4.716858,0.613763,3.432861,0.917078,,,0.180422,0.005758
34,other,72.5,0.0,0.0,,0.703448,0.764706,0.948718,0.891892,1.0,0.0,4.487428,0.732188,3.330125,0.864016,,,0.703448,0.833333,0.952941,0.938272,1.0,0.0,4.58894,0.779965,3.380932,0.880312,,,0.0,0.0
34,mixed,412.0,0.18568,0.025485,0.809524,0.680825,0.748663,0.945238,0.914358,1.0,0.413223,4.542761,0.564671,3.255367,0.825447,3.258021,0.790418,0.680825,0.816399,0.960699,0.927273,1.0,0.051471,4.637063,0.62618,3.358611,0.906263,4.543405,0.634446,0.182039,0.025485
35,lvo,95.0,0.221053,0.026316,0.0,0.6,0.798246,1.0,0.945055,1.0,0.476744,4.545276,0.409514,2.89828,0.971172,3.58214,0.569165,0.6,0.850877,1.0,0.979381,1.0,0.021053,4.613243,0.478299,2.954793,0.992757,,,0.215789,0.010526
35,nlvo,449.0,0.07461,0.001114,0.0,0.54343,0.508197,0.931452,0.852814,1.0,0.335025,4.665511,0.527835,3.269058,1.046959,3.593726,0.849649,0.54343,0.633197,0.961165,0.858586,1.0,0.0,4.867195,0.625785,3.488999,1.149514,,,0.073497,0.0
35,other,90.0,0.0,0.0,,0.594444,0.728972,0.974359,0.855263,1.0,0.0,4.677874,0.599052,3.26286,1.031483,,,0.594444,0.785047,0.988095,0.951807,1.0,0.0,4.746635,0.629325,3.307413,1.077231,,,0.0,0.0
35,mixed,634.0,0.085962,0.004732,0.0,0.559148,0.588152,0.954436,0.874372,1.0,0.307471,4.641585,0.520334,3.183098,1.036322,3.589287,0.751634,0.559148,0.691114,0.973469,0.899371,1.0,0.004662,4.796256,0.607485,3.348769,1.124533,,,0.084385,0.001577
36,lvo,118.5,0.21097,0.037975,0.777778,0.810127,0.65625,0.992063,0.96,1.0,0.408333,4.564741,0.514968,3.234845,0.620987,3.440529,0.385332,0.810127,0.739583,0.985915,0.971429,1.0,0.066176,4.692359,0.604516,3.267329,0.645946,,,0.206751,0.037975
36,nlvo,364.5,0.080933,0.004115,0.666667,0.720165,0.409524,0.95814,0.854369,1.0,0.329545,4.604563,0.533792,3.557212,0.783886,3.47262,0.456653,0.720165,0.502857,0.981061,0.895753,1.0,0.012931,4.800892,0.635591,3.653536,0.852444,,,0.079561,0.004115
36,other,97.0,0.0,0.0,,0.768041,0.590604,0.965909,0.905882,1.0,0.0,4.585587,0.619937,3.363696,0.778521,,,0.768041,0.677852,0.980198,0.929293,1.0,0.0,4.727634,0.688565,3.398762,0.802287,,,0.0,0.0
36,mixed,580.0,0.093966,0.010345,0.75,0.746552,0.495381,0.969697,0.896635,1.0,0.286863,4.588975,0.546202,3.420806,0.749506,3.457924,0.423828,0.746552,0.58545,0.982249,0.923695,1.0,0.026087,4.7559,0.638633,3.494316,0.80646,5.309581,0.214383,0.092241,0.010345
37,lvo,82.5,0.430303,0.127273,0.714286,0.757576,0.816,1.0,0.95098,1.0,0.659794,4.463835,0.493779,3.590304,0.566537,2.648476,1.222187,0.757576,0.848,1.0,0.971698,1.0,0.194175,4.509052,0.536235,3.634015,0.602111,5.151112,0.198988,0.387879,0.121212
37,nlvo,268.0,0.139925,0.003731,1.0,0.735075,0.527919,0.966346,0.865672,1.0,0.390805,4.638265,0.591854,3.7497,0.700625,2.690579,1.256099,0.735075,0.639594,0.968254,0.885246,1.0,0.009259,4.821257,0.670526,3.867846,0.785649,,,0.126866,0.003731
37,other,52.5,0.0,0.0,,0.72381,0.710526,0.981481,0.849057,1.0,0.0,4.554176,0.428801,3.82632,0.691255,,,0.72381,0.763158,1.0,0.931034,1.0,0.0,4.630654,0.50224,3.891749,0.733944,,,0.0,0.0
37,mixed,403.0,0.181141,0.028536,0.73913,0.738213,0.611765,0.978022,0.88764,1.0,0.417722,4.576912,0.547964,3.715437,0.666977,2.670165,1.23522,0.738213,0.69916,0.980769,0.914216,1.0,0.058981,4.71513,0.630882,3.810494,0.740622,5.165652,0.197281,0.163772,0.027295
38,lvo,72.0,0.291667,0.034722,1.0,0.958333,0.557971,1.0,0.974026,1.0,0.533333,4.516383,0.536215,2.942412,0.902677,3.392867,1.005266,0.958333,0.637681,0.988636,0.977011,1.0,0.058824,4.659711,0.63052,3.018375,0.901239,,,0.277778,0.034722
38,nlvo,288.5,0.126516,0.0,,0.942808,0.371324,0.905941,0.852459,1.0,0.448718,4.758111,0.503975,3.274581,0.983282,3.521537,0.644611,0.942808,0.472426,0.945525,0.847737,1.0,0.0,4.959268,0.593274,3.536886,1.118193,,,0.121317,0.0
38,other,45.0,0.0,0.0,,0.977778,0.613636,0.981481,0.924528,1.0,0.0,4.736261,0.412777,3.044868,0.90706,,,0.977778,0.681818,0.983333,0.949153,1.0,0.0,4.83707,0.497586,3.16284,0.966458,,,0.0,0.0
38,mixed,405.5,0.1418,0.006165,1.0,0.949445,0.432468,0.93994,0.894569,1.0,0.392857,4.698672,0.50683,3.153968,0.959792,3.474748,0.792767,0.949445,0.525974,0.960494,0.892031,1.0,0.014409,4.876075,0.599691,3.364189,1.072928,,,0.135635,0.006165
39,lvo,39.5,0.341772,0.063291,0.4,0.78481,0.741935,1.0,0.913043,1.0,0.642857,4.606194,0.477927,3.045503,0.681728,3.72454,0.836763,0.78481,0.822581,1.0,0.980392,1.0,0.06,4.708349,0.552803,3.037665,0.676018,,,0.341772,0.037975
39,nlvo,233.5,0.126338,0.004283,0.5,0.646681,0.559603,0.982249,0.879518,1.0,0.40411,4.709883,0.563739,3.199627,0.861165,3.5866,0.814954,0.646681,0.675497,0.985294,0.885572,1.0,0.011236,4.878712,0.635395,3.294153,0.911365,,,0.126338,0.004283
39,other,41.5,0.0,0.0,,0.73494,0.704918,0.953488,0.878049,1.0,0.0,4.537599,0.846135,3.305413,0.775696,,,0.73494,0.786885,0.979167,0.914894,1.0,0.0,4.660319,0.879148,3.406942,0.833885,,,0.0,0.0
39,mixed,314.5,0.136725,0.011129,0.428571,0.675676,0.607059,0.98062,0.885375,1.0,0.383929,4.662682,0.607781,3.188747,0.818604,3.629907,0.819452,0.675676,0.712941,0.986799,0.906355,1.0,0.01845,4.81544,0.67136,3.268133,0.868356,,,0.136725,0.007949
40,lvo,99.5,0.336683,0.085427,0.941176,0.698492,0.741007,1.0,0.990291,1.0,0.656863,4.393851,0.477176,2.012457,1.048284,3.153204,0.697014,0.698492,0.791367,1.0,0.981818,1.0,0.157407,4.477029,0.562723,2.016361,1.049239,5.065903,0.354363,0.336683,0.085427
40,nlvo,450.5,0.0899,0.00444,0.75,0.620422,0.502683,0.992883,0.942652,1.0,0.304183,4.639166,0.527584,2.228338,1.268476,3.332821,0.817576,0.620422,0.611807,0.98538,0.940653,1.0,0.012618,4.831366,0.633718,2.339385,1.348195,,,0.08879,0.00444
40,other,90.5,0.0,0.0,,0.624309,0.672566,0.973684,0.959459,1.0,0.0,4.485134,0.66323,2.236272,1.073298,,,0.624309,0.761062,0.953488,0.97561,1.0,0.0,4.630562,0.743458,2.293097,1.069769,,,0.0,0.0
40,mixed,640.5,0.115535,0.016393,0.904762,0.633099,0.567201,0.991304,0.95614,1.0,0.337156,4.558788,0.550662,2.180863,1.192716,3.250954,0.7677,0.633099,0.663379,0.983271,0.954631,1.0,0.041584,4.726819,0.654225,2.265041,1.255404,5.090765,0.338887,0.114754,0.016393
41,lvo,118.0,0.275424,0.0,,0.766949,0.773481,0.985714,0.92029,1.0,0.496063,4.599711,0.484559,3.232702,0.787799,3.592693,0.656077,0.766949,0.850829,0.980519,0.940397,1.0,0.0,4.696259,0.55521,3.328392,0.854754,,,0.266949,0.0
41,nlvo,399.5,0.136421,0.001252,0.0,0.757196,0.555372,0.922619,0.867742,1.0,0.394052,4.695162,0.497106,3.4174,0.928295,3.357849,0.76772,0.757196,0.644628,0.95641,0.841823,1.0,0.0,4.834823,0.579673,3.67334,1.078375,,,0.132666,0.0
41,other,65.5,0.0,0.0,,0.748092,0.72449,0.915493,0.923077,1.0,0.0,4.554667,0.55237,3.289609,0.784939,,,0.748092,0.785714,0.948052,0.931507,1.0,0.0,4.641151,0.609824,3.444303,0.912675,,,0.0,0.0
41,mixed,583.0,0.149228,0.000858,0.0,0.758148,0.618778,0.937843,0.888889,1.0,0.370614,4.652496,0.503576,3.351523,0.877537,3.445394,0.73498,0.758148,0.702489,0.961353,0.877722,1.0,0.0,4.776447,0.581804,3.558086,1.016663,,,0.14494,0.0
42,lvo,52.0,0.384615,0.096154,0.6,0.644231,0.925373,1.0,0.935484,1.0,0.655172,4.547136,0.48505,3.076572,0.87783,3.352447,0.791539,0.644231,0.970149,1.0,1.0,1.0,0.123077,4.600325,0.533041,3.081061,0.857491,,,0.365385,0.076923
42,nlvo,355.5,0.105485,0.001406,0.0,0.655415,0.523605,0.92623,0.849558,1.0,0.380208,4.594235,0.577204,3.448309,0.745092,3.412405,0.618786,0.655415,0.60515,0.957447,0.918519,1.0,0.0,4.738148,0.650466,3.547576,0.830155,,,0.102672,0.0
42,other,62.0,0.0,0.0,,0.604839,0.693333,0.961538,0.94,1.0,0.0,4.39958,0.857494,3.2626,0.690067,,,0.604839,0.746667,0.964286,0.981481,1.0,0.0,4.486955,0.884824,3.310686,0.732583,,,0.0,0.0
42,mixed,469.5,0.122471,0.011715,0.545455,0.647497,0.588816,0.944134,0.878698,1.0,0.373737,4.557805,0.613671,3.352649,0.775074,3.391879,0.67984,0.647497,0.662829,0.965261,0.940874,1.0,0.021858,4.681013,0.67579,3.436739,0.839249,,,0.118211,0.00852
43,lvo,57.0,0.263158,0.017544,1.0,0.824561,0.712766,0.955224,0.90625,1.0,0.5,4.506875,0.492926,3.008293,0.831138,3.775271,0.873961,0.824561,0.787234,0.959459,0.943662,1.0,0.029851,4.617076,0.581886,3.035553,0.93252,,,0.254386,0.017544
43,nlvo,290.0,0.117241,0.0,,0.753448,0.567506,0.943548,0.901709,1.0,0.317536,4.618912,0.536274,3.315241,0.923044,3.84812,0.557732,0.753448,0.659039,0.958333,0.916667,1.0,0.0,4.769088,0.623867,3.441176,1.002458,,,0.115517,0.0
43,other,42.0,0.0,0.0,,0.75,0.730159,1.0,0.913043,1.0,0.0,4.631776,0.485098,2.873529,0.989127,,,0.75,0.793651,1.0,1.0,1.0,0.0,4.713219,0.543069,2.899924,0.979101,,,0.0,0.0
43,mixed,389.0,0.125964,0.002571,1.0,0.763496,0.607744,0.952909,0.90407,1.0,0.308682,4.599758,0.522751,3.199069,0.929634,3.826113,0.665102,0.763496,0.693603,0.963592,0.93199,1.0,0.005405,4.735005,0.608655,3.300466,1.008383,,,0.123393,0.002571
44,lvo,78.0,0.423077,0.307692,0.6875,0.903846,0.829787,0.991453,0.948276,1.0,0.581818,4.522348,0.469254,3.027215,0.689149,3.127706,0.856422,0.903846,0.886525,1.0,0.992,1.0,0.354839,4.591704,0.526643,3.048626,0.736241,4.777977,0.588501,0.410256,0.282051
44,nlvo,317.5,0.092913,0.022047,0.5,0.785827,0.478958,0.953975,0.894737,1.0,0.27451,4.65277,0.481825,3.133824,0.737557,3.193422,0.644005,0.785827,0.561122,0.971429,0.922794,1.0,0.043825,4.800706,0.572567,3.297471,0.902759,4.988406,0.517244,0.088189,0.017323
44,other,44.5,0.0,0.0,,0.730337,0.569231,1.0,0.864865,1.0,0.0,4.491221,0.606801,3.119532,0.901029,,,0.730337,0.692308,1.0,0.888889,1.0,0.0,4.694134,0.705837,3.295502,1.020999,,,0.0,0.0
44,mixed,440.0,0.142045,0.070455,0.645161,0.801136,0.557447,0.969466,0.908136,1.0,0.346821,4.598733,0.49451,3.099978,0.740232,3.158373,0.762281,0.801136,0.638298,0.982222,0.938914,1.0,0.13253,4.731992,0.581115,3.226896,0.877378,4.820063,0.576667,0.136364,0.0625
45,lvo,44.0,0.318182,0.068182,1.0,0.818182,0.722222,0.980769,0.941176,1.0,0.583333,4.427301,0.99013,2.868734,0.918558,3.699127,0.72144,0.818182,0.819444,0.983051,0.948276,1.0,0.109091,4.578773,1.018673,2.914526,0.973047,,,0.318182,0.068182
45,nlvo,274.0,0.074818,0.001825,0.0,0.596715,0.474006,0.929032,0.854167,1.0,0.325203,4.700218,0.49354,3.349612,0.916326,3.936084,0.514896,0.596715,0.599388,0.964286,0.867725,1.0,0.006098,4.905246,0.595362,3.600448,1.041582,,,0.072993,0.001825
45,other,40.0,0.0,0.0,,0.5625,0.622222,0.892857,0.84,1.0,0.0,4.741044,0.49231,3.341951,0.75586,,,0.5625,0.711111,0.9375,0.866667,1.0,0.0,4.850713,0.548188,3.532359,0.875749,,,0.0,0.0
45,mixed,358.0,0.096369,0.009777,0.857143,0.620112,0.529279,0.93617,0.872727,1.0,0.354167,4.644692,0.644666,3.237265,0.919072,3.838513,0.61471,0.620112,0.646396,0.965157,0.884477,1.0,0.028571,4.832051,0.708261,3.449451,1.044797,,,0.094972,0.009777
46,lvo,94.5,0.169312,0.068783,0.230769,0.539683,0.754902,1.0,0.935065,1.0,0.402778,4.366296,0.582202,3.158588,0.781814,3.663349,0.810489,0.539683,0.823529,0.97619,0.97561,1.0,0.075,4.473376,0.662918,3.213482,0.811161,,,0.153439,0.031746
46,nlvo,301.0,0.089701,0.001661,0.0,0.44186,0.62782,0.934132,0.846154,1.0,0.371212,4.546005,0.646782,3.539151,0.753592,3.413446,0.901303,0.44186,0.714286,0.973684,0.864865,1.0,0.0,4.689267,0.720358,3.708931,0.883056,,,0.081395,0.0
46,other,56.5,0.0,0.0,,0.442478,0.7,1.0,0.971429,1.0,0.0,4.382229,0.598767,3.187473,0.595516,,,0.442478,0.8,0.975,0.948718,1.0,0.0,4.555336,0.727088,3.280337,0.659251,,,0.0,0.0
46,mixed,452.0,0.095133,0.015487,0.214286,0.462389,0.667464,0.960573,0.88806,1.0,0.327731,4.475862,0.627447,3.383882,0.763286,3.506359,0.871805,0.462389,0.751196,0.974522,0.905229,1.0,0.021661,4.614451,0.710584,3.521539,0.868086,,,0.086283,0.006637
47,lvo,144.5,0.311419,0.031142,0.666667,0.615917,0.825843,0.986395,1.0,1.0,0.613793,4.416676,0.580083,2.33673,0.885008,3.491066,0.50971,0.615917,0.88764,0.987342,0.967949,1.0,0.059603,4.50596,0.649121,2.401317,0.950974,,,0.307958,0.031142
47,nlvo,425.0,0.103529,0.002353,1.0,0.436471,0.609164,0.969027,0.922374,1.0,0.420792,4.489648,0.732784,2.625606,1.035502,3.437976,0.495254,0.436471,0.733154,0.977941,0.87218,1.0,0.008621,4.695432,0.810204,2.903095,1.201649,,,0.1,0.002353
47,other,68.0,0.0,0.0,,0.470588,0.796875,0.941176,0.895833,1.0,0.0,4.537238,0.481535,2.649365,1.129985,,,0.470588,0.84375,0.925926,0.98,1.0,0.0,4.593541,0.523228,2.686168,1.142771,,,0.0,0.0
47,mixed,637.5,0.139608,0.008627,0.727273,0.480784,0.69168,0.971698,0.946602,1.0,0.446154,4.470073,0.65644,2.526707,1.004431,3.465131,0.501953,0.480784,0.78956,0.975207,0.915254,1.0,0.025463,4.622211,0.736779,2.714273,1.139539,5.323709,0.86176,0.136471,0.008627
48,lvo,192.0,0.328125,0.023438,0.888889,0.789062,0.772277,0.92735,0.940092,1.0,0.607843,4.392916,0.531257,3.359784,0.798435,2.952563,0.713407,0.789062,0.831683,0.960317,0.96281,1.0,0.038627,4.478379,0.598328,3.478318,0.896499,,,0.322917,0.023438
48,nlvo,684.0,0.127924,0.001462,1.0,0.657895,0.583333,0.885714,0.787097,1.0,0.459016,4.566245,0.597768,3.599521,0.92426,2.889527,0.91857,0.657895,0.683333,0.930081,0.837413,1.0,0.004175,4.733071,0.685054,3.825925,1.039633,,,0.122807,0.001462
48,other,110.0,0.0,0.0,,0.7,0.772727,0.94958,0.884956,1.0,0.0,4.435997,0.587188,3.656802,0.858323,,,0.7,0.824675,0.96063,0.918033,1.0,0.0,4.517867,0.651209,3.763058,0.923924,,,0.0,0.0
48,mixed,986.0,0.152637,0.005578,0.909091,0.688134,0.647015,0.905467,0.842767,1.0,0.435821,4.502397,0.584047,3.542225,0.888507,2.916296,0.836853,0.688134,0.732498,0.94165,0.880342,1.0,0.01335,4.641005,0.669613,3.727858,0.999927,5.000094,0.286576,0.148073,0.005578
49,lvo,51.0,0.392157,0.088235,0.333333,0.911765,0.763441,0.957746,0.970588,1.0,0.606061,4.536556,0.407876,3.023171,0.701289,3.424973,0.550946,0.911765,0.849462,0.962025,0.986842,1.0,0.106667,4.649823,0.515101,2.979159,0.766513,,,0.392157,0.078431
49,nlvo,280.0,0.160714,0.005357,0.666667,0.855357,0.496868,0.941176,0.888393,1.0,0.437186,4.680038,0.43865,3.109561,0.92838,3.209981,0.79944,0.855357,0.588727,0.978723,0.905797,1.0,0.012,4.835857,0.544213,3.254955,1.08218,,,0.155357,0.005357
49,other,60.5,0.0,0.0,,0.842975,0.539216,0.981818,0.907407,1.0,0.0,4.670765,0.454965,3.009873,0.979756,,,0.842975,0.656863,0.985075,0.924242,1.0,0.0,4.846516,0.561539,3.097202,1.098873,,,0.0,0.0
49,mixed,391.5,0.166028,0.015326,0.416667,0.860792,0.540059,0.950549,0.907514,1.0,0.404459,4.65065,0.437804,3.077024,0.89557,3.277695,0.734996,0.860792,0.635015,0.976636,0.923445,1.0,0.028497,4.803188,0.545399,3.179902,1.038445,4.916498,0.654783,0.162197,0.014049
50,lvo,158.0,0.275316,0.231013,0.369863,0.727848,0.704348,1.0,0.987654,1.0,0.525,4.582294,0.486814,1.248351,1.361837,3.638149,0.771979,0.727848,0.808696,1.0,0.973118,1.0,0.287293,4.724037,0.58696,1.338546,1.444087,5.060966,0.805462,0.265823,0.164557
50,nlvo,457.0,0.098468,0.031729,0.310345,0.702407,0.498442,0.971875,0.913183,1.0,0.309859,4.686047,0.46356,1.743936,1.720285,3.738142,0.624763,0.702407,0.587227,0.97878,0.926829,1.0,0.055556,4.841951,0.56704,1.854788,1.791272,5.265115,0.902823,0.09628,0.020788
50,other,96.5,0.0,0.0,,0.725389,0.65,0.956044,0.908046,1.0,0.0,4.677563,0.360444,1.598909,1.694342,,,0.725389,0.721429,0.970297,0.928571,1.0,0.0,4.775806,0.45506,1.74751,1.827795,,,0.0,0.0
50,mixed,711.5,0.124385,0.07168,0.352941,0.711174,0.566206,0.977312,0.933929,1.0,0.328872,4.655366,0.45728,1.578039,1.632131,3.689308,0.70026,0.711174,0.656126,0.983434,0.940276,1.0,0.115635,4.79886,0.558948,1.691642,1.717807,5.115598,0.830996,0.120871,0.049895
51,lvo,94.0,0.218085,0.196809,0.567568,0.702128,0.765152,1.0,0.950495,1.0,0.40625,4.486332,0.48624,2.652005,1.018028,3.545708,0.889153,0.702128,0.818182,1.0,0.990741,1.0,0.336449,4.565627,0.559513,2.662665,1.035669,4.537458,0.75249,0.207447,0.191489
51,nlvo,420.0,0.070238,0.021429,0.5,0.553571,0.623656,0.937931,0.849265,1.0,0.251082,4.632735,0.508613,3.132227,1.190567,3.764254,0.571285,0.553571,0.707527,0.963526,0.886435,1.0,0.064057,4.761256,0.594066,3.301256,1.253993,4.780159,0.627916,0.069048,0.021429
51,other,57.0,0.0,0.0,,0.578947,0.727273,0.958333,0.913043,1.0,0.0,4.498262,0.488636,2.755425,1.157764,,,0.578947,0.757576,0.98,0.979592,1.0,0.0,4.54654,0.534901,2.843144,1.239997,,,0.0,0.0
51,mixed,571.0,0.087566,0.048161,0.545455,0.58056,0.662142,0.954442,0.880668,1.0,0.262873,4.584349,0.50484,2.975102,1.165251,3.676385,0.719948,0.58056,0.73454,0.973306,0.919831,1.0,0.123853,4.695827,0.58729,3.108397,1.23564,4.618358,0.716754,0.084939,0.047285
52,lvo,94.0,0.260638,0.058511,0.727273,0.87234,0.54878,0.977778,0.920455,1.0,0.555556,4.474484,0.806083,3.049222,0.701994,3.383222,0.847056,0.87234,0.658537,0.972222,1.0,1.0,0.104762,4.667092,0.853876,3.085609,0.678536,5.258183,0.295534,0.239362,0.058511
52,nlvo,370.0,0.033784,0.001351,0.0,0.766216,0.31746,0.888889,0.8,1.0,0.164062,4.524196,0.981245,3.605936,0.972931,3.7621,0.534624,0.766216,0.426808,0.946281,0.834061,1.0,0.0,4.814318,0.981829,3.766961,1.043182,,,0.028378,0.0
52,other,43.5,0.0,0.0,,0.781609,0.544118,0.918919,0.941176,1.0,0.0,4.419514,0.650909,3.391026,0.798125,,,0.781609,0.588235,0.925,0.972973,1.0,0.0,4.514277,0.71123,3.443205,0.882188,,,0.0,0.0
52,mixed,507.5,0.072906,0.011823,0.666667,0.787192,0.38423,0.918567,0.85461,1.0,0.273859,4.497006,0.89631,3.406298,0.908653,3.503774,0.777986,0.787192,0.48811,0.951282,0.894879,1.0,0.033133,4.742774,0.926626,3.541837,0.983426,5.258183,0.295534,0.065025,0.010837
53,lvo,70.0,0.235714,0.05,0.714286,0.614286,0.77907,0.985075,0.939394,1.0,0.532258,4.51921,0.579265,2.765054,1.039458,3.68897,0.553295,0.614286,0.895349,0.987013,0.921053,1.0,0.1,4.670663,0.670295,2.841767,1.114106,,,0.235714,0.05
53,nlvo,276.0,0.047101,0.0,,0.603261,0.513514,0.912281,0.75641,1.0,0.220339,4.680926,0.55792,3.513769,1.116428,3.476737,0.378591,0.603261,0.636637,0.933962,0.843434,1.0,0.0,4.867936,0.631999,3.674926,1.173147,,,0.047101,0.0
53,other,37.5,0.0,0.0,,0.693333,0.692308,0.944444,0.794118,1.0,0.0,4.713676,0.437543,3.173972,1.187103,,,0.693333,0.769231,0.95,0.973684,1.0,0.0,4.801447,0.494098,3.217883,1.169168,,,0.0,0.0
53,mixed,383.5,0.076923,0.009126,0.714286,0.614081,0.581741,0.934307,0.808594,1.0,0.285024,4.645685,0.552099,3.275612,1.148455,3.595443,0.491911,0.614081,0.698514,0.948328,0.878205,1.0,0.025547,4.813682,0.629922,3.416312,1.209052,,,0.076923,0.009126
54,lvo,139.5,0.207885,0.028674,0.875,0.899642,0.52988,0.992481,0.94697,1.0,0.456,4.75282,0.400491,2.906381,0.764074,3.38442,0.470609,0.899642,0.601594,0.993377,0.966667,1.0,0.055172,4.8616,0.480057,2.958987,0.824525,,,0.204301,0.028674
54,nlvo,663.0,0.074661,0.0,,0.881599,0.302823,0.980226,0.867435,1.0,0.318937,4.740846,0.478661,3.245868,0.843225,3.410741,0.499873,0.881599,0.422583,0.991903,0.883673,1.0,0.0,5.006125,0.588201,3.342894,0.958688,,,0.072398,0.0
54,other,106.0,0.0,0.0,,0.872642,0.535135,1.0,0.888889,1.0,0.0,4.742984,0.449676,3.309019,0.890384,,,0.872642,0.621622,1.0,0.965217,1.0,0.0,4.873319,0.53072,3.325877,0.858533,,,0.0,0.0
54,mixed,908.5,0.086406,0.004403,0.875,0.883324,0.365109,0.986348,0.889273,1.0,0.297665,4.743925,0.456446,3.179154,0.846261,3.400935,0.487779,0.883324,0.47352,0.993421,0.912583,1.0,0.011611,4.957315,0.563045,3.264029,0.930046,,,0.084205,0.004403
55,lvo,38.0,0.263158,0.013158,1.0,0.723684,0.854545,1.0,0.93617,1.0,0.454545,4.525813,0.50782,3.507417,0.717651,3.797246,0.980172,0.723684,0.927273,1.0,0.960784,1.0,0.020408,4.617261,0.581935,3.518759,0.700041,,,0.263158,0.013158
55,nlvo,176.5,0.090652,0.0,,0.566572,0.535,0.915888,0.765306,1.0,0.36,4.615291,0.75924,3.847148,0.861235,3.697869,1.172978,0.566572,0.665,0.917293,0.811475,1.0,0.0,4.830842,0.810782,4.042222,0.943034,,,0.076487,0.0
55,other,26.5,0.0,0.0,,0.528302,0.571429,0.9375,0.8,1.0,0.0,4.602367,0.528251,3.793872,0.975059,,,0.528302,0.75,0.904762,0.842105,1.0,0.0,4.842312,0.637201,3.906567,0.972967,,,0.0,0.0
55,mixed,241.0,0.107884,0.002075,1.0,0.587137,0.600707,0.941176,0.81875,1.0,0.358779,4.589336,0.676818,3.742357,0.841753,3.740157,1.084879,0.587137,0.724382,0.936585,0.854167,1.0,0.006098,4.778882,0.746236,3.889753,0.912423,,,0.09751,0.002075
56,lvo,62.0,0.290323,0.024194,0.333333,0.717742,0.876404,1.0,0.961538,1.0,0.48,4.48201,0.709661,3.234779,0.679029,3.453163,0.799977,0.717742,0.910112,1.0,0.962963,1.0,0.025641,4.530564,0.739612,3.275349,0.711921,,,0.290323,0.016129
56,nlvo,253.0,0.051383,0.0,,0.559289,0.512367,0.931034,0.777778,1.0,0.247619,4.739804,0.486052,3.596147,0.954977,3.429445,0.882922,0.559289,0.632509,0.96648,0.815029,1.0,0.0,4.920038,0.576562,3.825375,1.037243,,,0.051383,0.0
56,other,56.0,0.0,0.0,,0.544643,0.868852,1.0,0.867925,1.0,0.0,4.55182,0.670416,3.302096,1.19165,,,0.544643,0.885246,1.0,1.0,1.0,0.0,4.57127,0.679268,3.307815,1.181103,,,0.0,0.0
56,mixed,371.0,0.083558,0.004043,0.333333,0.583558,0.637413,0.963768,0.849624,1.0,0.274336,4.630851,0.602873,3.431593,0.949907,3.443217,0.828746,0.583558,0.725173,0.980892,0.886364,1.0,0.007326,4.759589,0.664384,3.589984,1.023241,,,0.083558,0.002695
57,lvo,50.5,0.306931,0.138614,0.428571,0.70297,0.816901,0.965517,0.892857,1.0,0.56,4.651027,0.531005,3.46619,0.616969,3.220879,0.765888,0.70297,0.887324,0.984127,0.919355,1.0,0.192982,4.741009,0.595824,3.555151,0.698233,5.675502,0.901705,0.277228,0.108911
57,nlvo,168.0,0.107143,0.017857,0.333333,0.589286,0.60101,0.915966,0.761468,1.0,0.385542,4.735051,0.505865,3.61879,0.76795,3.449692,0.711319,0.589286,0.707071,0.95,0.909774,1.0,0.024793,4.871614,0.569983,3.768487,0.873302,,,0.095238,0.008929
57,other,23.0,0.0,0.0,,0.478261,0.772727,0.941176,0.9375,1.0,0.0,4.628282,0.44864,3.433831,0.684487,,,0.478261,0.909091,1.0,0.9,1.0,0.0,4.791788,0.576281,3.57952,0.862687,,,0.0,0.0
57,mixed,241.5,0.138716,0.041408,0.4,0.602484,0.666667,0.93299,0.81768,1.0,0.405405,4.700574,0.508281,3.555227,0.717931,3.342913,0.739959,0.602484,0.766323,0.964126,0.911628,1.0,0.071429,4.827558,0.578316,3.689389,0.828074,5.793207,1.032082,0.124224,0.028986
58,lvo,55.0,0.172727,0.063636,0.428571,0.590909,0.769231,0.96,0.979167,1.0,0.404255,4.604235,0.681807,2.260164,1.014072,3.839069,0.477531,0.590909,0.923077,0.966667,0.948276,1.0,0.109091,4.774466,0.731689,2.412019,1.139223,,,0.172727,0.054545
58,nlvo,320.0,0.054688,0.003125,0.0,0.557812,0.62465,0.93722,0.92823,1.0,0.175258,4.666795,0.474442,2.470097,1.14105,3.831208,0.381021,0.557812,0.719888,0.964981,0.955645,1.0,0.004219,4.803474,0.565501,2.57109,1.224848,,,0.053125,0.001563
58,other,55.5,0.0,0.0,,0.531532,0.847458,0.94,0.93617,1.0,0.0,4.480564,0.580399,2.819937,1.063544,,,0.531532,0.915254,0.981481,0.924528,1.0,0.0,4.567595,0.63953,2.919292,1.248051,,,0.0,0.0
58,mixed,430.5,0.062718,0.010453,0.333333,0.558653,0.671518,0.941176,0.9375,1.0,0.185965,4.628282,0.530751,2.491037,1.118275,3.834026,0.41362,0.558653,0.77131,0.967655,0.949861,1.0,0.020528,4.76445,0.609874,2.596796,1.220395,,,0.061556,0.00813
59,lvo,51.5,0.291262,0.048544,0.6,0.669903,0.855072,1.0,0.966102,1.0,0.508772,4.501624,0.46502,1.996866,1.476319,4.01173,0.597123,0.669903,0.913043,1.0,1.0,1.0,0.079365,4.573173,0.529188,2.029772,1.445333,,,0.281553,0.048544
59,nlvo,296.0,0.081081,0.003378,0.5,0.597973,0.59887,0.990566,0.880952,1.0,0.254054,4.688479,0.447249,2.526497,1.527247,4.037528,0.555409,0.597973,0.714689,0.996047,0.920635,1.0,0.00431,4.849199,0.551343,2.66089,1.563701,,,0.079392,0.001689
59,other,46.5,0.0,0.0,,0.655914,0.786885,0.958333,0.913043,1.0,0.0,4.567257,0.431063,2.694849,1.73112,,,0.655914,0.819672,1.0,0.94,1.0,0.0,4.610389,0.473816,2.882995,1.789991,,,0.0,0.0
59,mixed,394.0,0.098985,0.008883,0.571429,0.614213,0.659091,0.987461,0.901587,1.0,0.267606,4.635679,0.453353,2.451881,1.56072,4.027684,0.567868,0.614213,0.756198,0.997268,0.936986,1.0,0.017544,4.769062,0.549637,2.582383,1.594602,,,0.096447,0.007614
60,lvo,126.5,0.229249,0.063241,0.75,0.6917,0.64,0.991071,0.945946,1.0,0.542857,4.640692,0.382888,3.125562,0.642091,3.684171,0.856446,0.6917,0.76,0.992481,0.962121,1.0,0.11811,4.803517,0.517174,3.156195,0.717727,5.42749,0.169469,0.225296,0.059289
60,nlvo,458.5,0.075245,0.004362,0.5,0.653217,0.477462,0.944056,0.833333,1.0,0.297778,4.729829,0.458524,3.490355,0.962235,3.702849,0.48602,0.653217,0.584307,0.977143,0.856725,1.0,0.010239,4.90442,0.557603,3.615672,1.02951,,,0.073064,0.003272
60,other,80.5,0.0,0.0,,0.652174,0.619048,0.969231,0.84127,1.0,0.0,4.648145,0.567662,3.427176,0.925893,,,0.652174,0.733333,0.974026,0.906667,1.0,0.0,4.813177,0.650834,3.452374,0.955718,,,0.0,0.0
60,mixed,665.5,0.095417,0.015026,0.7,0.660406,0.526735,0.958963,0.862613,1.0,0.32376,4.696799,0.459706,3.390192,0.89913,3.694263,0.678814,0.660406,0.637088,0.980357,0.888889,1.0,0.036885,4.867909,0.563115,3.482888,0.971007,5.396048,0.191129,0.093163,0.013524
61,lvo,79.0,0.259494,0.031646,0.8,0.708861,0.794643,1.0,0.977528,1.0,0.471264,4.472482,0.432582,3.306444,0.590664,3.420032,0.720815,0.708861,0.857143,1.0,0.989583,1.0,0.052632,4.561471,0.525486,3.302269,0.585404,,,0.259494,0.031646
61,nlvo,336.5,0.123328,0.002972,1.0,0.695394,0.589744,0.974638,0.888476,1.0,0.343096,4.616149,0.479355,3.608306,0.661994,3.627201,0.58884,0.695394,0.675214,0.987342,0.919872,1.0,0.006969,4.745715,0.564247,3.677943,0.713047,,,0.121842,0.002972
61,other,68.5,0.0,0.0,,0.693431,0.757895,0.944444,0.852941,1.0,0.0,4.608561,0.540123,3.581938,0.778428,,,0.693431,0.863158,0.987805,0.91358,1.0,0.0,4.736281,0.613529,3.682443,0.86036,,,0.0,0.0
61,mixed,484.0,0.128099,0.007231,0.857143,0.697314,0.647407,0.974828,0.901408,1.0,0.320312,4.58564,0.483215,3.541032,0.677324,3.558145,0.640449,0.697314,0.731852,0.989879,0.932515,1.0,0.015351,4.708345,0.568952,3.604937,0.731102,,,0.127066,0.007231
62,lvo,43.5,0.333333,0.057471,1.0,0.781609,0.764706,1.0,0.942308,1.0,0.530612,4.670089,0.50312,3.30774,0.721205,3.143657,0.994834,0.781609,0.838235,1.0,0.964912,1.0,0.090909,4.767478,0.576648,3.261817,0.834412,,,0.298851,0.057471
62,nlvo,146.0,0.089041,0.003425,1.0,0.715753,0.564593,0.983051,0.896552,1.0,0.182692,4.742938,0.403509,3.520574,0.743364,3.131731,0.961753,0.715753,0.645933,0.985185,0.954887,1.0,0.007874,4.862529,0.493816,3.530322,0.721918,,,0.065068,0.003425
62,other,11.5,0.0,0.0,,0.652174,0.8,1.0,0.916667,1.0,0.0,4.81702,0.303622,3.433505,0.919859,,,0.652174,0.8,1.0,0.916667,1.0,0.0,4.81702,0.303622,3.433505,0.919859,,,0.0,0.0
62,mixed,201.0,0.136816,0.014925,1.0,0.726368,0.623288,0.989011,0.911111,1.0,0.27439,4.727009,0.428728,3.453284,0.751214,3.138621,0.969927,0.726368,0.69863,0.990196,0.955446,1.0,0.031088,4.833294,0.509406,3.448804,0.772573,,,0.11194,0.014925
63,lvo,37.5,0.213333,0.0,,0.893333,0.373134,1.0,0.88,1.0,0.727273,4.818804,0.515023,2.609409,0.791405,3.932033,0.374821,0.893333,0.552239,1.0,0.864865,1.0,0.0,5.122626,0.615403,2.81677,0.942179,,,0.213333,0.0
63,nlvo,109.5,0.13242,0.004566,1.0,0.858447,0.276596,0.961538,0.86,1.0,0.674419,4.567243,0.878737,2.696963,1.291702,3.991105,0.597964,0.858447,0.393617,0.986486,0.808219,1.0,0.016949,4.909821,0.90816,3.05627,1.37381,,,0.13242,0.004566
63,other,30.5,0.0,0.0,,0.852459,0.480769,0.96,0.833333,1.0,0.0,4.931139,0.402335,3.024038,1.023818,,,0.852459,0.596154,1.0,0.774194,1.0,0.0,5.084529,0.482867,3.292853,1.195656,,,0.0,0.0
63,mixed,177.5,0.126761,0.002817,1.0,0.864789,0.332248,0.970588,0.858586,1.0,0.529412,4.71809,0.718935,2.754144,1.121825,3.970102,0.525596,0.864789,0.462541,0.992958,0.815603,1.0,0.008696,5.003411,0.763595,3.045437,1.238015,,,0.126761,0.002817
64,lvo,60.0,0.366667,0.225,0.592593,0.783333,0.776596,0.986301,0.930556,1.0,0.626866,4.48313,0.485691,3.275263,0.962132,3.075998,0.61555,0.783333,0.840426,1.0,0.949367,1.0,0.306667,4.575435,0.569122,3.325231,0.985661,4.89477,0.569534,0.35,0.191667
64,nlvo,312.0,0.203526,0.028846,0.888889,0.762821,0.55042,0.965649,0.873518,1.0,0.524887,4.590488,0.713489,3.46494,0.796513,3.036413,0.951408,0.762821,0.619748,0.983051,0.927586,1.0,0.066914,4.715652,0.760265,3.549415,0.864877,5.069961,0.369397,0.185897,0.028846
64,other,46.5,0.0,0.0,,0.709677,0.666667,0.977273,0.906977,1.0,0.0,4.581819,0.567604,3.659391,0.650038,,,0.709677,0.742424,0.979592,0.9375,1.0,0.0,4.694155,0.63474,3.654917,0.641423,,,0.0,0.0
64,mixed,418.5,0.204301,0.053763,0.711111,0.759857,0.595912,0.970976,0.888587,1.0,0.48318,4.568803,0.659426,3.45055,0.821192,3.046936,0.873089,0.759857,0.665094,0.985816,0.932854,1.0,0.105398,4.686975,0.715045,3.519088,0.870749,4.971683,0.494109,0.188769,0.048984
65,lvo,27.5,0.145455,0.145455,0.125,0.527273,0.862069,1.0,0.92,1.0,0.347826,4.871151,0.446891,1.976703,1.276313,,,0.527273,0.896552,1.0,1.0,1.0,0.192308,4.906841,0.474175,1.996249,1.254492,,,0.145455,0.090909
65,nlvo,142.0,0.06338,0.003521,0.0,0.503521,0.517483,0.945946,0.871429,1.0,0.295082,4.692735,0.509308,2.650123,1.506718,2.973029,0.758141,0.503521,0.615385,0.965909,0.882353,1.0,0.013333,4.855968,0.601659,2.886683,1.606926,,,0.06338,0.003521
65,other,21.5,0.0,0.0,,0.627907,0.777778,0.904762,0.894737,1.0,0.0,4.608224,0.491769,2.284461,1.480081,,,0.627907,0.814815,0.954545,1.0,1.0,0.0,4.652725,0.523344,2.332053,1.66413,,,0.0,0.0
65,mixed,191.0,0.068063,0.02356,0.111111,0.520942,0.603015,0.95,0.885965,1.0,0.257426,4.715115,0.497484,2.4415,1.469715,3.030986,0.702815,0.520942,0.683417,0.970588,0.924242,1.0,0.04918,4.832816,0.5694,2.623058,1.586048,,,0.068063,0.015707
66,lvo,20.5,0.463415,0.04878,0.0,0.878049,0.75,0.962963,0.923077,1.0,0.708333,4.735493,0.488864,2.440843,1.04602,3.834399,0.452749,0.878049,0.861111,1.0,0.903226,1.0,0.071429,4.8678,0.574401,2.726918,1.210947,,,0.414634,0.04878
66,nlvo,95.5,0.125654,0.0,,0.811518,0.432258,0.985075,0.878788,1.0,0.413793,4.768525,0.58766,2.668319,1.129105,3.879802,0.425856,0.811518,0.548387,1.0,0.929412,1.0,0.0,4.964735,0.647485,2.828477,1.206364,,,0.125654,0.0
66,other,24.5,0.0,0.0,,0.918367,0.533333,0.958333,1.0,1.0,0.0,4.762708,0.419268,2.678348,0.991296,,,0.918367,0.755556,0.970588,0.909091,1.0,0.0,5.028577,0.547009,2.852054,1.213207,,,0.0,0.0
66,mixed,140.5,0.153025,0.007117,0.0,0.839858,0.5,0.974576,0.913043,1.0,0.390476,4.759784,0.531654,2.618895,1.079744,3.860976,0.432185,0.839858,0.635593,0.993333,0.919463,1.0,0.014599,4.959173,0.609838,2.812569,1.201458,,,0.145907,0.007117
67,lvo,67.0,0.268657,0.089552,0.5,0.835821,0.580357,1.0,0.923077,1.0,0.6,4.505143,0.565542,3.149705,0.70069,3.319364,0.806795,0.835821,0.633929,1.0,0.957746,1.0,0.132353,4.607277,0.638904,3.165398,0.691057,,,0.268657,0.067164
67,nlvo,312.0,0.049679,0.00641,0.5,0.684295,0.386417,0.939394,0.76129,1.0,0.254237,4.632524,0.641896,3.64027,0.811598,3.124252,0.878347,0.684295,0.473068,0.970297,0.836735,1.0,0.018293,4.83243,0.719956,3.755704,0.878211,,,0.048077,0.004808
67,other,50.0,0.0,0.0,,0.7,0.614286,0.953488,0.878049,1.0,0.0,4.641106,0.447014,3.313078,0.783148,,,0.7,0.714286,1.0,0.9,1.0,0.0,4.786435,0.55372,3.445096,0.846676,,,0.0,0.0
67,mixed,429.0,0.078089,0.018648,0.5,0.70979,0.448276,0.956044,0.819923,1.0,0.308411,4.603547,0.597986,3.466701,0.807565,3.230677,0.839216,0.70979,0.530378,0.981424,0.873817,1.0,0.043321,4.775818,0.683554,3.574499,0.868043,4.625538,0.301054,0.076923,0.013986
68,lvo,70.0,0.157143,0.0,,0.792857,0.846847,1.0,0.851064,1.0,0.275,4.645491,0.509989,3.591657,0.634695,3.023415,1.283785,0.792857,0.936937,1.0,0.942308,1.0,0.0,4.744419,0.57358,3.621414,0.644794,,,0.157143,0.0
68,nlvo,385.5,0.040208,0.0,,0.634241,0.433538,0.966981,0.785366,1.0,0.192547,4.745968,0.526109,3.777585,0.838919,3.386202,0.993496,0.634241,0.552147,0.974074,0.86692,1.0,0.0,4.948786,0.609053,3.827906,0.824185,,,0.040208,0.0
68,other,60.0,0.0,0.0,,0.641667,0.597403,0.978261,0.8,1.0,0.0,4.771402,0.419584,3.680053,0.623759,,,0.641667,0.714286,0.981818,0.907407,1.0,0.0,4.92297,0.51898,3.778355,0.685087,,,0.0,0.0
68,mixed,515.5,0.051406,0.0,,0.656644,0.519941,0.977273,0.805233,1.0,0.191336,4.72246,0.510007,3.714021,0.764449,3.235611,1.125874,0.656644,0.633678,0.981352,0.890736,1.0,0.0,4.895933,0.594753,3.770541,0.769743,,,0.051406,0.0
69,lvo,38.5,0.38961,0.0,,0.883117,0.823529,0.982143,0.945455,1.0,0.519231,4.449663,0.416303,3.184981,0.686581,3.433807,1.231366,0.883117,0.882353,1.0,0.966667,1.0,0.0,4.525826,0.494584,3.239618,0.741536,,,0.350649,0.0
69,nlvo,297.0,0.102694,0.003367,0.5,0.661616,0.600509,0.944915,0.802691,1.0,0.307263,4.685701,0.522018,3.440582,0.901622,3.651235,0.896172,0.661616,0.704835,0.956679,0.890566,1.0,0.008475,4.834988,0.602718,3.526231,0.951323,,,0.092593,0.003367
69,other,37.0,0.0,0.0,,0.581081,0.744186,0.96875,0.903226,1.0,0.0,4.580156,0.398271,3.42891,0.859388,,,0.581081,0.860465,0.972973,0.916667,1.0,0.0,4.734051,0.543626,3.501941,0.95241,,,0.0,0.0
69,mixed,372.5,0.122148,0.002685,0.5,0.67651,0.642857,0.953704,0.838188,1.0,0.316602,4.63448,0.501125,3.393916,0.866035,3.579643,1.016212,0.67651,0.742063,0.965241,0.905817,1.0,0.006116,4.775404,0.590627,3.476173,0.9237,,,0.110067,0.002685
70,lvo,128.0,0.320312,0.027344,1.0,0.851562,0.807339,0.9375,0.909091,1.0,0.513333,4.548043,0.559455,3.373186,0.708484,3.576642,0.619093,0.851562,0.880734,0.963542,0.92973,1.0,0.040698,4.639964,0.617183,3.494928,0.824683,,,0.300781,0.027344
70,nlvo,646.5,0.081206,0.001547,1.0,0.799691,0.477756,0.908907,0.759465,1.0,0.296188,4.679992,0.544267,3.850683,0.83601,3.72131,0.481227,0.799691,0.582205,0.958472,0.797227,1.0,0.004348,4.863178,0.632008,4.069109,0.932465,,,0.078113,0.001547
70,other,110.0,0.0,0.0,,0.777273,0.719298,0.95122,0.82906,1.0,0.0,4.539354,0.595387,3.72489,0.78907,,,0.777273,0.789474,0.977778,0.916667,1.0,0.0,4.637549,0.65052,3.796693,0.855966,,,0.0,0.0
70,mixed,884.5,0.105709,0.005088,1.0,0.804409,0.557273,0.921816,0.804378,1.0,0.302721,4.628893,0.559002,3.72277,0.823598,3.658729,0.548245,0.804409,0.652846,0.962325,0.842282,1.0,0.011952,4.784257,0.640054,3.910068,0.928654,,,0.100622,0.005088
71,lvo,120.0,0.541667,0.079167,1.0,0.825,0.833333,0.993939,0.987805,1.0,0.796296,4.410558,0.563638,2.736896,0.691942,2.640979,0.952293,0.825,0.883838,0.994286,0.988506,1.0,0.110465,4.487283,0.630823,2.756373,0.706977,5.180572,0.28926,0.5375,0.079167
71,nlvo,425.5,0.206816,0.00235,1.0,0.815511,0.51585,0.955307,0.938596,1.0,0.52648,4.611287,0.573395,2.882799,0.731999,2.69252,0.956081,0.815511,0.622478,0.967593,0.889952,1.0,0.005376,4.79227,0.658725,3.09207,0.984084,,,0.19859,0.00235
71,other,82.0,0.0,0.0,,0.823171,0.688889,0.956989,0.921348,1.0,0.0,4.469987,0.4316,2.865451,0.882945,,,0.823171,0.755556,0.970588,0.949495,1.0,0.0,4.573778,0.532216,2.957839,0.949017,,,0.0,0.0
71,mixed,627.5,0.243825,0.016733,1.0,0.818327,0.599805,0.965909,0.94958,1.0,0.527434,4.536188,0.558226,2.839989,0.747373,2.670209,0.95318,0.818327,0.69036,0.974612,0.9233,1.0,0.032915,4.685558,0.648708,2.988307,0.926669,5.240525,0.382855,0.23745,0.016733
72,lvo,61.5,0.365854,0.01626,1.0,0.926829,0.649123,0.959459,0.915493,1.0,0.646154,4.700654,0.598037,3.23315,0.722388,3.51648,0.863783,0.926829,0.754386,0.965116,0.927711,1.0,0.025974,4.841765,0.658342,3.304022,0.84196,,,0.341463,0.01626
72,nlvo,296.0,0.199324,0.0,,0.876689,0.423892,0.959091,0.843602,1.0,0.606742,4.734915,0.572707,3.479347,0.741069,3.645197,0.42051,0.876689,0.541426,0.975089,0.843066,1.0,0.0,4.941318,0.643761,3.712806,0.902234,,,0.182432,0.0
72,other,53.5,0.0,0.0,,0.897196,0.541667,0.961538,0.9,1.0,0.0,4.813648,0.459374,3.389128,0.703277,,,0.897196,0.729167,0.971429,0.852941,1.0,0.0,5.036109,0.552576,3.665768,0.887666,,,0.0,0.0
72,mixed,411.0,0.198297,0.002433,1.0,0.886861,0.474623,0.959538,0.86747,1.0,0.520833,4.73942,0.562353,3.413109,0.736093,3.609156,0.579358,0.886861,0.599451,0.97254,0.861176,1.0,0.005464,4.93691,0.634305,3.625447,0.900639,,,0.182482,0.002433
73,lvo,143.0,0.265734,0.192308,0.581818,0.611888,0.817143,0.986014,0.985816,1.0,0.532374,4.407464,0.536804,2.799388,1.126115,3.518703,0.573144,0.611888,0.874286,0.993464,0.953947,1.0,0.337931,4.493566,0.6138,2.885239,1.1672,4.893394,0.581879,0.258741,0.171329
73,nlvo,480.5,0.083247,0.009365,0.666667,0.536941,0.593023,0.918301,0.900356,1.0,0.3083,4.590115,0.481543,2.998177,1.285697,3.542969,0.505881,0.536941,0.672481,0.962536,0.898204,1.0,0.02,4.718346,0.574237,3.17119,1.415663,,,0.081165,0.006243
73,other,95.0,0.0,0.0,,0.568421,0.694444,0.96,0.916667,1.0,0.0,4.529528,0.510156,2.929903,1.397159,,,0.568421,0.787037,0.976471,0.927711,1.0,0.0,4.668737,0.614415,3.078167,1.396236,,,0.0,0.0
73,mixed,718.5,0.108559,0.044537,0.59375,0.556019,0.65582,0.942748,0.927126,1.0,0.331878,4.531598,0.506467,2.931487,1.260003,3.531155,0.538011,0.556019,0.732165,0.97265,0.917399,1.0,0.105364,4.652349,0.597456,3.081233,1.354103,4.977657,0.656381,0.105776,0.038274
74,lvo,141.0,0.276596,0.031915,0.888889,0.617021,0.775862,0.992593,0.925373,1.0,0.629032,4.485271,0.495041,2.999071,0.839417,3.459195,0.429656,0.617021,0.83908,1.0,0.952055,1.0,0.064748,4.576924,0.575039,3.093785,0.897215,,,0.276596,0.031915
74,nlvo,454.5,0.068207,0.0,,0.484048,0.538636,0.966245,0.838428,1.0,0.3125,4.591195,0.685913,3.414227,0.890602,3.460144,0.480941,0.484048,0.640909,0.978723,0.923913,1.0,0.0,4.763675,0.744347,3.503132,0.941618,,,0.066007,0.0
74,other,89.5,0.0,0.0,,0.581006,0.836538,0.977011,0.894118,1.0,0.0,4.621616,0.462691,3.112286,0.860398,,,0.581006,0.913462,0.978947,0.935484,1.0,0.0,4.706788,0.526497,3.179608,0.887409,,,0.0,0.0
74,mixed,685.0,0.10219,0.006569,0.888889,0.524088,0.639276,0.976035,0.875,1.0,0.352041,4.565807,0.597633,3.232763,0.888447,3.459608,0.450964,0.524088,0.728412,0.984704,0.933981,1.0,0.018711,4.701208,0.668175,3.328662,0.937256,,,0.10073,0.006569
75,lvo,91.0,0.208791,0.06044,0.727273,0.659341,0.816667,1.0,0.94898,1.0,0.387097,4.426739,0.468475,3.58272,0.484995,3.611733,0.901963,0.659341,0.875,1.0,0.980952,1.0,0.087379,4.510386,0.5515,3.598991,0.489935,,,0.197802,0.049451
75,nlvo,409.0,0.051345,0.003667,0.0,0.617359,0.592079,0.963211,0.864583,1.0,0.160643,4.565104,0.467235,3.853173,0.578802,3.595778,0.557552,0.617359,0.69505,0.97151,0.909091,1.0,0.006452,4.73192,0.590203,3.898626,0.597527,,,0.0489,0.002445
75,other,75.0,0.0,0.0,,0.626667,0.734043,0.985507,0.882353,1.0,0.0,4.499968,0.493622,3.741933,0.562277,,,0.626667,0.797872,0.986667,0.986486,1.0,0.0,4.588242,0.561919,3.733962,0.558569,,,0.0,0.0
75,mixed,575.0,0.069565,0.012174,0.571429,0.625217,0.648122,0.974249,0.885463,1.0,0.189055,4.526361,0.473792,3.778132,0.566933,3.603336,0.735775,0.625217,0.738526,0.979284,0.934615,1.0,0.022634,4.667821,0.585092,3.81469,0.583827,5.301771,0.58008,0.066087,0.009565
76,lvo,41.0,0.170732,0.036585,0.333333,1.0,0.634146,0.980769,0.960784,1.0,0.285714,4.357796,0.490945,3.625817,0.493323,3.634784,0.452571,1.0,0.719512,0.966102,0.912281,1.0,0.057692,4.52631,0.654372,3.65799,0.508617,,,0.170732,0.036585
76,nlvo,180.0,0.086111,0.002778,0.0,0.969444,0.475645,0.963855,0.9,1.0,0.215278,4.535222,0.543057,3.660565,0.524116,3.432203,0.818093,0.969444,0.56447,0.984772,0.886598,1.0,0.005814,4.720728,0.65989,3.7656,0.625637,,,0.086111,0.002778
76,other,45.0,0.0,0.0,,0.955556,0.546512,0.978723,0.826087,1.0,0.0,4.549585,0.543541,3.610813,0.78422,,,0.955556,0.604651,1.0,0.903846,1.0,0.0,4.662266,0.62463,3.720125,0.849219,,,0.0,0.0
76,mixed,266.0,0.084586,0.007519,0.25,0.971805,0.512573,0.969811,0.898833,1.0,0.194805,4.502954,0.536238,3.644765,0.571565,3.495228,0.725145,0.971805,0.595745,0.983766,0.894389,1.0,0.01476,4.673615,0.655241,3.737552,0.64935,,,0.084586,0.007519
77,lvo,115.0,0.304348,0.086957,0.65,0.769565,0.683616,0.983471,0.932773,1.0,0.594595,4.371126,0.514715,2.949243,0.843001,3.104219,0.617311,0.769565,0.745763,1.0,0.954545,1.0,0.126984,4.477306,0.607105,3.03548,0.970992,3.873252,0.800366,0.286957,0.069565
77,nlvo,518.0,0.084942,0.002896,1.0,0.637066,0.545455,0.863889,0.813505,1.0,0.320158,4.489697,0.624073,3.631433,0.961896,3.183935,0.903699,0.637066,0.624242,0.917476,0.859788,1.0,0.006154,4.642917,0.710509,3.804422,1.040114,,,0.078185,0.001931
77,other,83.5,0.0,0.0,,0.682635,0.692982,0.911392,0.847222,1.0,0.0,4.528563,0.596112,3.373131,1.033255,,,0.682635,0.789474,0.944444,0.905882,1.0,0.0,4.668063,0.674234,3.524298,1.08603,,,0.0,0.0
77,mixed,716.5,0.110258,0.01605,0.695652,0.663643,0.588854,0.896429,0.846614,1.0,0.345882,4.46956,0.599524,3.432671,0.985762,3.148144,0.786594,0.663643,0.666667,0.938486,0.887395,1.0,0.034091,4.612006,0.68762,3.593815,1.076818,3.89952,0.797436,0.102582,0.012561
78,lvo,96.0,0.182292,0.046875,0.666667,0.692708,0.699248,0.989247,0.902174,1.0,0.409639,4.65908,0.505637,2.836444,0.777273,3.467991,0.99746,0.692708,0.774436,1.0,0.961165,1.0,0.080808,4.758416,0.569323,2.929299,0.828562,,,0.177083,0.041667
78,nlvo,321.5,0.090202,0.00311,0.5,0.505443,0.547692,0.994382,0.887006,1.0,0.363057,4.577298,0.566034,3.129021,0.92636,3.535084,0.652841,0.505443,0.621538,0.990099,0.945,1.0,0.010582,4.704823,0.636409,3.225144,0.972989,,,0.088647,0.00311
78,other,47.0,0.0,0.0,,0.617021,0.655172,0.973684,0.918919,1.0,0.0,4.635985,0.496449,2.966883,0.787006,,,0.617021,0.724138,0.97619,0.95122,1.0,0.0,4.730391,0.557284,3.054992,0.887993,,,0.0,0.0
78,mixed,464.5,0.100108,0.011841,0.636364,0.555436,0.598837,0.990291,0.895425,1.0,0.332117,4.609129,0.539932,3.021451,0.875188,3.510016,0.794395,0.555436,0.672481,0.991354,0.950581,1.0,0.030581,4.723826,0.606803,3.116282,0.929098,,,0.097955,0.010764
79,lvo,138.5,0.32852,0.050542,0.642857,0.700361,0.814433,0.987342,0.929487,1.0,0.558621,4.533203,0.564651,3.439667,0.602076,3.003401,0.763483,0.700361,0.876289,0.994118,0.982249,1.0,0.066265,4.611362,0.614552,3.481003,0.616091,5.067157,0.401035,0.292419,0.039711
79,nlvo,536.5,0.121156,0.006524,0.571429,0.591799,0.618898,0.97201,0.814136,1.0,0.353698,4.68986,0.575026,3.681471,0.677531,2.948827,0.829903,0.591799,0.746457,0.978903,0.918103,1.0,0.004695,4.85597,0.640871,3.726955,0.680867,,,0.102516,0.001864
79,other,92.5,0.0,0.0,,0.627027,0.715517,0.939759,0.858974,1.0,0.0,4.592141,0.599629,3.555551,0.617352,,,0.627027,0.818966,0.957895,0.879121,1.0,0.0,4.740531,0.68482,3.674455,0.715268,,,0.0,0.0
79,mixed,767.5,0.143974,0.013681,0.619048,0.615635,0.670899,0.971609,0.849026,1.0,0.365201,4.638026,0.578885,3.60429,0.659045,2.971971,0.800802,0.615635,0.782011,0.979702,0.928177,1.0,0.019345,4.78486,0.647991,3.662945,0.677598,5.13708,0.415982,0.12443,0.008469
80,lvo,35.5,0.408451,0.014085,0.0,1.0,0.549296,1.0,0.948718,1.0,0.756757,4.694963,0.440256,2.229916,0.726516,3.690965,0.548705,1.0,0.661972,1.0,0.87234,1.0,0.02439,4.87929,0.576353,2.36151,0.801226,,,0.394366,0.014085
80,nlvo,145.0,0.206897,0.0,,1.0,0.3,0.965517,0.940476,1.0,0.746835,4.485446,0.563266,2.485816,0.888352,3.655227,0.449661,1.0,0.413793,0.966667,0.836207,1.0,0.0,4.822855,0.730859,2.911326,1.183154,,,0.203448,0.0
80,other,30.5,0.0,0.0,,1.0,0.557377,0.911765,0.935484,1.0,0.0,4.638936,0.595772,2.439939,0.887877,,,1.0,0.606557,0.972973,0.888889,1.0,0.0,4.727759,0.64638,2.769251,1.306613,,,0.0,0.0
80,mixed,211.0,0.2109,0.00237,0.0,1.0,0.379147,0.9625,0.941558,1.0,0.6,4.569132,0.548044,2.411775,0.851692,3.666729,0.480802,1.0,0.483412,0.97549,0.854271,1.0,0.005882,4.81861,0.681806,2.755768,1.14677,,,0.206161,0.00237
81,lvo,47.5,0.273684,0.0,,0.768421,0.753425,0.981818,0.962963,1.0,0.480769,4.43954,0.5915,2.863615,0.895106,3.795509,0.458217,0.768421,0.849315,0.967742,0.966667,1.0,0.0,4.574897,0.676079,2.936197,0.995924,,,0.263158,0.0
81,nlvo,272.0,0.086397,0.0,,0.761029,0.478261,0.944444,0.823529,1.0,0.292208,4.597492,0.540368,3.145224,1.177935,3.74477,0.817516,0.761029,0.584541,0.971074,0.880851,1.0,0.0,4.797002,0.649012,3.302084,1.26009,,,0.082721,0.0
81,other,45.5,0.0,0.0,,0.725275,0.712121,0.957447,0.888889,1.0,0.0,4.480386,0.691829,3.259062,0.91963,,,0.725275,0.757576,1.0,0.98,1.0,0.0,4.548034,0.722863,3.267364,1.090587,,,0.0,0.0
81,mixed,365.0,0.1,0.0,,0.757534,0.542495,0.953333,0.86014,1.0,0.284553,4.550188,0.577676,3.109965,1.095873,3.762891,0.706975,0.757534,0.640145,0.974576,0.910145,1.0,0.0,4.722938,0.671591,3.23342,1.199342,,,0.09589,0.0
82,lvo,132.0,0.238636,0.026515,0.714286,0.871212,0.595652,1.0,0.919708,1.0,0.452381,4.606935,0.51836,3.249915,0.585969,3.524142,0.583534,0.871212,0.691304,1.0,0.949686,1.0,0.046358,4.754941,0.608639,3.33456,0.640967,,,0.215909,0.026515
82,nlvo,375.0,0.090667,0.0,,0.749333,0.476868,0.977612,0.79771,1.0,0.320574,4.746743,0.620103,3.623884,0.898126,3.530782,0.590646,0.749333,0.6121,0.994186,0.865497,1.0,0.0,4.94847,0.667792,3.758479,0.92933,,,0.089333,0.0
82,other,73.5,0.0,0.0,,0.843537,0.612903,0.986842,0.853333,1.0,0.0,4.638496,0.519815,3.520656,0.676245,,,0.843537,0.766129,0.989474,0.914894,1.0,0.0,4.849004,0.630654,3.41119,0.951403,,,0.0,0.0
82,mixed,580.5,0.112834,0.006029,0.714286,0.788975,0.525109,0.985447,0.841772,1.0,0.310777,4.689819,0.580027,3.499463,0.80128,3.52773,0.585009,0.788975,0.652838,0.994983,0.895798,1.0,0.013133,4.881212,0.651072,3.59033,0.886379,,,0.106804,0.006029
83,lvo,114.5,0.349345,0.034934,0.75,0.912664,0.511962,0.962617,0.92233,1.0,0.757895,4.594579,0.457382,3.247634,0.73052,2.861498,0.754219,0.912664,0.62201,0.984615,0.914062,1.0,0.059829,4.78482,0.586091,3.412963,0.833829,,,0.31441,0.030568
83,nlvo,384.0,0.134115,0.001302,0.0,0.85026,0.419602,0.923358,0.810277,1.0,0.44878,4.715287,0.492395,3.638528,0.89257,2.808936,0.787065,0.85026,0.520674,0.952941,0.839506,1.0,0.003676,4.900143,0.583175,3.806197,0.986089,,,0.119792,0.001302
83,other,65.0,0.0,0.0,,0.876923,0.763158,0.977011,0.905882,1.0,0.0,4.5845,0.46154,3.318399,0.94633,,,0.876923,0.798246,0.956044,0.988506,1.0,0.0,4.629635,0.498666,3.28195,0.97825,,,0.0,0.0
83,mixed,563.5,0.162378,0.007986,0.666667,0.866016,0.479508,0.942308,0.854875,1.0,0.435013,4.663376,0.481945,3.485528,0.884909,2.832012,0.770911,0.866016,0.574795,0.960784,0.881262,1.0,0.016842,4.82954,0.578753,3.628194,0.974871,,,0.145519,0.007098
84,lvo,89.0,0.207865,0.016854,0.666667,0.702247,0.736,0.978261,0.966667,1.0,0.413793,4.268938,0.584083,3.270835,0.785994,3.660916,0.60287,0.702247,0.8,0.97,0.989691,1.0,0.03125,4.380115,0.676709,3.267207,0.774197,,,0.202247,0.016854
84,nlvo,304.5,0.090312,0.004926,0.666667,0.72578,0.542986,0.954167,0.89083,1.0,0.259804,4.364197,0.906667,3.495065,0.882608,3.739791,0.931422,0.72578,0.613122,0.96679,0.908397,1.0,0.012605,4.516279,0.953487,3.588494,0.921156,,,0.087028,0.004926
84,other,56.0,0.0,0.0,,0.741071,0.650602,1.0,0.851852,1.0,0.0,4.488127,0.550858,3.656685,0.739852,,,0.741071,0.759036,0.984127,0.951613,1.0,0.0,4.6511,0.650389,3.676537,0.739753,,,0.0,0.0
84,mixed,449.5,0.102336,0.006674,0.666667,0.723026,0.593846,0.966321,0.903485,1.0,0.264095,4.35883,0.79813,3.464359,0.847497,3.707886,0.81161,0.723026,0.667692,0.970046,0.933492,1.0,0.015267,4.504476,0.859625,3.527434,0.874659,,,0.098999,0.006674
85,lvo,27.0,0.018519,0.018519,0.0,0.5,0.444444,1.0,0.833333,1.0,0.1,4.629286,0.400715,4.16942,0.904322,,,0.5,0.592593,1.0,0.875,1.0,0.071429,4.892539,0.584046,3.60839,1.616207,,,0.018519,0.018519
85,nlvo,122.5,0.004082,0.0,,0.62449,0.196078,0.733333,0.363636,1.0,0.125,4.986226,0.438431,4.492039,1.204862,,,0.62449,0.346405,0.886792,0.553191,1.0,0.0,5.295351,0.490853,4.337442,1.626624,,,0.004082,0.0
85,other,17.5,0.0,0.0,,0.571429,0.45,1.0,0.777778,1.0,0.0,,,,,,,0.571429,0.6,1.0,0.75,1.0,0.0,4.490182,0.922099,4.538397,0.630237,,,0.0,0.0
85,mixed,167.0,0.005988,0.002994,0.0,0.598802,0.255,0.843137,0.581395,1.0,0.08,4.746017,0.580375,4.391125,1.020565,,,0.598802,0.405,0.925926,0.653333,1.0,0.020408,5.096499,0.653558,4.214064,1.529484,,,0.005988,0.002994
86,lvo,107.0,0.154206,0.051402,0.272727,0.771028,0.70303,0.948276,0.890909,1.0,0.336735,4.678746,0.5835,3.176268,1.001469,3.438014,0.686714,0.771028,0.830303,0.978102,0.925373,1.0,0.064516,4.827683,0.643464,3.321503,1.055743,,,0.154206,0.037383
86,nlvo,425.0,0.098824,0.012941,0.636364,0.717647,0.485246,0.942568,0.810036,1.0,0.358407,4.756276,0.539414,3.457167,1.008524,3.66638,0.595315,0.717647,0.6,0.97541,0.851541,1.0,0.029605,4.932618,0.608266,3.655146,1.08852,,,0.095294,0.010588
86,other,72.0,0.0,0.0,,0.729167,0.647619,0.941176,0.828125,1.0,0.0,4.703335,0.438129,3.431439,1.072149,,,0.729167,0.742857,0.987179,0.922078,1.0,0.0,4.829789,0.528068,3.586164,1.14722,,,0.0,0.0
86,mixed,604.0,0.096854,0.018212,0.454545,0.728477,0.545455,0.94375,0.83223,1.0,0.302387,4.73004,0.537543,3.385323,1.020674,3.600274,0.628703,0.728477,0.660227,0.977625,0.878521,1.0,0.034068,4.894069,0.607848,3.567083,1.095895,5.822706,0.823677,0.094371,0.014073
87,lvo,81.5,0.251534,0.018405,0.666667,0.638037,0.730769,1.0,0.960526,1.0,0.534247,4.660237,0.426072,2.542043,0.802974,3.308762,0.706723,0.638037,0.865385,1.0,0.944444,1.0,0.035294,4.819338,0.542677,2.674207,0.928257,,,0.239264,0.018405
87,nlvo,332.5,0.109774,0.0,,0.518797,0.530435,1.0,0.89071,1.0,0.417178,4.668216,0.602215,2.997329,0.87965,3.425828,0.570751,0.518797,0.634783,1.0,0.90411,1.0,0.0,4.839044,0.673781,3.110563,0.937051,,,0.102256,0.0
87,other,49.0,0.0,0.0,,0.622449,0.688525,1.0,0.952381,1.0,0.0,4.550451,0.652745,2.843028,0.983597,,,0.622449,0.803279,1.0,0.959184,1.0,0.0,4.72038,0.735918,2.908873,1.039849,,,0.0,0.0
87,mixed,463.0,0.12311,0.00324,0.666667,0.550756,0.590196,1.0,0.916944,1.0,0.387681,4.649769,0.570304,2.860843,0.894425,3.383159,0.623023,0.550756,0.701961,1.0,0.921788,1.0,0.009091,4.817848,0.651948,2.973259,0.964914,,,0.115551,0.00324
88,lvo,71.0,0.260563,0.06338,0.444444,0.661972,0.744681,0.985714,0.956522,1.0,0.545455,4.520047,0.49983,1.69753,1.37801,3.628188,0.486515,0.661972,0.797872,0.986667,1.0,1.0,0.081081,4.594716,0.559359,1.772869,1.388893,,,0.253521,0.042254
88,nlvo,354.5,0.110014,0.005642,1.0,0.664316,0.488323,0.965217,0.864865,1.0,0.390625,4.670299,0.469618,2.466659,1.586801,3.651473,0.634899,0.664316,0.592357,0.97491,0.889706,1.0,0.016529,4.847363,0.576202,2.739077,1.668752,,,0.105783,0.005642
88,other,47.0,0.0,0.0,,0.595745,0.642857,0.916667,0.787879,1.0,0.0,4.702338,0.467134,2.516951,1.747305,,,0.595745,0.785714,0.954545,0.809524,1.0,0.0,4.894918,0.592026,2.79311,1.7094,,,0.0,0.0
88,mixed,472.5,0.121693,0.013757,0.615385,0.657143,0.541063,0.964286,0.876543,1.0,0.390845,4.642429,0.478605,2.307985,1.58947,3.643921,0.588733,0.657143,0.640902,0.974874,0.902062,1.0,0.028571,4.805011,0.582482,2.560649,1.664447,,,0.11746,0.010582
89,lvo,49.0,0.183673,0.020408,0.5,0.5,0.693878,0.970588,1.0,1.0,0.515152,4.301662,0.884473,2.93214,0.602455,3.73024,0.767369,0.5,0.816327,0.975,1.0,1.0,0.025641,4.495548,0.938688,2.97595,0.59651,,,0.173469,0.010204
89,nlvo,240.0,0.102083,0.002083,1.0,0.4875,0.679487,0.981132,0.858974,1.0,0.350746,4.652567,0.490818,3.526255,0.9182,3.74942,0.672401,0.4875,0.782051,0.983607,0.9,1.0,0.006173,4.79084,0.581131,3.62844,0.972308,,,0.097917,0.002083
89,other,33.0,0.0,0.0,,0.439394,0.862069,0.88,0.863636,1.0,0.0,4.546869,0.808874,3.127472,0.728642,,,0.439394,0.896552,0.923077,0.958333,1.0,0.0,4.587879,0.819655,3.263,0.865429,,,0.0,0.0
89,mixed,322.0,0.104037,0.004658,0.666667,0.484472,0.698718,0.96789,0.881517,1.0,0.344086,4.585717,0.618727,3.391757,0.885794,3.744325,0.692636,0.484472,0.798077,0.975904,0.921811,1.0,0.008929,4.722211,0.683946,3.487626,0.942482,,,0.099379,0.003106
90,lvo,52.0,0.288462,0.048077,1.0,0.557692,0.810345,1.0,0.93617,1.0,0.636364,4.543491,0.519205,2.541466,0.791642,3.298658,0.450725,0.557692,0.913793,1.0,1.0,1.0,0.09434,4.663666,0.595749,2.575914,0.833701,,,0.269231,0.048077
90,nlvo,125.5,0.14741,0.007968,1.0,0.549801,0.594203,1.0,0.926829,1.0,0.473684,4.360216,0.528322,2.862856,1.006155,2.883634,0.904048,0.549801,0.681159,1.0,0.989362,1.0,0.021505,4.524024,0.655298,2.915605,0.976527,,,0.143426,0.007968
90,other,28.5,0.0,0.0,,0.631579,0.833333,1.0,0.933333,1.0,0.0,4.455182,0.481445,2.909622,0.907182,,,0.631579,0.861111,1.0,1.0,1.0,0.0,4.496517,0.526336,2.934759,0.902849,,,0.0,0.0
90,mixed,206.0,0.162621,0.01699,1.0,0.563107,0.685345,1.0,0.930818,1.0,0.432432,4.432309,0.520189,2.776677,0.936037,3.065207,0.76432,0.563107,0.767241,1.0,0.994382,1.0,0.039548,4.560812,0.617624,2.817797,0.931879,,,0.15534,0.01699
91,lvo,113.0,0.185841,0.022124,0.4,0.659292,0.771812,1.0,0.93913,1.0,0.37963,4.408732,0.549169,3.247141,0.572657,3.057771,1.06697,0.659292,0.85906,1.0,0.992188,1.0,0.03937,4.532741,0.6395,3.236219,0.655039,,,0.181416,0.022124
91,nlvo,405.0,0.082716,0.002469,0.0,0.553086,0.571429,0.980469,0.908367,1.0,0.29386,4.572845,0.617183,3.299667,0.75096,3.466627,0.637574,0.553086,0.683036,0.990196,0.933993,1.0,0.007067,4.757096,0.70375,3.334547,0.820528,,,0.082716,0.002469
91,other,76.5,0.0,0.0,,0.627451,0.822917,1.0,0.949367,1.0,0.0,4.346184,0.691536,3.421737,0.542569,,,0.627451,0.864583,1.0,1.0,1.0,0.0,4.407774,0.728558,3.312557,0.804668,,,0.0,0.0
91,mixed,594.5,0.091674,0.005887,0.285714,0.582843,0.649351,0.988889,0.923596,1.0,0.262774,4.491113,0.620664,3.307764,0.675833,3.311413,0.8462,0.582843,0.746032,0.994197,0.959144,1.0,0.014199,4.645469,0.705251,3.30651,0.779597,,,0.090833,0.005887
92,lvo,113.0,0.287611,0.154867,0.428571,0.792035,0.681564,0.983607,0.958333,1.0,0.556522,4.515972,0.452389,2.628637,1.04143,3.371501,0.490525,0.792035,0.759777,0.992647,0.985185,1.0,0.210526,4.63376,0.553418,2.622248,1.070599,5.236996,0.746729,0.283186,0.123894
92,nlvo,410.5,0.095006,0.008526,0.428571,0.733252,0.453488,0.930403,0.874016,1.0,0.346847,4.714259,0.503343,2.660476,1.173917,3.586547,0.614775,0.733252,0.563123,0.943953,0.9125,1.0,0.020548,4.904181,0.596891,2.814683,1.272271,,,0.093788,0.007308
92,other,100.0,0.0,0.0,,0.79,0.677215,0.962617,0.941748,1.0,0.0,4.600687,0.501195,2.837407,0.999195,,,0.79,0.797468,0.97619,0.926829,1.0,0.0,4.761628,0.601872,3.006124,1.171109,,,0.0,0.0
92,mixed,623.5,0.114675,0.033681,0.428571,0.753007,0.534611,0.950199,0.909853,1.0,0.324885,4.641862,0.497194,2.690672,1.106196,3.488937,0.570082,0.753007,0.640043,0.96173,0.932526,1.0,0.06308,4.813101,0.598011,2.810476,1.211417,5.27302,0.806959,0.113071,0.027265
93,lvo,122.0,0.286885,0.061475,0.266667,0.651639,0.893082,0.957746,0.948529,1.0,0.534884,4.388863,0.53157,2.933814,0.951973,3.420149,0.588704,0.651639,0.943396,0.993333,0.993289,1.0,0.101351,4.454634,0.587444,2.96005,1.098004,3.966253,1.20596,0.282787,0.061475
93,nlvo,463.5,0.104639,0.002157,0.0,0.501618,0.739785,0.950581,0.923547,1.0,0.317881,4.616691,0.475751,3.160385,0.780202,3.470831,0.662159,0.501618,0.825806,0.96875,0.922043,1.0,0.005831,4.72299,0.549033,3.303179,0.941444,,,0.10356,0.002157
93,other,86.0,0.0,0.0,,0.598837,0.825243,0.976471,0.915663,1.0,0.0,4.477554,0.53658,3.116725,0.855903,,,0.598837,0.92233,0.968421,0.967391,1.0,0.0,4.596441,0.616125,3.152722,0.836984,,,0.0,0.0
93,mixed,671.5,0.124348,0.012658,0.235294,0.541325,0.78542,0.956217,0.928571,1.0,0.325444,4.539321,0.508281,3.097313,0.841388,3.449637,0.63112,0.541325,0.865199,0.974563,0.946166,1.0,0.02931,4.639881,0.579,3.197195,0.976642,4.0273,1.164526,0.122859,0.012658
94,lvo,74.0,0.331081,0.02027,1.0,0.945946,0.721429,0.990099,0.88,1.0,0.556818,4.658147,0.43112,3.407565,0.739542,3.428805,0.685454,0.945946,0.842857,0.991525,0.948718,1.0,0.027027,4.802677,0.534457,3.486267,0.777587,,,0.331081,0.02027
94,nlvo,270.5,0.096118,0.005545,1.0,0.950092,0.439689,0.969027,0.780822,1.0,0.298246,4.687885,0.579644,3.617578,0.877622,3.638285,0.458477,0.950092,0.548638,0.98227,0.880866,1.0,0.012295,4.879544,0.647943,3.731489,0.892597,,,0.09427,0.005545
94,other,49.5,0.0,0.0,,0.959596,0.663158,0.968254,0.885246,1.0,0.0,4.553385,0.535973,3.418063,0.656768,,,0.959596,0.726316,0.956522,0.984848,1.0,0.0,4.653155,0.607524,3.412138,0.651724,,,0.0,0.0
94,mixed,394.0,0.128173,0.007614,1.0,0.950508,0.520694,0.974359,0.823684,1.0,0.319489,4.658457,0.538696,3.530284,0.81522,3.53564,0.587405,0.950508,0.626168,0.98081,0.913043,1.0,0.014286,4.826898,0.619181,3.623297,0.842791,,,0.126904,0.007614
95,lvo,3.0,0.0,0.0,,0.5,0.333333,1.0,1.0,1.0,0.0,,,,,,,0.5,1.0,1.0,1.0,1.0,0.0,,,,,,,0.0,0.0
95,nlvo,29.5,0.050847,0.0,,0.59322,0.371429,0.923077,0.583333,1.0,0.428571,4.828024,0.810269,4.22092,0.594738,,,0.59322,0.514286,1.0,0.888889,1.0,0.0,5.035613,0.763168,4.377596,0.786064,,,0.050847,0.0
95,other,6.0,0.0,0.0,,0.5,0.333333,1.0,1.0,1.0,0.0,,,,,,,0.5,0.666667,1.0,0.75,1.0,0.0,,,,,,,0.0,0.0
95,mixed,38.5,0.038961,0.0,,0.571429,0.363636,0.9375,0.666667,1.0,0.3,4.656528,0.898713,3.856064,1.030517,,,0.571429,0.568182,1.0,0.88,1.0,0.0,5.002586,0.854314,4.058962,1.032168,,,0.038961,0.0
96,lvo,79.5,0.226415,0.18239,0.448276,0.798742,0.700787,0.977528,0.896552,1.0,0.448718,4.608331,0.469866,3.245153,0.803868,3.601112,0.769894,0.798742,0.795276,0.980198,0.919192,1.0,0.274725,4.738195,0.567327,3.228334,0.871057,4.442543,0.767041,0.220126,0.157233
96,nlvo,360.0,0.051389,0.019444,0.5,0.670833,0.436853,0.924171,0.85641,1.0,0.203593,4.639682,0.609261,3.503585,0.954956,3.564153,0.540048,0.670833,0.563147,0.970588,0.840909,1.0,0.045045,4.86958,0.688561,3.66972,1.093178,,,0.047222,0.013889
96,other,53.0,0.0,0.0,,0.735849,0.653846,0.960784,0.877551,1.0,0.0,4.523232,0.550587,3.400735,0.805655,,,0.735849,0.74359,0.982759,0.929825,1.0,0.0,4.659925,0.637229,3.357768,0.900609,,,0.0,0.0
96,mixed,492.5,0.074112,0.043655,0.465116,0.698477,0.510174,0.94302,0.870091,1.0,0.239583,4.614813,0.568454,3.420433,0.90065,3.5829,0.662006,0.698477,0.626453,0.974478,0.871429,1.0,0.095628,4.810578,0.658768,3.523343,1.036227,4.318323,1.083996,0.070051,0.035533
97,lvo,99.0,0.323232,0.106061,0.52381,0.989899,0.683673,0.970149,0.869231,1.0,0.548673,4.538028,0.605225,3.482534,0.753291,2.857445,0.966805,0.989899,0.739796,0.986207,0.972028,1.0,0.122302,4.621629,0.651438,3.538736,0.788053,5.092893,0.283703,0.313131,0.085859
97,nlvo,467.5,0.104813,0.002139,0.5,0.990374,0.420086,0.907455,0.779037,1.0,0.330909,4.514095,0.913254,3.772422,0.923813,3.166569,0.843318,0.990374,0.506479,0.955224,0.852679,1.0,0.005236,4.714241,0.942879,3.930327,0.976611,,,0.097326,0.002139
97,other,75.5,0.0,0.0,,0.993377,0.593333,0.921348,0.829268,1.0,0.0,4.565898,0.502967,3.690613,0.834312,,,0.993377,0.686667,0.951456,0.928571,1.0,0.0,4.712937,0.599201,3.77619,0.871032,,,0.0,0.0
97,mixed,642.0,0.126168,0.017913,0.521739,0.990654,0.481132,0.923203,0.80708,1.0,0.335526,4.526869,0.803837,3.693849,0.881222,3.041303,0.905204,0.990654,0.563679,0.960948,0.888244,1.0,0.031046,4.695325,0.84792,3.82713,0.937767,5.09416,0.278964,0.119159,0.014798
98,lvo,56.5,0.371681,0.0,,1.0,0.469027,1.0,0.981132,1.0,0.788462,4.471495,0.605464,3.253759,0.586928,3.556468,0.563385,1.0,0.530973,0.983333,1.0,1.0,0.0,4.611518,0.689707,3.29443,0.577277,,,0.362832,0.0
98,nlvo,228.0,0.162281,0.0,,0.995614,0.306167,0.964029,0.925373,1.0,0.580645,4.67335,0.440306,3.540649,0.594471,3.624458,0.549259,0.995614,0.418502,0.968421,0.809783,1.0,0.0,4.950885,0.596189,3.800354,0.792156,,,0.157895,0.0
98,other,38.5,0.0,0.0,,1.0,0.480519,0.972973,0.805556,1.0,0.0,4.717556,0.509621,3.61479,0.763591,,,1.0,0.545455,1.0,0.833333,1.0,0.0,4.847138,0.596525,3.680755,0.765446,,,0.0,0.0
98,mixed,323.0,0.179567,0.0,,0.996904,0.35559,0.973799,0.919283,1.0,0.55122,4.633775,0.500172,3.484434,0.633799,3.599789,0.552887,0.996904,0.453416,0.976027,0.852632,1.0,0.0,4.86623,0.628924,3.677994,0.772823,,,0.174923,0.0
99,lvo,96.5,0.222798,0.020725,0.5,0.678756,0.763359,1.0,0.91,1.0,0.43956,4.541765,0.490945,3.516383,0.705815,3.400216,0.530849,0.678756,0.862595,1.0,0.929204,1.0,0.028571,4.675688,0.594665,3.5739,0.736525,,,0.207254,0.015544
99,nlvo,607.0,0.088962,0.001647,0.0,0.540362,0.63872,0.909308,0.795276,1.0,0.339934,4.660516,0.609774,3.731824,0.749108,3.387625,0.546731,0.540362,0.748476,0.953157,0.852564,1.0,0.0,4.808221,0.668132,3.923223,0.865505,,,0.084843,0.0
99,other,119.0,0.0,0.0,,0.521008,0.709677,0.931818,0.878049,1.0,0.0,4.562193,0.473966,3.601336,0.925263,,,0.521008,0.798387,0.969697,0.875,1.0,0.0,4.689698,0.576252,3.765589,1.021642,,,0.0,0.0
99,mixed,822.5,0.091793,0.003647,0.333333,0.553799,0.666301,0.927512,0.827709,1.0,0.306867,4.626698,0.575052,3.674552,0.773329,3.391147,0.540501,0.553799,0.771679,0.963016,0.868538,1.0,0.005102,4.770226,0.646319,3.842564,0.878332,,,0.08693,0.001824
100,lvo,188.5,0.196286,0.029178,0.454545,0.774536,0.5,0.993151,0.958621,1.0,0.532374,4.502963,0.504986,2.546122,1.078986,3.459833,0.751599,0.774536,0.568493,0.993976,0.987879,1.0,0.06135,4.639404,0.601755,2.562546,1.078633,,,0.196286,0.026525
100,nlvo,649.0,0.077042,0.0,,0.620185,0.351553,0.992933,0.875445,1.0,0.402439,4.756833,0.471618,2.651908,1.232251,3.597859,0.592793,0.620185,0.447205,0.986111,0.932394,1.0,0.0,4.95778,0.571862,2.632956,1.349842,,,0.076271,0.0
100,other,110.0,0.0,0.0,,0.713636,0.503185,0.974684,0.935065,1.0,0.0,4.661667,0.437111,2.504335,1.163775,,,0.713636,0.630573,0.989899,0.908163,1.0,0.0,4.874877,0.579464,2.687722,1.270666,,,0.0,0.0
100,mixed,947.5,0.091821,0.005805,0.454545,0.661741,0.405104,0.990157,0.908549,1.0,0.378556,4.669071,0.488155,2.598823,1.178851,3.538819,0.66683,0.661741,0.498405,0.9888,0.943366,1.0,0.017153,4.860087,0.595925,2.622842,1.268931,,,0.091293,0.005277
101,lvo,114.0,0.342105,0.004386,1.0,0.570175,0.846154,0.972727,0.915888,1.0,0.663265,4.576461,0.489498,3.131419,0.769281,3.122351,0.581716,0.570175,0.9,0.974359,0.973684,1.0,0.009009,4.638713,0.535647,3.181268,0.808512,,,0.285088,0.004386
101,nlvo,353.5,0.152758,0.0,,0.499293,0.725212,0.949219,0.843621,1.0,0.502439,4.662921,0.573676,3.578301,0.809835,3.008606,0.827162,0.499293,0.84136,0.983165,0.880137,1.0,0.0,4.802215,0.637793,3.732652,0.901254,,,0.145686,0.0
101,other,62.5,0.0,0.0,,0.544,0.779412,0.943396,0.84,1.0,0.0,4.559618,0.504664,3.097253,0.893103,,,0.544,0.838235,0.982456,0.982143,1.0,0.0,4.630427,0.551794,3.209976,0.985085,,,0.0,0.0
101,mixed,530.0,0.175472,0.000943,1.0,0.519811,0.760436,0.954654,0.8625,1.0,0.486957,4.627156,0.544952,3.398629,0.838532,3.052614,0.742067,0.519811,0.854809,0.980892,0.915584,1.0,0.002364,4.74081,0.608056,3.533242,0.925878,,,0.158491,0.000943
102,lvo,15.5,0.354839,0.0,,0.870968,0.740741,1.0,0.95,1.0,0.526316,4.818347,0.398967,1.760961,0.999914,,,0.870968,0.777778,1.0,1.0,1.0,0.0,4.855494,0.424491,1.776127,0.97707,,,0.322581,0.0
102,nlvo,63.0,0.246032,0.0,,0.81746,0.466019,0.958333,0.934783,1.0,0.697674,4.680952,0.641004,2.222615,1.235919,3.722887,0.658384,0.81746,0.601942,0.967742,0.95,1.0,0.0,4.912965,0.712264,2.193703,1.162127,,,0.238095,0.0
102,other,14.0,0.0,0.0,,0.857143,0.458333,1.0,1.0,1.0,0.0,4.751823,0.327778,2.113855,1.118806,,,0.857143,0.541667,1.0,0.923077,1.0,0.0,4.878344,0.431419,2.319936,1.490068,,,0.0,0.0
102,mixed,92.5,0.227027,0.0,,0.832432,0.512987,0.974684,0.948052,1.0,0.547945,4.725604,0.551056,2.087168,1.165464,3.723999,0.649198,0.832432,0.623377,0.979167,0.957447,1.0,0.0,4.895705,0.622729,2.117872,1.176596,,,0.216216,0.0
103,lvo,91.0,0.269231,0.027473,1.0,0.681319,0.701613,0.977011,0.929412,1.0,0.607595,4.383274,0.683873,3.135199,0.58782,3.828351,0.527696,0.681319,0.798387,0.989899,0.938776,1.0,0.054348,4.538058,0.766761,3.218369,0.686221,,,0.263736,0.027473
103,nlvo,322.0,0.124224,0.006211,1.0,0.630435,0.586207,0.957983,0.877193,1.0,0.385,4.508574,0.614231,3.592406,0.656973,3.589591,0.560698,0.630435,0.669951,0.966912,0.927757,1.0,0.016393,4.654439,0.693993,3.652422,0.725708,,,0.119565,0.006211
103,other,74.0,0.0,0.0,,0.702703,0.778846,0.975309,0.911392,1.0,0.0,4.559633,0.589009,3.387177,0.734302,,,0.702703,0.855769,0.977528,0.908046,1.0,0.0,4.665273,0.656366,3.440244,0.737642,,,0.0,0.0
103,mixed,487.0,0.132444,0.00924,1.0,0.650924,0.640379,0.965517,0.895408,1.0,0.356125,4.491911,0.626286,3.451907,0.683036,3.681275,0.558413,0.650924,0.725552,0.973913,0.926339,1.0,0.021687,4.631488,0.70349,3.516269,0.739625,,,0.128337,0.00924
104,lvo,46.5,0.430108,0.193548,0.666667,0.827957,0.909091,0.985714,0.927536,1.0,0.625,4.474418,0.461901,3.232746,0.849043,2.520921,0.913329,0.827957,0.922078,1.0,1.0,1.0,0.225352,4.489165,0.475126,3.26153,0.880084,4.614265,0.752572,0.430108,0.172043
104,nlvo,262.5,0.213333,0.028571,0.666667,0.830476,0.479358,0.990431,0.922705,1.0,0.570681,4.668185,0.446376,2.989082,0.885689,2.636511,0.912117,0.830476,0.561927,0.991837,0.946502,1.0,0.06087,4.814558,0.545233,3.035791,0.979121,4.558403,0.619757,0.207619,0.026667
104,other,31.0,0.0,0.0,,0.83871,0.615385,0.96875,0.935484,1.0,0.0,4.563327,0.405291,3.283778,0.705666,,,0.83871,0.711538,1.0,0.918919,1.0,0.0,4.716676,0.544771,3.289813,0.977507,,,0.0,0.0
104,mixed,340.0,0.223529,0.048529,0.666667,0.830882,0.550442,0.987138,0.925081,1.0,0.524648,4.613783,0.45194,3.073605,0.86725,2.60548,0.910803,0.830882,0.624779,0.994334,0.954416,1.0,0.089552,4.738851,0.545828,3.108231,0.963299,4.588196,0.682593,0.219118,0.044118
105,lvo,52.5,0.238095,0.028571,0.666667,1.0,0.533333,1.0,0.964286,1.0,0.462963,4.474311,0.483181,3.00233,0.820692,3.826419,0.438028,1.0,0.609524,1.0,0.90625,1.0,0.051724,4.632902,0.620181,3.047368,0.836844,,,0.238095,0.028571
105,nlvo,268.5,0.087523,0.003724,0.5,1.0,0.350093,0.946809,0.853933,1.0,0.309211,4.648172,0.462216,3.151857,0.956188,3.737003,0.434222,1.0,0.411546,0.954751,0.905213,1.0,0.010471,4.806707,0.572917,3.251196,1.009663,,,0.087523,0.003724
105,other,50.0,0.0,0.0,,1.0,0.64,0.921875,0.949153,1.0,0.0,4.582442,0.495297,3.135719,0.775217,,,1.0,0.64,0.953125,0.983607,1.0,0.0,4.582442,0.495297,3.218387,0.886791,,,0.0,0.0
105,mixed,371.0,0.097035,0.006739,0.6,1.0,0.415094,0.951299,0.894198,1.0,0.274809,4.602903,0.47609,3.120029,0.896533,3.768051,0.434572,1.0,0.47035,0.962751,0.919643,1.0,0.016181,4.733708,0.575332,3.206415,0.957971,,,0.097035,0.006739
106,lvo,41.5,0.204819,0.012048,0.0,0.759036,0.68254,1.0,0.837209,1.0,0.444444,4.700632,0.547861,2.96891,0.992366,3.767396,0.474859,0.759036,0.730159,1.0,0.978261,1.0,0.022222,4.757273,0.572026,2.939062,0.967341,,,0.192771,0.012048
106,nlvo,208.0,0.079327,0.0,,0.699519,0.453608,0.939394,0.83871,1.0,0.317308,4.673238,0.531795,3.206167,1.006098,3.737052,0.647952,0.699519,0.591065,0.94186,0.839506,1.0,0.0,4.908503,0.635508,3.450292,1.089422,,,0.079327,0.0
106,other,34.0,0.0,0.0,,0.735294,0.6,0.966667,0.931034,1.0,0.0,4.559409,0.524395,3.027145,0.877007,,,0.735294,0.66,0.969697,0.9375,1.0,0.0,4.661549,0.598874,3.131856,0.931685,,,0.0,0.0
106,mixed,283.5,0.088183,0.001764,0.0,0.712522,0.507426,0.956098,0.852041,1.0,0.293413,4.662326,0.533327,3.127628,0.985908,3.74696,0.592087,0.712522,0.621287,0.956175,0.879167,1.0,0.004739,4.848319,0.624239,3.309848,1.064121,,,0.08642,0.001764
107,lvo,70.5,0.35461,0.078014,0.818182,0.829787,0.752137,1.0,0.965909,1.0,0.564706,4.518656,0.452657,2.90898,0.815611,3.586756,0.784336,0.829787,0.846154,1.0,0.969697,1.0,0.104167,4.646212,0.561258,2.90949,0.874,,,0.340426,0.070922
107,nlvo,199.0,0.09799,0.002513,0.0,0.756281,0.475083,0.916084,0.854962,1.0,0.330357,4.682108,0.459074,3.381839,0.93847,3.905343,0.448622,0.756281,0.55814,0.952381,0.8625,1.0,0.007246,4.833868,0.560711,3.550379,1.034306,,,0.092965,0.002513
107,other,47.0,0.0,0.0,,0.808511,0.684211,0.980769,0.862745,1.0,0.0,4.533163,0.491942,3.059936,1.067597,,,0.808511,0.763158,1.0,0.948276,1.0,0.0,4.657605,0.59479,3.215764,1.140329,,,0.0,0.0
107,mixed,316.5,0.1406,0.018957,0.75,0.780411,0.572874,0.954064,0.892593,1.0,0.352697,4.603914,0.468395,3.166918,0.948186,3.725435,0.675064,0.780411,0.657895,0.975385,0.911672,1.0,0.038062,4.745249,0.572725,3.289005,1.044239,5.353862,0.298669,0.134281,0.017378
108,lvo,77.5,0.193548,0.025806,0.5,0.56129,0.885057,0.987013,0.960526,1.0,0.39726,4.71934,0.497998,2.550318,0.9954,3.662338,0.477759,0.56129,0.931034,1.0,0.962963,1.0,0.051282,4.768041,0.531881,2.597054,1.110133,,,0.187097,0.025806
108,nlvo,329.0,0.068389,0.00152,1.0,0.463526,0.563934,0.953488,0.871951,1.0,0.300699,4.781034,0.470172,2.839031,1.067,3.59731,0.438793,0.463526,0.688525,0.985714,0.913043,1.0,0.005291,4.941788,0.548606,2.952297,1.19501,,,0.06535,0.00152
108,other,63.5,0.0,0.0,,0.527559,0.820896,0.927273,0.980392,1.0,0.0,4.609708,0.555965,2.739728,0.90962,,,0.527559,0.910448,0.95082,0.965517,1.0,0.0,4.711594,0.613053,2.761398,1.052185,,,0.0,0.0
108,mixed,470.0,0.079787,0.005319,0.6,0.488298,0.662309,0.957237,0.914089,1.0,0.270677,4.734411,0.496149,2.746224,1.026522,3.623502,0.452707,0.488298,0.766885,0.982955,0.933526,1.0,0.01548,4.861915,0.563657,2.837133,1.159236,,,0.076596,0.005319
109,lvo,5.5,0.272727,0.0,,0.727273,0.75,0.833333,0.8,1.0,0.5,,,,,,,0.727273,1.0,1.0,0.75,1.0,0.0,,,,,,,0.181818,0.0
109,nlvo,57.5,0.13913,0.0,,0.634783,0.493151,0.944444,0.911765,1.0,0.516129,4.690667,0.589784,2.627976,1.312351,3.857473,0.533359,0.634783,0.60274,1.0,0.818182,1.0,0.0,4.876786,0.66783,2.939384,1.491942,,,0.13913,0.0
109,other,5.0,0.0,0.0,,0.7,0.714286,1.0,1.0,1.0,0.0,,,,,,,0.7,0.714286,1.0,1.0,1.0,0.0,,,,,,,0.0,0.0
109,mixed,68.0,0.139706,0.0,,0.647059,0.534091,0.93617,0.909091,1.0,0.45,4.701439,0.571638,2.620888,1.24844,3.806899,0.532981,0.647059,0.647727,1.0,0.824561,1.0,0.0,4.873567,0.643077,2.981004,1.471029,,,0.132353,0.0
110,lvo,102.5,0.263415,0.170732,0.542857,0.541463,0.837838,1.0,0.967742,1.0,0.577778,4.459905,0.496197,2.833899,0.877736,3.353342,0.590559,0.541463,0.927928,1.0,0.961165,1.0,0.272727,4.580791,0.60036,2.901245,0.876395,4.633947,0.538753,0.253659,0.131707
110,nlvo,301.0,0.089701,0.008306,0.6,0.45515,0.558394,0.96732,0.858108,1.0,0.401575,4.668307,0.527772,3.373401,1.107046,3.160844,0.898196,0.45515,0.678832,0.983871,0.885246,1.0,0.018519,4.844571,0.613322,3.501537,1.157596,,,0.084718,0.004983
110,other,52.5,0.0,0.0,,0.457143,0.770833,0.918919,0.882353,1.0,0.0,4.606154,0.503212,3.002664,0.964906,,,0.457143,0.791667,0.921053,0.971429,1.0,0.0,4.63969,0.537695,3.084405,1.066547,,,0.0,0.0
110,mixed,456.0,0.118421,0.04386,0.55,0.474781,0.65358,0.971731,0.898182,1.0,0.417004,4.591695,0.521275,3.145114,1.044921,3.258027,0.761053,0.474781,0.755196,0.981651,0.919003,1.0,0.101695,4.737676,0.611939,3.263438,1.098169,4.73819,0.756455,0.112939,0.032895
111,lvo,93.0,0.236559,0.026882,0.6,0.623656,0.758621,0.988636,0.977011,1.0,0.505882,4.382011,0.639795,2.671415,0.993825,3.365906,0.723752,0.623656,0.818966,0.989474,0.968085,1.0,0.054945,4.478698,0.706194,2.722123,1.033198,,,0.231183,0.026882
111,nlvo,304.5,0.077176,0.001642,1.0,0.464696,0.586572,0.96988,0.875776,1.0,0.333333,4.538061,0.543469,3.234244,1.117711,3.492151,0.531598,0.464696,0.696113,0.979695,0.901554,1.0,0.005747,4.722364,0.658768,3.364212,1.131485,,,0.077176,0.001642
111,other,60.0,0.0,0.0,,0.525,0.68254,0.953488,0.902439,1.0,0.0,4.447554,0.581382,3.42981,1.032597,,,0.525,0.761905,1.0,0.958333,1.0,0.0,4.562347,0.64641,3.600979,1.116625,,,0.0,0.0
111,mixed,457.5,0.099454,0.006557,0.666667,0.504918,0.642857,0.973064,0.910035,1.0,0.342205,4.47872,0.581215,3.092556,1.103659,3.431834,0.630299,0.504918,0.735931,0.985294,0.928358,1.0,0.019293,4.63169,0.677604,3.217969,1.145114,,,0.098361,0.006557
112,lvo,87.5,0.308571,0.022857,0.25,0.662857,0.758621,1.0,0.965909,1.0,0.576471,4.453894,0.687858,2.92429,0.789268,3.435847,0.603894,0.662857,0.853448,1.0,0.949495,1.0,0.031915,4.58953,0.755779,3.013473,0.847095,,,0.28,0.017143
112,nlvo,286.5,0.097731,0.001745,0.0,0.47993,0.625455,0.97093,0.832335,1.0,0.352518,4.701065,0.528856,3.383481,0.840185,3.524254,0.661308,0.47993,0.727273,0.97,0.902062,1.0,0.0,4.842798,0.604749,3.520929,0.919528,,,0.085515,0.0
112,other,81.0,0.0,0.0,,0.475309,0.61039,1.0,0.893617,1.0,0.0,4.636666,0.433977,3.428939,0.870352,,,0.475309,0.74026,1.0,0.929825,1.0,0.0,4.808971,0.545946,3.48754,0.899761,,,0.0,0.0
112,mixed,455.0,0.120879,0.005495,0.2,0.514286,0.655983,0.983713,0.880795,1.0,0.368421,4.620356,0.575154,3.256752,0.854974,3.48005,0.631544,0.514286,0.760684,0.983146,0.92,1.0,0.009317,4.76695,0.649626,3.371954,0.921931,,,0.107692,0.003297
113,lvo,59.0,0.381356,0.016949,1.0,0.822034,0.670103,1.0,0.923077,1.0,0.733333,4.519211,0.726177,2.645284,1.113653,3.158869,0.644366,0.822034,0.721649,1.0,0.957143,1.0,0.029851,4.601804,0.761288,2.710638,1.158415,,,0.372881,0.016949
113,nlvo,412.5,0.113939,0.0,,0.813333,0.438152,0.921769,0.848708,1.0,0.4,4.691117,0.589808,3.180918,1.169244,3.240155,0.662023,0.813333,0.527571,0.937853,0.864458,1.0,0.0,4.856881,0.652786,3.380281,1.259928,,,0.111515,0.0
113,other,64.5,0.0,0.0,,0.806202,0.605769,0.952381,0.933333,1.0,0.0,4.641188,0.586122,3.196063,0.96801,,,0.806202,0.701923,0.972603,0.929577,1.0,0.0,4.78433,0.65493,3.325484,1.028762,,,0.0,0.0
113,mixed,536.0,0.129664,0.001866,1.0,0.813433,0.483945,0.938389,0.873737,1.0,0.393064,4.657185,0.613714,3.095293,1.146866,3.213857,0.655086,0.813433,0.569954,0.95171,0.887949,1.0,0.004762,4.810298,0.673755,3.272954,1.233593,,,0.126866,0.001866
114,lvo,84.5,0.218935,0.011834,0.0,0.91716,0.451613,1.0,0.928571,1.0,0.569231,4.746558,0.429716,2.96237,0.915253,3.371223,0.777491,0.91716,0.529032,0.987805,0.91358,1.0,0.0,4.891042,0.532214,3.054411,0.915599,,,0.218935,0.0
114,nlvo,302.0,0.087748,0.0,,0.933775,0.303191,0.964912,0.921212,1.0,0.322368,4.735425,0.529039,3.193943,0.730874,3.142961,1.030121,0.933775,0.406028,0.9869,0.889381,1.0,0.0,4.968539,0.610662,3.373066,0.883664,,,0.081126,0.0
114,other,35.0,0.0,0.0,,0.942857,0.530303,0.942857,0.818182,1.0,0.0,4.947972,0.405876,3.280953,0.79699,,,0.942857,0.621212,0.95122,0.948718,1.0,0.0,5.051703,0.454478,3.333487,0.825988,,,0.0,0.0
114,mixed,421.5,0.106762,0.002372,0.0,0.931198,0.351592,0.971014,0.910448,1.0,0.352459,4.765202,0.494579,3.144172,0.795755,3.241167,0.931762,0.931198,0.448408,0.982955,0.901734,1.0,0.0,4.960173,0.577301,3.294006,0.892494,,,0.102017,0.0
115,lvo,79.5,0.383648,0.062893,0.8,0.886792,0.687943,0.979381,0.884211,1.0,0.690476,4.4749,0.651941,3.633187,0.600324,3.534971,0.721486,0.886792,0.77305,1.0,0.917431,1.0,0.08,4.60781,0.724087,3.669107,0.743169,,,0.36478,0.050314
115,nlvo,411.0,0.120438,0.002433,0.5,0.765207,0.518283,0.941718,0.762215,1.0,0.405983,4.652124,0.547016,3.886635,0.699851,3.523121,0.734279,0.765207,0.616852,0.971649,0.867374,1.0,0.006116,4.817973,0.631336,4.000049,0.782303,,,0.115572,0.002433
115,other,60.0,0.0,0.0,,0.816667,0.602041,0.949153,0.803571,1.0,0.0,4.517442,0.488818,3.786958,0.665433,,,0.816667,0.693878,0.970588,0.954545,1.0,0.0,4.666084,0.595942,3.861113,0.702333,,,0.0,0.0
115,mixed,550.5,0.145322,0.010899,0.75,0.788374,0.5553,0.950207,0.792576,1.0,0.421488,4.599972,0.567146,3.821876,0.682454,3.527613,0.727096,0.788374,0.650922,0.976991,0.887681,1.0,0.020408,4.759148,0.651104,3.918089,0.775447,,,0.138965,0.009083
116,lvo,121.0,0.355372,0.107438,0.884615,0.896694,0.557604,1.0,0.942149,1.0,0.692982,4.590417,0.512503,3.101305,0.752138,3.068638,0.725702,0.896694,0.64977,1.0,0.957447,1.0,0.177778,4.749961,0.618162,3.177793,0.769716,4.414073,0.68452,0.326446,0.099174
116,nlvo,473.0,0.11945,0.0,,0.865751,0.345543,0.964664,0.864469,1.0,0.444915,4.695507,0.493613,3.478508,0.723465,3.16184,0.742814,0.865751,0.412698,0.97929,0.915408,1.0,0.0,4.855033,0.580803,3.551295,0.802757,,,0.110994,0.0
116,other,80.0,0.0,0.0,,0.85,0.595588,1.0,0.91358,1.0,0.0,4.59836,0.497737,3.403306,0.706662,,,0.85,0.683824,0.989247,0.956522,1.0,0.0,4.744819,0.602775,3.376778,0.851577,,,0.0,0.0
116,mixed,674.0,0.147626,0.019288,0.884615,0.869436,0.413823,0.979381,0.892632,1.0,0.433962,4.653064,0.50057,3.369597,0.743807,3.121824,0.734974,0.869436,0.488055,0.986014,0.932624,1.0,0.045627,4.811213,0.595066,3.429452,0.816888,4.414073,0.68452,0.136499,0.017804
117,lvo,57.0,0.184211,0.0,,0.508772,0.724138,1.0,1.0,1.0,0.5,4.397327,0.442649,2.426813,0.705708,4.180229,0.563326,0.508772,0.844828,1.0,0.938776,1.0,0.0,4.591914,0.632599,2.536252,0.849995,,,0.184211,0.0
117,nlvo,178.5,0.078431,0.002801,1.0,0.478992,0.596491,0.970588,0.919192,1.0,0.296703,4.575451,0.476406,2.65998,0.904903,4.259857,0.671867,0.478992,0.701754,0.975,0.948718,1.0,0.0,4.741158,0.592574,2.795556,0.939538,,,0.07563,0.0
117,other,38.0,0.0,0.0,,0.539474,0.731707,1.0,0.866667,1.0,0.0,4.709705,0.490049,2.925981,1.048458,,,0.539474,0.780488,1.0,0.9375,1.0,0.0,4.772939,0.535577,2.982338,1.051071,,,0.0,0.0
117,mixed,273.5,0.08958,0.001828,1.0,0.493601,0.644444,0.982759,0.929825,1.0,0.301887,4.555603,0.479196,2.649378,0.897486,4.22502,0.621566,0.493601,0.744444,0.985075,0.944444,1.0,0.0,4.709834,0.595036,2.761572,0.943872,,,0.087751,0.0
118,lvo,93.0,0.424731,0.043011,0.875,0.677419,0.84127,1.0,0.981132,1.0,0.740385,4.417717,0.483403,2.71224,0.627092,3.441538,0.698635,0.677419,0.896825,1.0,0.982301,1.0,0.063063,4.495586,0.558907,2.730569,0.639307,,,0.413978,0.037634
118,nlvo,331.0,0.101208,0.0,,0.678248,0.556793,0.96,0.825,1.0,0.338384,4.614023,0.520842,3.434882,0.979048,3.516809,0.524446,0.678248,0.690423,0.987097,0.849673,1.0,0.0,4.822036,0.633852,3.651023,1.074465,,,0.101208,0.0
118,other,70.0,0.0,0.0,,0.678571,0.747368,0.957746,0.941176,1.0,0.0,4.482796,0.657253,3.166004,0.977223,,,0.678571,0.810526,0.974026,0.973333,1.0,0.0,4.575192,0.707684,3.215237,1.028767,,,0.0,0.0
118,mixed,494.0,0.147773,0.008097,0.875,0.678138,0.637313,0.969555,0.884058,1.0,0.393443,4.543471,0.542782,3.205694,0.950198,3.47656,0.62271,0.678138,0.746269,0.988,0.898785,1.0,0.015766,4.710244,0.64513,3.374312,1.054658,,,0.145749,0.007085
119,lvo,97.0,0.216495,0.036082,0.714286,0.865979,0.690476,0.965517,0.866071,1.0,0.42268,4.667373,0.472323,3.295259,0.841006,3.436252,0.609506,0.865979,0.797619,0.977612,0.931298,1.0,0.04918,4.800873,0.557481,3.38542,0.876395,,,0.21134,0.030928
119,nlvo,428.0,0.075935,0.002336,0.0,0.799065,0.454678,0.919614,0.793706,1.0,0.277533,4.740873,0.527778,3.596148,0.898394,3.372146,0.78972,0.799065,0.583333,0.937343,0.852941,1.0,0.003135,4.949365,0.611009,3.755289,0.929715,,,0.073598,0.001168
119,other,69.5,0.0,0.0,,0.820144,0.587719,0.940299,0.888889,1.0,0.0,4.597842,0.728603,3.315595,0.782766,,,0.820144,0.675439,0.948052,0.931507,1.0,0.0,4.733828,0.766718,3.433817,0.865678,,,0.0,0.0
119,mixed,594.5,0.089992,0.007569,0.555556,0.812447,0.511387,0.933198,0.824295,1.0,0.273684,4.704215,0.548604,3.484707,0.879598,3.397419,0.721573,0.812447,0.63147,0.947541,0.880623,1.0,0.013752,4.889538,0.626385,3.630859,0.924097,,,0.087468,0.005887
